,Volume of $SPX,$SPX,Volume of SPY,SPY,Volume of IBM,IBM,Daily_Delta,Symbol,Order,rolling_mean_20,direction of rolling mean,Market Indicator,rolling_std,upper_band,lower_band,Bull_Market,Bear_Market,long execute,long enter price,long exit,short execute,short enter price,short exit,shares,Shares,Cash,Trades,Cummulative_Value
2008-01-29,3476501861.0,1362.3,168968300.0,123.93,6616200,97.44,0.0,IBM,None,94.2735,0,,2.84537903312,99.9642580662,88.5827419338,0,0,0,0.0,0,0,0.0,0,0,0,10000.0,0.0,10000.0
2008-01-30,3968440096.0,1355.81,334939200.0,123.01,7431100,97.02,0.0,IBM,None,94.161,0,,2.67692459049,99.514849181,88.807150819,0,0,0,0.0,0,0,0.0,0,0,0,10000.0,0.0,10000.0
2008-01-31,4445281555.0,1378.55,343680800.0,125.26,9054600,98.36,1.38115852402,IBM,None,94.272,1,,2.80620853035,99.8844170607,88.6595829393,0,0,0,0.0,0,0,0.0,0,0,0,10000.0,0.0,10000.0
2008-02-01,4450979424.0,1395.42,206843600.0,127.27,8047100,100.17,1.84017893453,IBM,None,94.4635,1,,3.07278079955,100.609061599,88.3179384009,0,0,0,0.0,0,0,0.0,0,0,0,10000.0,0.0,10000.0
2008-02-04,3062680882.0,1380.82,124694300.0,125.67,5985500,99.12,-1.04821802935,IBM,None,94.776,1,0.6,3.21663668743,101.209273375,88.3427266251,0,0,0,0.0,0,0,0.0,0,0,0,10000.0,0.0,10000.0
2008-02-05,3580438084.0,1336.64,286882500.0,122.3,9048900,96.45,-2.69370460048,IBM,None,95.0045,1,0.8,3.16194056837,101.328381137,88.6806188633,70,0,0,0.0,0,0,0.0,0,0,0,10000.0,0.0,10000.0
2008-02-06,3453501811.0,1326.45,250792900.0,121.32,8265700,95.5,-0.984966303784,IBM,None,95.2985,1,1.0,2.89721694953,101.092933899,89.5040661009,70,0,0,0.0,0,0,0.0,0,0,0,10000.0,0.0,10000.0
2008-02-07,4043408032.0,1336.91,297368100.0,122.12,11255800,94.34,-1.21465968586,IBM,BUY,95.5015,1,1.0,2.65956718877,100.820634378,90.1823656225,70,0,1,94.34,0,0,0.0,0,100,100,566.0,9434.0,10000.0
2008-02-08,3195169934.0,1331.29,221643500.0,121.34,6085600,95.2,0.911596353615,IBM,None,95.6735,1,1.0,2.51200334185,100.697506684,90.6494933163,70,0,0,94.34,0,0,0.0,0,100,100,566.0,0.0,10086.0
2008-02-11,3003486390.0,1339.13,188576300.0,121.96,6098300,96.92,1.80672268908,IBM,None,96.0345,1,1.0,2.09206137326,100.218622747,91.8503772535,70,0,0,94.34,0,0,0.0,0,100,100,566.0,0.0,10258.0
2008-02-12,3184743023.0,1348.86,256654400.0,123.09,7650200,98.21,1.33099463475,IBM,None,96.2185,1,1.0,2.11448457076,100.447469142,91.9895308585,70,0,0,94.34,0,0,0.0,0,100,100,566.0,0.0,10387.0
2008-02-13,3062644028.0,1367.21,181967800.0,124.35,6608200,99.95,1.77171367478,IBM,None,96.54,1,1.0,2.17067537392,100.881350748,92.1986492522,70,0,0,94.34,0,0,0.0,0,100,100,566.0,0.0,10561.0
2008-02-14,2852327094.0,1348.86,215108500.0,123.25,7340600,97.84,-2.11105552776,IBM,None,96.7655,1,1.0,2.05059291811,100.866685836,92.6643141638,70,0,0,94.34,0,0,0.0,0,100,100,566.0,0.0,10350.0
2008-02-15,3046798400.0,1349.99,154110300.0,123.22,6235600,97.87,0.0306623058054,IBM,None,97.0165,1,1.0,1.84280185701,100.702103714,93.330896286,70,0,0,94.34,0,0,0.0,0,100,100,566.0,0.0,10353.0
2008-02-19,2861105869.0,1348.78,145190000.0,123.57,7376400,96.8,-1.09328701339,IBM,None,97.1085,1,1.0,1.77957497883,100.667649958,93.5493500423,70,0,0,94.34,0,0,0.0,0,100,100,566.0,0.0,10246.0
2008-02-20,3203717695.0,1360.03,220085700.0,123.94,7671000,99.42,2.70661157025,IBM,None,97.4315,1,1.0,1.55964326218,100.550786524,94.3122134756,70,0,0,94.34,0,0,0.0,0,100,100,566.0,0.0,10508.0
2008-02-21,3056214844.0,1342.53,201051200.0,122.91,8328000,98.57,-0.854958760813,IBM,None,97.488,1,1.0,1.5802984395,100.648596879,94.327403121,70,0,0,94.34,0,0,0.0,0,100,100,566.0,0.0,10423.0
2008-02-22,2934422068.0,1353.11,205491000.0,123.66,7917200,99.63,1.07537790403,IBM,None,97.5605,1,1.0,1.64562730001,100.8517546,94.2692454,70,0,0,94.34,0,0,0.0,0,100,100,566.0,0.0,10529.0
2008-02-25,3036551324.0,1371.8,190107000.0,125.22,8158000,101.48,1.85687042056,IBM,SELL,97.835,1,1.0,1.81865624193,101.472312484,94.1976875161,70,0,0,0.0,1,0,0.0,0,0,100,10714.0,-10148.0,10714.0
2008-02-26,3167905982.0,1381.29,212420700.0,126.16,18651500,105.44,3.90224674813,IBM,None,98.2865,1,1.0,2.45561713757,103.197734275,93.3752657249,70,0,0,0.0,0,0,0.0,0,0,100,10714.0,0.0,10714.0
2008-02-27,3157178309.0,1380.02,168395800.0,126.03,11854900,107.36,1.82094081942,IBM,None,98.7825,1,1.0,3.1727671386,105.128034277,92.4369657228,70,0,0,0.0,0,0,0.0,0,0,100,10714.0,0.0,10714.0
2008-02-28,3147416912.0,1367.68,170831100.0,124.8,7227200,106.24,-1.04321907601,IBM,None,99.2435,1,1.0,3.55053780211,106.344575604,92.1424243958,70,0,0,0.0,0,0,0.0,0,0,100,10714.0,0.0,10714.0
2008-02-29,3634163221.0,1330.63,252715200.0,122.02,8475100,104.96,-1.20481927711,IBM,None,99.5735,1,1.0,3.76437493938,107.102249879,92.0447501212,70,0,0,0.0,0,0,0.0,0,0,100,10714.0,0.0,10714.0
2008-03-03,3178159274.0,1331.34,189483500.0,121.73,6335700,105.3,0.323932926829,IBM,None,99.83,1,1.0,3.97598713331,107.781974267,91.8780257334,70,0,0,0.0,0,0,0.0,0,0,100,10714.0,0.0,10714.0
2008-03-04,3997376501.0,1326.75,282513100.0,121.26,8593300,106.67,1.30104463438,IBM,None,100.2075,1,1.0,4.25374370717,108.714987414,91.7000125857,70,0,0,0.0,0,0,0.0,0,0,100,10714.0,0.0,10714.0
2008-03-05,3493795400.0,1333.7,270681400.0,122.03,8434200,106.37,-0.281241211212,IBM,None,100.7035,1,1.0,4.36932883561,109.442157671,91.9648423288,70,0,0,0.0,0,0,0.0,0,0,100,10714.0,0.0,10714.0
2008-03-06,3356842411.0,1304.34,247911700.0,119.5,8018400,103.73,-2.48190279214,IBM,None,101.115,1,1.0,4.23908070968,109.593161419,92.6368385806,70,0,0,0.0,0,0,0.0,0,0,100,10714.0,0.0,10714.0
2008-03-07,3668140593.0,1293.37,326434600.0,118.27,8124900,105.04,1.26289405187,IBM,None,101.65,1,1.0,4.00793160988,109.66586322,93.6341367802,70,0,0,0.0,0,0,0.0,0,0,100,10714.0,0.0,10714.0
2008-03-10,3442053070.0,1273.37,235683300.0,116.71,9747300,105.1,0.057121096725,IBM,None,102.145,1,1.0,3.77391531994,109.69283064,94.5971693601,70,0,0,0.0,0,0,0.0,0,0,100,10714.0,0.0,10714.0
2008-03-11,4362268400.0,1320.65,341440600.0,120.91,10480600,107.39,2.17887725975,IBM,None,102.6685,1,1.0,3.73697495872,110.142449917,95.1945500826,70,0,0,0.0,0,0,0.0,0,0,100,10714.0,0.0,10714.0
2008-03-12,3502542570.0,1308.77,229161100.0,119.78,9083200,107.92,0.493528261477,IBM,None,103.154,1,1.0,3.7579423261,110.669884652,95.6381153478,70,0,0,0.0,0,0,0.0,0,0,100,10714.0,0.0,10714.0
2008-03-13,4223691013.0,1315.48,351504200.0,120.04,9548900,106.85,-0.99147516679,IBM,None,103.499,1,1.0,3.76503847747,111.029076955,95.9689230451,70,0,0,0.0,0,0,0.0,0,0,100,10714.0,0.0,10714.0
2008-03-14,4540935800.0,1288.14,484687800.0,118.18,9734600,106.23,-0.580252690688,IBM,None,103.9185,1,1.0,3.56333119574,111.045162391,96.7918376085,70,0,0,0.0,0,0,0.0,0,0,100,10714.0,0.0,10714.0
2008-03-17,4909783500.0,1276.6,405311100.0,116.99,9280300,106.52,0.272992563306,IBM,None,104.351,1,1.0,3.30622682063,110.963453641,97.7385463587,70,0,0,0.0,0,0,0.0,0,0,100,10714.0,0.0,10714.0
2008-03-18,4614069600.0,1330.74,334416600.0,121.85,9966500,109.16,2.47840781074,IBM,None,104.969,1,1.0,2.95725673022,110.88351346,99.0544865396,70,0,0,0.0,0,0,0.0,0,0,100,10714.0,0.0,10714.0
2008-03-19,4194101574.0,1298.42,345971600.0,118.83,9314400,107.8,-1.24587761085,IBM,None,105.388,1,1.0,2.71326100167,110.814522003,99.9614779967,70,0,0,0.0,0,0,0.0,0,0,100,10714.0,0.0,10714.0
2008-03-20,4839239300.0,1329.51,245320700.0,121.03,11417900,109.08,1.18738404453,IBM,None,105.9135,1,1.0,2.31126138949,110.536022779,101.290977221,70,0,0,0.0,0,0,0.0,0,0,100,10714.0,0.0,10714.0
2008-03-24,3522849324.0,1349.88,208977300.0,123.45,8398000,109.76,0.623395672901,IBM,None,106.42,1,1.0,1.94231278309,110.304625566,102.535374434,70,0,0,0.0,0,0,0.0,0,0,100,10714.0,0.0,10714.0
2008-03-25,3208608815.0,1352.99,192947200.0,123.57,8443600,108.75,-0.920189504373,IBM,None,106.7835,1,1.0,1.62321407934,110.029928159,103.537071841,70,0,0,0.0,0,0,0.0,0,0,100,10714.0,0.0,10714.0
2008-03-26,3269183720.0,1341.13,196934300.0,122.06,9617100,107.78,-0.891954022989,IBM,None,106.9005,1,1.0,1.60551508377,110.111530168,103.689469832,70,0,0,0.0,0,0,0.0,0,0,100,10714.0,0.0,10714.0
2008-03-27,3276669936.0,1325.76,225153200.0,121.67,8437200,106.49,-1.1968825385,IBM,BUY,106.857,0,0.8,1.60419548618,110.065390972,103.648609028,70,0,1,106.49,0,0,0.0,0,100,100,65.0,10649.0,10714.0
2008-03-28,2959860300.0,1315.22,180896100.0,120.51,6600900,105.62,-0.816978120011,IBM,None,106.826,0,0.6,1.62263074244,110.071261485,103.580738515,0,0,0,106.49,0,0,0.0,0,100,100,65.0,0.0,10627.0
2008-03-31,3292285325.0,1322.7,166692100.0,120.93,9707200,106.14,0.492330997917,IBM,None,106.885,1,0.6,1.57186948702,110.028738974,103.741261026,0,0,0,106.49,0,0,0.0,0,100,100,65.0,0.0,10679.0
2008-04-01,3801212162.0,1370.18,254547300.0,125.18,11875400,107.39,1.1776898436,IBM,None,106.9895,1,0.6,1.52986230891,110.049224618,103.929775382,0,0,0,106.49,0,0,0.0,0,100,100,65.0,0.0,10804.0
2008-04-02,3405022375.0,1367.53,210910800.0,125.26,8007600,105.84,-1.44333736847,IBM,None,106.948,0,0.4,1.55010899447,110.048217989,103.847782011,0,0,0,106.49,0,0,0.0,0,100,100,65.0,0.0,10649.0
2008-04-03,3063477608.0,1369.31,175884800.0,125.58,7052900,106.95,1.04875283447,IBM,None,106.977,1,0.6,1.54414036722,110.065280734,103.888719266,0,0,0,106.49,0,0,0.0,0,100,100,65.0,0.0,10760.0
2008-04-04,2976815700.0,1370.4,204446800.0,125.44,5733200,106.71,-0.224403927069,IBM,None,107.126,1,0.8,1.34530919944,109.816618399,104.435381601,70,0,0,106.49,0,0,0.0,0,100,100,65.0,0.0,10736.0
2008-04-07,2965662366.0,1372.54,154245500.0,125.5,6181200,107.22,0.477930840596,IBM,None,107.235,1,0.8,1.25251536391,109.740030728,104.729969272,70,0,0,106.49,0,0,0.0,0,100,100,65.0,0.0,10787.0
2008-04-08,2898661593.0,1365.54,148937300.0,125.37,7283300,107.19,-0.0279798545048,IBM,None,107.3395,1,0.8,1.14782391369,109.635147827,105.043852173,70,0,0,106.49,0,0,0.0,0,100,100,65.0,0.0,10784.0
2008-04-09,2851267613.0,1354.49,195610600.0,124.47,6819100,107.65,0.429144509749,IBM,None,107.3525,1,1.0,1.14989644843,109.652292897,105.052707103,70,0,0,106.49,0,0,0.0,0,100,100,65.0,0.0,10830.0
2008-04-10,3136318883.0,1360.55,192967800.0,124.64,9149300,109.5,1.71853228054,IBM,None,107.4315,1,1.0,1.24155791352,109.914615827,104.948384173,70,0,0,106.49,0,0,0.0,0,100,100,65.0,0.0,11015.0
2008-04-11,3122732460.0,1332.83,222973300.0,122.22,9556800,106.94,-2.33789954338,IBM,None,107.436,1,1.0,1.23950074839,109.915001497,104.956998503,70,0,0,106.49,0,0,0.0,0,100,100,65.0,0.0,10759.0
2008-04-14,2735514347.0,1328.32,160522000.0,121.81,7745600,108.12,1.1034224799,IBM,None,107.5305,1,1.0,1.21451083937,109.959521679,105.101478321,70,0,0,106.49,0,0,0.0,0,100,100,65.0,0.0,10877.0
2008-04-15,2851984900.0,1334.43,172389200.0,122.09,8642000,108.01,-0.101738808731,IBM,None,107.605,1,1.0,1.19480233996,109.99460468,105.21539532,70,0,0,106.49,0,0,0.0,0,100,100,65.0,0.0,10866.0
2008-04-16,3372312940.0,1364.71,189268900.0,125.4,19317700,111.06,2.82381260994,IBM,SELL,107.7,1,1.0,1.38529875174,110.470597503,104.929402497,70,0,0,0.0,1,0,0.0,0,0,100,11171.0,-11106.0,11171.0
2008-04-17,2908678090.0,1365.56,179665700.0,125.58,18999100,113.46,2.16099405727,IBM,None,107.983,1,1.0,1.89219755283,111.767395106,104.198604894,70,0,0,0.0,0,0,0.0,0,0,100,11171.0,0.0,11171.0
2008-04-18,3557872547.0,1390.33,218530600.0,126.89,12490800,114.68,1.0752688172,IBM,None,108.263,1,1.0,2.40729396014,113.07758792,103.44841208,70,0,0,0.0,0,0,0.0,0,0,100,11171.0,0.0,11171.0
2008-04-21,2732003909.0,1388.17,118587400.0,126.96,6952800,114.63,-0.043599581444,IBM,None,108.5065,1,1.0,2.78358019181,114.073660384,102.939339616,70,0,0,0.0,0,0,0.0,0,0,100,11171.0,0.0,11171.0
2008-04-22,2807360290.0,1375.94,162166100.0,126.4,5417500,114.01,-0.540870627235,IBM,None,108.7695,1,1.0,3.04409605457,114.857692109,102.681307891,70,0,0,0.0,0,0,0.0,0,0,100,11171.0,0.0,11171.0
2008-04-23,3419256500.0,1379.93,193309000.0,126.2,7593300,113.94,-0.0613981229717,IBM,None,109.0775,1,1.0,3.2437922495,115.565084499,102.589915501,70,0,0,0.0,0,0,0.0,0,0,100,11171.0,0.0,11171.0
2008-04-24,3683563500.0,1388.82,229381300.0,126.75,5996700,114.49,0.48271019835,IBM,None,109.4775,1,1.0,3.3975345163,116.272569033,102.682430967,70,0,0,0.0,0,0,0.0,0,0,100,11171.0,0.0,11171.0
2008-04-25,3143361500.0,1397.84,190788100.0,127.92,6313400,113.46,-0.899641890121,IBM,None,109.8695,1,1.0,3.38128202874,116.632064057,103.106935943,70,0,0,0.0,0,0,0.0,0,0,100,11171.0,0.0,11171.0
2008-04-28,2822952671.0,1396.37,105610200.0,127.95,5605200,112.18,-1.12815089018,IBM,None,110.1715,1,1.0,3.29938953684,116.770279074,103.572720926,70,0,0,0.0,0,0,0.0,0,0,100,11171.0,0.0,11171.0
2008-04-29,2880080443.0,1390.94,125514100.0,127.44,7226000,113.25,0.953824211089,IBM,None,110.4645,1,1.0,3.29957648798,117.063652976,103.865347024,70,0,0,0.0,0,0,0.0,0,0,100,11171.0,0.0,11171.0
2008-04-30,3512458087.0,1385.59,208395900.0,126.69,8128300,111.27,-1.74834437086,IBM,None,110.736,1,1.0,3.11740006382,116.970800128,104.501199872,70,0,0,0.0,0,0,0.0,0,0,100,11171.0,0.0,11171.0
2008-05-01,3510225105.0,1409.34,187279500.0,129.31,8230200,113.95,2.40855576526,IBM,None,111.086,1,1.0,3.06243350089,117.210867002,104.961132998,70,0,0,0.0,0,0,0.0,0,0,100,11171.0,0.0,11171.0
2008-05-02,3202914000.0,1413.9,181585500.0,129.67,6916600,113.56,-0.342255375165,IBM,None,111.4285,1,1.0,2.92733626896,117.283172538,105.573827462,70,0,0,0.0,0,0,0.0,0,0,100,11171.0,0.0,11171.0
2008-05-05,2943591634.0,1407.49,118504500.0,129.05,6359300,112.5,-0.933427263121,IBM,None,111.6925,1,1.0,2.7611913428,117.214882686,106.170117314,70,0,0,0.0,0,0,0.0,0,0,100,11171.0,0.0,11171.0
2008-05-06,3175056129.0,1418.26,179339800.0,130.17,5910400,113.22,0.64,IBM,None,111.994,1,1.0,2.56599298518,117.12598597,106.86201403,70,0,0,0.0,0,0,0.0,0,0,100,11171.0,0.0,11171.0
2008-05-07,3224787499.0,1392.57,199267300.0,127.85,11406800,114.91,1.49266913973,IBM,None,112.357,1,1.0,2.42898527655,117.214970553,107.499029447,70,0,0,0.0,0,0,0.0,0,0,100,11171.0,0.0,11171.0
2008-05-08,2865517385.0,1397.68,178321200.0,127.52,9794000,115.63,0.626577321382,IBM,None,112.6635,1,1.0,2.43624662782,117.535993256,107.791006744,70,0,0,0.0,0,0,0.0,0,0,100,11171.0,0.0,11171.0
2008-05-09,2595748686.0,1388.28,152588200.0,127.28,5502900,114.83,-0.691861973536,IBM,None,113.058,1,1.0,2.07228985983,117.20257972,108.91342028,70,0,0,0.0,0,0,0.0,0,0,100,11171.0,0.0,11171.0
2008-05-12,2627923285.0,1403.58,147865900.0,128.71,8666800,115.93,0.957937821127,IBM,None,113.4485,1,1.0,1.81235605599,117.073212112,109.823787888,70,0,0,0.0,0,0,0.0,0,0,100,11171.0,0.0,11171.0
2008-05-13,3306528176.0,1403.04,159132200.0,128.73,9693400,117.17,1.06961097214,IBM,None,113.9065,1,1.0,1.49534461791,116.897189236,110.915810764,70,0,0,0.0,0,0,0.0,0,0,100,11171.0,0.0,11171.0
2008-05-14,3269879100.0,1408.66,181910800.0,128.99,8888300,118.04,0.742510881625,IBM,None,114.2555,1,1.0,1.60643926286,117.468378526,111.042621474,70,0,0,0.0,0,0,0.0,0,0,100,11171.0,0.0,11171.0
2008-05-15,3168663100.0,1423.57,166927000.0,130.61,7227900,118.91,0.737038292104,IBM,None,114.528,1,1.0,1.89984376089,118.327687522,110.728312478,70,0,0,0.0,0,0,0.0,0,0,100,11171.0,0.0,11171.0
2008-05-16,3189400900.0,1425.35,204236800.0,130.73,6372100,118.31,-0.504583298293,IBM,None,114.7095,1,1.0,2.07998348931,118.869466979,110.549533021,70,0,0,0.0,0,0,0.0,0,0,100,11171.0,0.0,11171.0
2008-05-19,3012698500.0,1426.63,165664400.0,131.08,6385200,117.08,-1.03964161947,IBM,None,114.832,1,1.0,2.14614856993,119.12429714,110.53970286,70,0,0,0.0,0,0,0.0,0,0,100,11171.0,0.0,11171.0
2008-05-20,3193835500.0,1413.4,178552100.0,130.02,7017700,115.87,-1.03348138025,IBM,None,114.925,1,1.0,2.14895200897,119.222904018,110.627095982,70,0,0,0.0,0,0,0.0,0,0,100,11171.0,0.0,11171.0
2008-05-21,3582283600.0,1390.71,252724800.0,127.82,8333900,114.43,-1.24277207215,IBM,BUY,114.9495,1,1.0,2.13990524876,119.229310498,110.669689502,70,0,1,114.43,0,0,0.0,0,100,100,-272.0,11443.0,11171.0
2008-05-22,3055960600.0,1394.35,170820400.0,127.84,5031300,115.43,0.873896705409,IBM,None,114.9965,1,1.0,2.13960467327,119.275709347,110.717290653,70,0,0,114.43,0,0,0.0,0,100,100,-272.0,0.0,11271.0
2008-05-23,2858386400.0,1375.93,181376400.0,126.13,4701500,114.96,-0.40717317855,IBM,None,115.0715,1,1.0,2.10898148279,119.289462966,110.853537034,70,0,0,114.43,0,0,0.0,0,100,100,-272.0,0.0,11224.0
2008-05-27,2819251500.0,1385.35,168322900.0,127.06,6989200,117.85,2.51391788448,IBM,None,115.355,1,1.0,2.08073999994,119.51648,111.19352,70,0,0,114.43,0,0,0.0,0,100,100,-272.0,0.0,11513.0
2008-05-28,3065234100.0,1390.84,181288100.0,127.65,9875600,119.91,1.74798472635,IBM,None,115.688,1,1.0,2.25200869401,120.192017388,111.183982612,70,0,0,114.43,0,0,0.0,0,100,100,-272.0,0.0,11719.0
2008-05-29,2954424900.0,1398.26,173927200.0,128.29,7561500,120.06,0.125093820365,IBM,None,116.1275,1,1.0,2.20157569171,120.530651383,111.724348617,70,0,0,114.43,0,0,0.0,0,100,100,-272.0,0.0,11734.0
2008-05-30,2987596800.0,1400.38,117362000.0,128.61,8652900,119.8,-0.216558387473,IBM,None,116.42,1,1.0,2.28411447773,120.988228955,111.851771045,70,0,0,114.43,0,0,0.0,0,100,100,-272.0,0.0,11708.0
2008-06-02,2976618900.0,1385.67,181069900.0,127.28,7599300,117.89,-1.59432387312,IBM,None,116.6365,1,1.0,2.20251357604,121.041527152,112.231472848,70,0,0,114.43,0,0,0.0,0,100,100,-272.0,0.0,11517.0
2008-06-03,3606553900.0,1377.65,271965700.0,126.54,7238200,118.33,0.373229281534,IBM,None,116.928,1,1.0,2.00299932995,120.93399866,112.92200134,70,0,0,114.43,0,0,0.0,0,100,100,-272.0,0.0,11561.0
2008-06-04,3529209000.0,1377.2,246637700.0,126.47,6432300,118.06,-0.228175441562,IBM,None,117.17,1,1.0,1.81498151361,120.799963027,113.540036973,70,0,0,114.43,0,0,0.0,0,100,100,-272.0,0.0,11534.0
2008-06-05,3436026500.0,1404.05,237867100.0,129.0,6153300,118.92,0.728443164493,IBM,None,117.3705,1,1.0,1.77319062709,120.916881254,113.824118746,70,0,0,114.43,0,0,0.0,0,100,100,-272.0,0.0,11620.0
2008-06-06,4030107200.0,1360.68,384077400.0,124.89,7866700,115.65,-2.74974772957,IBM,None,117.3715,1,1.0,1.77216274351,120.915825487,113.827174513,70,0,0,114.43,0,0,0.0,0,100,100,-272.0,0.0,11293.0
2008-06-09,3685720600.0,1361.76,228263900.0,125.19,5584000,116.5,0.734976221358,IBM,None,117.455,1,1.0,1.68322216065,120.821444321,114.088555679,70,0,0,114.43,0,0,0.0,0,100,100,-272.0,0.0,11378.0
2008-06-10,3636614100.0,1358.44,260138500.0,124.57,5384200,116.57,0.0600858369099,IBM,None,117.487,1,1.0,1.65860784998,120.8042157,114.1697843,70,0,0,114.43,0,0,0.0,0,100,100,-272.0,0.0,11385.0
2008-06-11,3867312400.0,1335.49,283890100.0,122.73,7207200,114.08,-2.13605558892,IBM,None,117.3325,0,0.8,1.82523790807,120.982975816,113.682024184,70,0,0,114.43,0,0,0.0,0,100,100,-272.0,0.0,11136.0
2008-06-12,4064100500.0,1339.87,252791800.0,123.2,6748600,114.64,0.490883590463,IBM,None,117.1625,0,0.6,1.91214091916,120.986781838,113.338218162,0,0,0,114.43,0,0,0.0,0,100,100,-272.0,0.0,11192.0
2008-06-13,3618031100.0,1360.03,244726900.0,124.76,6379600,116.77,1.85799023029,IBM,None,117.0555,0,0.4,1.86858650491,120.79267301,113.31832699,0,0,0,114.43,0,0,0.0,0,100,100,-272.0,0.0,11405.0
2008-06-16,3074462300.0,1360.14,185832500.0,124.83,6280200,117.29,0.445319859553,IBM,SELL,117.0045,0,0.2,1.84633199672,120.697163993,113.311836007,0,70,0,0.0,1,0,0.0,0,0,100,11457.0,-11729.0,11457.0
2008-06-17,3039834700.0,1350.93,191707700.0,124.23,5277900,115.8,-1.27035552903,IBM,None,116.9405,0,0.0,1.86566052928,120.671821059,113.209178941,0,70,0,0.0,0,0,0.0,0,0,100,11457.0,0.0,11457.0
2008-06-18,3839114000.0,1337.81,265893000.0,123.02,6614700,114.93,-0.751295336788,IBM,None,116.8935,0,0.0,1.90546381976,120.70442764,113.08257236,0,70,0,0.0,0,0,0.0,0,0,100,11457.0,0.0,11457.0
2008-06-19,3899843400.0,1342.83,304204900.0,123.17,7570200,115.72,0.687374923867,IBM,None,116.958,1,0.2,1.83833620429,120.634672409,113.281327591,0,70,0,0.0,0,0,0.0,0,0,100,11457.0,0.0,11457.0
2008-06-20,4484523200.0,1317.93,289275700.0,121.18,9624900,113.61,-1.82336674732,IBM,None,116.867,0,0.2,1.95903870089,120.785077402,112.948922598,0,70,0,0.0,0,0,0.0,0,0,100,11457.0,0.0,11457.0
2008-06-23,3397127500.0,1318.0,165096400.0,121.06,5852300,114.28,0.589736818942,IBM,None,116.833,0,0.2,1.99936331971,120.831726639,112.834273361,0,70,0,0.0,0,0,0.0,0,0,100,11457.0,0.0,11457.0
2008-06-24,3835007800.0,1314.29,267300600.0,120.82,7552900,114.28,0.0,IBM,None,116.6545,0,0.2,2.06216410343,120.778828207,112.530171793,0,70,0,0.0,0,0,0.0,0,0,100,11457.0,0.0,11457.0
2008-06-25,3884489500.0,1321.97,287853900.0,121.39,7131500,115.32,0.910045502275,IBM,None,116.425,0,0.2,1.93209866807,120.289197336,112.560802664,0,70,0,0.0,0,0,0.0,0,0,100,11457.0,0.0,11457.0
2008-06-26,4269199500.0,1283.15,297775000.0,118.09,9710600,112.12,-2.7748872702,IBM,None,116.028,0,0.0,1.96140014437,119.950800289,112.105199711,0,70,0,0.0,0,0,0.0,0,0,100,11457.0,0.0,11457.0
2008-06-27,4562715400.0,1278.38,303423400.0,117.45,11660400,111.12,-0.891901534071,IBM,None,115.594,0,0.0,2.04151749545,119.677034991,111.510965009,0,70,0,0.0,0,0,0.0,0,0,100,11457.0,0.0,11457.0
2008-06-30,4051360000.0,1280.0,258842600.0,117.86,8439000,109.72,-1.25989920806,IBM,None,115.1855,0,0.0,2.35173950178,119.888979004,110.482020996,0,70,0,0.0,0,0,0.0,0,0,100,11457.0,0.0,11457.0
2008-07-01,4833260400.0,1284.91,388622000.0,118.23,10069400,110.4,0.619759387532,IBM,None,114.789,0,0.0,2.4596938192,119.708387638,109.869612362,0,70,0,0.0,0,0,0.0,0,0,100,11457.0,0.0,11457.0
2008-07-02,4168925000.0,1261.52,288064600.0,116.2,8093200,110.24,-0.144927536232,IBM,None,114.398,0,0.0,2.53281744516,119.46363489,109.33236511,0,70,0,0.0,0,0,0.0,0,0,100,11457.0,0.0,11457.0
2008-07-03,2515360800.0,1262.9,239352500.0,116.32,6115200,110.65,0.371915820029,IBM,None,113.9845,0,0.0,2.42863937433,118.841778749,109.127221251,0,70,0,0.0,0,0,0.0,0,0,100,11457.0,0.0,11457.0
2008-07-07,4369858400.0,1252.31,372427300.0,115.13,9131100,112.46,1.63578852237,IBM,None,113.825,0,0.0,2.41823010528,118.661460211,108.988539789,0,70,0,0.0,0,0,0.0,0,0,100,11457.0,0.0,11457.0
2008-07-08,4860435700.0,1273.7,375973700.0,117.18,9813300,114.67,1.96514316201,IBM,SELL,113.7335,0,0.0,2.34520625285,118.423912506,109.043087494,0,70,0,0.0,0,1,114.67,0,-100,100,22924.0,-11467.0,11457.0
2008-07-09,4383177300.0,1244.69,336729400.0,114.92,9506700,111.45,-2.80805790529,IBM,None,113.4775,0,0.0,2.29825763523,118.07401527,108.88098473,0,70,0,0.0,0,0,114.67,0,-100,100,22924.0,0.0,11779.0
2008-07-10,4854139500.0,1253.39,436475700.0,115.39,10053600,114.02,2.30596680126,IBM,None,113.4745,0,0.0,2.29746880169,118.069437603,108.879562397,0,70,0,0.0,0,0,114.67,0,-100,100,22924.0,0.0,11522.0
2008-07-11,5597544400.0,1239.49,481124600.0,114.05,8841400,113.04,-0.859498333626,IBM,None,113.3945,0,0.0,2.28255737231,117.959614745,108.829385255,0,70,0,0.0,0,0,114.67,0,-100,100,22924.0,0.0,11620.0
2008-07-14,4543494800.0,1228.3,322720800.0,113.02,8317400,112.5,-0.477707006369,IBM,None,113.181,0,0.0,2.14581330428,117.472626609,108.889373391,0,70,0,0.0,0,0,114.67,0,-100,100,22924.0,0.0,11674.0
2008-07-15,6323831500.0,1214.91,502502500.0,111.42,10710500,114.04,1.36888888889,IBM,None,113.0185,0,0.0,1.93052563063,116.879551261,109.157448739,0,70,0,0.0,0,0,114.67,0,-100,100,22924.0,0.0,11520.0
2008-07-16,5534893800.0,1245.36,371642900.0,114.16,9898800,116.57,2.21851981761,IBM,BUY,113.057,1,0.2,1.99550046486,117.04800093,109.06599907,0,70,0,0.0,0,0,114.67,1,0,100,11267.0,11657.0,11267.0
2008-07-17,6085597300.0,1260.32,375490600.0,115.3,12298200,117.11,0.46324097109,IBM,None,113.166,1,0.4,2.15625747901,117.478514958,108.853485042,0,0,0,0.0,0,0,114.67,0,0,100,11267.0,0.0,11267.0
2008-07-18,4850896400.0,1260.68,267030100.0,116.02,18317800,120.23,2.66416189907,IBM,None,113.3915,1,0.6,2.62277128445,118.637042569,108.145957431,0,0,0,0.0,0,0,114.67,0,0,100,11267.0,0.0,11267.0
2008-07-21,3912713400.0,1260.0,222863000.0,116.08,7779600,119.09,-0.948182649921,IBM,None,113.6655,1,0.8,2.91658862552,119.498677251,107.832322749,70,0,0,0.0,0,0,114.67,0,0,100,11267.0,0.0,11267.0
2008-07-22,5213062100.0,1277.0,296904200.0,117.4,11428600,120.33,1.04122932236,IBM,None,113.968,1,1.0,3.27535550501,120.51871101,107.41728899,70,0,0,0.0,0,0,114.67,0,0,100,11267.0,0.0,11267.0
2008-07-23,5511443600.0,1282.19,311698400.0,118.03,10230300,119.89,-0.365661098645,IBM,None,114.2485,1,1.0,3.53352556164,121.315551123,107.181448877,70,0,0,0.0,0,0,114.67,0,0,100,11267.0,0.0,11267.0
2008-07-24,5021457000.0,1252.54,248634500.0,115.59,8946300,120.33,0.367003086162,IBM,None,114.499,1,1.0,3.78231188004,122.06362376,106.93437624,70,0,0,0.0,0,0,114.67,0,0,100,11267.0,0.0,11267.0
2008-07-25,3827519400.0,1257.76,219131000.0,115.56,7565500,118.97,-1.13022521399,IBM,None,114.8415,1,1.0,3.86479287251,122.571085745,107.111914255,70,0,0,0.0,0,0,114.67,0,0,100,11267.0,0.0,11267.0
2008-07-28,3615825200.0,1234.37,205201300.0,113.86,6096800,116.86,-1.77355635875,IBM,None,115.1285,1,1.0,3.78621637967,122.700932759,107.556067241,70,0,0,0.0,0,0,114.67,0,0,100,11267.0,0.0,11267.0
2008-07-29,4375477800.0,1263.2,261505600.0,116.29,5979400,118.17,1.12099948657,IBM,None,115.551,1,1.0,3.61867946254,122.788358925,108.313641075,70,0,0,0.0,0,0,114.67,0,0,100,11267.0,0.0,11267.0
2008-07-30,4400320300.0,1284.26,354710000.0,118.37,5826100,119.28,0.939324701701,IBM,None,115.995,1,1.0,3.49610234103,122.987204682,109.002795318,70,0,0,0.0,0,0,114.67,0,0,100,11267.0,0.0,11267.0
2008-07-31,4377089900.0,1267.38,277402100.0,116.8,5857300,118.46,-0.687458081824,IBM,None,116.406,1,1.0,3.25907381096,122.924147622,109.887852378,70,0,0,0.0,0,0,114.67,0,0,100,11267.0,0.0,11267.0
2008-08-01,3737466300.0,1260.31,248690900.0,116.18,4939700,117.22,-1.04676684113,IBM,None,116.7345,1,1.0,2.96632410303,122.667148206,110.801851794,70,0,0,0.0,0,0,114.67,0,0,100,11267.0,0.0,11267.0
2008-08-04,3460897300.0,1249.01,188239600.0,115.11,5994900,118.07,0.725132229995,IBM,None,117.015,1,1.0,2.80151368859,122.618027377,111.411972623,70,0,0,0.0,0,0,114.67,0,0,100,11267.0,0.0,11267.0
2008-08-05,4289026000.0,1284.88,251577600.0,118.21,6969900,119.29,1.03328533921,IBM,None,117.246,1,1.0,2.78842041684,122.822840834,111.669159166,70,0,0,0.0,0,0,114.67,0,0,100,11267.0,0.0,11267.0
2008-08-06,4069899100.0,1289.19,209555400.0,118.73,6253800,120.02,0.611954061531,IBM,None,117.6745,1,1.0,2.4937785218,122.662057044,112.686942956,70,0,0,0.0,0,0,114.67,0,0,100,11267.0,0.0,11267.0
2008-08-07,4452758500.0,1266.07,246312500.0,116.97,6633500,119.92,-0.0833194467589,IBM,None,117.9695,1,1.0,2.38532900743,122.740158015,113.198841985,70,0,0,0.0,0,0,114.67,0,0,100,11267.0,0.0,11267.0
2008-08-08,3977489400.0,1296.32,260811700.0,119.14,8561800,119.7,-0.183455637091,IBM,None,118.3025,1,1.0,2.10991363006,122.52232726,114.08267274,70,0,0,0.0,0,0,114.67,0,0,100,11267.0,0.0,11267.0
2008-08-11,3885672200.0,1305.32,249425800.0,120.37,7490400,117.64,-1.72096908939,IBM,BUY,118.5595,1,1.0,1.62273153404,121.804963068,115.314036932,70,0,1,117.64,0,0,114.67,0,100,100,-497.0,11764.0,11267.0
2008-08-12,3566647500.0,1289.59,213200800.0,119.12,6996800,116.36,-1.08806528392,IBM,None,118.6755,1,1.0,1.34114434641,121.357788693,115.993211307,70,0,0,117.64,0,0,114.67,0,100,100,-497.0,0.0,11139.0
2008-08-13,3678548300.0,1285.83,256393200.0,118.4,5857800,116.9,0.464077002406,IBM,None,118.692,1,1.0,1.31566513097,121.323330262,116.060669738,70,0,0,117.64,0,0,114.67,0,100,100,-497.0,0.0,11193.0
2008-08-14,3169369600.0,1292.93,239555300.0,119.3,6813000,117.96,0.906757912746,IBM,None,118.7345,1,1.0,1.27497151671,121.284443033,116.184556967,70,0,0,117.64,0,0,114.67,0,100,100,-497.0,0.0,11299.0
2008-08-15,3183170200.0,1298.2,181000800.0,119.88,5566200,117.42,-0.457782299084,IBM,None,118.594,0,0.8,1.25618637571,121.106372751,116.081627249,70,0,0,117.64,0,0,114.67,0,100,100,-497.0,0.0,11245.0
2008-08-18,3056777400.0,1278.6,172275100.0,118.24,5970000,115.77,-1.40521205927,IBM,SELL,118.428,0,0.6,1.39849392675,121.224987854,115.631012146,0,0,0,0.0,1,0,114.67,0,0,100,11080.0,-11577.0,11080.0
2008-08-19,3278792100.0,1266.69,194673700.0,116.95,9311600,113.89,-1.62390947568,IBM,None,118.106,0,0.4,1.65532760313,121.416655206,114.795344794,0,0,0,0.0,0,0,114.67,0,0,100,11080.0,0.0,11080.0
2008-08-20,3599261000.0,1274.54,225498200.0,117.49,6871600,113.84,-0.0439020107121,IBM,None,117.8035,0,0.2,1.85313468423,121.509769368,114.097230632,0,70,0,0.0,0,0,114.67,0,0,100,11080.0,0.0,11080.0
2008-08-21,3145589300.0,1277.72,180609800.0,117.69,6315000,114.29,0.395291637386,IBM,None,117.5015,0,0.0,1.91098562335,121.323471247,113.679528753,0,70,0,0.0,0,0,114.67,0,0,100,11080.0,0.0,11080.0
2008-08-22,2992914500.0,1292.2,167715300.0,119.4,5989200,116.09,1.57494093971,IBM,None,117.3575,0,0.0,1.9029972896,121.163494579,113.551505421,0,70,0,0.0,0,0,114.67,0,0,100,11080.0,0.0,11080.0
2008-08-25,2790030000.0,1266.84,171936900.0,116.98,5827400,114.17,-1.65388922388,IBM,None,117.223,0,0.0,2.03078180434,121.284563609,113.161436391,0,70,0,0.0,0,0,114.67,0,0,100,11080.0,0.0,11080.0
2008-08-26,2776949400.0,1271.51,159117200.0,117.32,6218200,113.83,-0.297801524043,IBM,None,117.006,0,0.0,2.15249280212,121.310985604,112.701014396,0,70,0,0.0,0,0,114.67,0,0,100,11080.0,0.0,11080.0
2008-08-27,2691944000.0,1281.66,171032800.0,118.46,5843800,114.65,0.720372485285,IBM,None,116.7745,0,0.0,2.14401363654,121.062527273,112.486472727,0,70,0,0.0,0,0,114.67,0,0,100,11080.0,0.0,11080.0
2008-08-28,3086382000.0,1300.68,167409100.0,119.9,5448200,115.76,0.968163977322,IBM,None,116.6395,0,0.0,2.11713429701,120.873768594,112.405231406,0,70,0,0.0,0,0,114.67,0,0,100,11080.0,0.0,11080.0
2008-08-29,2859087200.0,1282.83,189195800.0,118.61,7156000,113.12,-2.2805805114,IBM,None,116.4345,0,0.0,2.25216030793,120.938820616,111.930179384,0,70,0,0.0,0,0,114.67,0,0,100,11080.0,0.0,11080.0
2008-09-02,3851220100.0,1277.58,252364900.0,117.87,11749800,110.03,-2.73161244696,IBM,None,116.0325,0,0.0,2.63061904862,121.293738097,110.771261903,0,70,0,0.0,0,0,114.67,0,0,100,11080.0,0.0,11080.0
2008-09-03,3979038200.0,1274.98,251947000.0,117.77,11316600,109.97,-0.0545305825684,IBM,None,115.5665,0,0.0,2.84033407042,121.247168141,109.885831859,0,70,0,0.0,0,0,114.67,0,0,100,11080.0,0.0,11080.0
2008-09-04,4283878500.0,1236.83,340042500.0,114.22,10133800,106.86,-2.828044012,IBM,None,114.9085,0,0.0,3.24923193353,121.406963867,108.410036133,0,70,0,0.0,0,0,114.67,0,0,100,11080.0,0.0,11080.0
2008-09-05,4074428100.0,1242.31,289503400.0,114.58,8811400,106.24,-0.580198390417,IBM,None,114.2245,0,0.0,3.56343488195,121.351369764,107.097630236,0,70,0,0.0,0,0,114.67,0,0,100,11080.0,0.0,11080.0
2008-09-08,6201569200.0,1267.79,364075300.0,116.95,10452800,108.99,2.58847891566,IBM,None,113.689,0,0.0,3.5014807394,120.691961479,106.686038521,0,70,0,0.0,0,0,114.67,0,0,100,11080.0,0.0,11080.0
2008-09-09,5940149300.0,1224.51,377326800.0,113.48,8106300,106.9,-1.91760711992,IBM,None,113.152,0,0.0,3.68253145197,120.517062904,105.786937096,0,70,0,0.0,0,0,114.67,0,0,100,11080.0,0.0,11080.0
2008-09-10,5266574600.0,1232.04,298916600.0,113.94,11852200,109.69,2.60991580917,IBM,None,112.8185,0,0.0,3.67874016622,120.175980332,105.461019668,0,70,0,0.0,0,0,114.67,0,0,100,11080.0,0.0,11080.0
2008-09-11,5717554000.0,1249.05,375369400.0,115.59,9737400,110.77,0.984592943751,IBM,None,112.512,0,0.0,3.57467937465,119.661358749,105.362641251,0,70,0,0.0,0,0,114.67,0,0,100,11080.0,0.0,11080.0
2008-09-12,5192825300.0,1251.7,297851200.0,116.12,6635100,110.55,-0.198609731877,IBM,None,112.1415,0,0.0,3.35772208969,118.856944179,105.426055821,0,70,0,0.0,0,0,114.67,0,0,100,11080.0,0.0,11080.0
2008-09-15,7055554900.0,1192.7,483607000.0,110.59,9908300,107.04,-3.1750339213,IBM,None,111.6225,0,0.0,3.30061537325,118.223730746,105.021269254,0,70,0,0.0,0,0,114.67,0,0,100,11080.0,0.0,11080.0
2008-09-16,8057009900.0,1213.6,581744300.0,112.44,13673200,107.84,0.747384155456,IBM,None,111.226,0,0.0,3.25211251181,117.730225024,104.721774976,0,70,0,0.0,0,0,114.67,0,0,100,11080.0,0.0,11080.0
2008-09-17,7835563900.0,1156.39,624095600.0,107.39,12298000,103.58,-3.95029673591,IBM,None,110.7105,0,0.0,3.60553737144,117.921574743,103.499425257,0,70,0,0.0,0,0,114.67,0,0,100,11080.0,0.0,11080.0
2008-09-18,8796969500.0,1206.51,776114700.0,110.58,15995000,106.97,3.27283259316,IBM,None,110.367,0,0.0,3.61892554569,117.604851091,103.129148909,0,70,0,0.0,0,0,114.67,0,0,100,11080.0,0.0,11080.0
2008-09-19,7098670200.0,1255.08,501087800.0,114.97,14432600,110.44,3.24390015892,IBM,SELL,110.1745,0,0.0,3.49969994954,117.173899899,103.175100101,0,70,0,0.0,0,1,110.44,0,-100,100,22124.0,-11044.0,11080.0
2008-09-22,4370310800.0,1207.09,249966500.0,112.36,8844000,107.99,-2.21839913075,IBM,None,109.7695,0,0.0,3.23800210494,116.24550421,103.29349579,0,70,0,0.0,0,0,110.44,0,-100,100,22124.0,0.0,11325.0
2008-09-23,4313566300.0,1188.22,327470400.0,109.81,8012800,107.2,-0.73154921752,IBM,None,109.421,0,0.0,3.11209338921,115.645186778,103.196813222,0,70,0,0.0,0,0,110.44,0,-100,100,22124.0,0.0,11404.0
2008-09-24,4118240300.0,1185.87,311818400.0,110.16,6574100,108.22,0.951492537313,IBM,None,109.1405,0,0.0,2.9419550875,115.024410175,103.256589825,0,70,0,0.0,0,0,110.44,0,-100,100,22124.0,0.0,11302.0
2008-09-25,5219817600.0,1209.18,328253000.0,111.88,6539200,111.61,3.13250785437,IBM,BUY,108.9885,0,0.0,2.71185171734,114.412203435,103.564796565,0,70,0,0.0,0,0,110.44,1,0,100,10963.0,11161.0,10963.0
2008-09-26,4624259300.0,1213.27,285917400.0,111.94,4760500,110.97,-0.573425320312,IBM,SELL,108.749,0,0.0,2.25545630813,113.259912616,104.238087384,0,70,0,0.0,0,1,110.97,0,-100,100,22060.0,-11097.0,10963.0
2008-09-29,6070764900.0,1106.42,459562300.0,103.17,9586700,106.36,-4.15427593043,IBM,None,108.411,0,0.0,2.06437680159,112.539753603,104.282246397,0,70,0,0.0,0,0,110.97,0,-100,100,22060.0,0.0,11424.0
2008-09-30,5209615000.0,1166.36,328154400.0,107.44,18991900,108.68,2.18127115457,IBM,None,108.3435,0,0.0,2.03044531025,112.40439062,104.28260938,0,70,0,0.0,0,0,110.97,0,-100,100,22060.0,0.0,11192.0
2008-10-01,4991111600.0,1161.06,332783000.0,107.5,13134400,102.34,-5.83364004417,IBM,None,107.962,0,0.0,2.39316042966,112.748320859,103.175679141,0,70,0,0.0,0,0,110.97,0,-100,100,22060.0,0.0,11826.0
2008-10-02,5181754100.0,1114.28,365337800.0,103.6,11458200,97.33,-4.89544655071,IBM,None,107.4855,0,0.0,3.37249786391,114.230495728,100.740504272,0,70,0,0.0,0,0,110.97,0,-100,100,22060.0,0.0,12327.0
2008-10-03,5754710900.0,1099.23,461798000.0,102.2,9637900,96.12,-1.24319326004,IBM,BUY,106.9795,0,0.0,4.22152189444,115.422543789,98.5364562111,0,70,0,0.0,0,0,110.97,1,0,100,12448.0,9612.0,12448.0
2008-10-06,6474661500.0,1056.89,610637500.0,97.0,11521400,93.5,-2.72575946733,IBM,None,106.205,0,0.0,5.15170641122,116.508412822,95.9015871776,0,70,0,0.0,0,0,110.97,0,0,100,12448.0,0.0,12448.0
2008-10-07,5845846100.0,996.23,540012100.0,92.65,11416100,88.88,-4.94117647059,IBM,None,105.304,0,0.0,6.43877268462,118.181545369,92.4264546308,0,70,0,0.0,0,0,110.97,0,0,100,12448.0,0.0,12448.0
2008-10-08,7086781000.0,984.94,725414800.0,90.32,17980400,84.14,-5.33303330333,IBM,None,104.0265,0,0.0,7.8931544458,119.812808892,88.2401911084,0,70,0,0.0,0,0,110.97,0,0,100,12448.0,0.0,12448.0
2008-10-09,6975819900.0,909.92,534485200.0,84.01,21293600,82.7,-1.71143332541,IBM,None,102.623,0,0.0,9.04283496535,120.708669931,84.5373300693,0,70,0,0.0,0,0,110.97,0,0,100,12448.0,0.0,12448.0
2008-10-10,9695395100.0,899.22,871026300.0,81.97,24637400,81.54,-1.40266021765,IBM,None,101.1725,0,0.0,9.98224997051,121.136999941,81.208000059,0,70,0,0.0,0,0,110.97,0,0,100,12448.0,0.0,12448.0
2008-10-13,6023890300.0,1003.35,455584000.0,93.88,17101600,85.68,5.07726269316,IBM,None,100.1045,0,0.0,10.4529988017,121.010497603,79.1985023967,0,70,0,0.0,0,0,110.97,0,0,100,12448.0,0.0,12448.0
2008-10-14,6808611700.0,998.01,546268300.0,92.49,15114200,86.98,1.5172735761,IBM,None,99.0615,0,0.0,10.6787936806,120.419087361,77.7039126387,0,70,0,0.0,0,0,110.97,0,0,100,12448.0,0.0,12448.0
2008-10-15,5496847100.0,907.84,484627500.0,83.38,11330800,82.04,-5.67946654403,IBM,None,97.9845,0,0.0,11.2689888749,120.52247775,75.4465222502,0,70,0,0.0,0,0,110.97,0,0,100,12448.0,0.0,12448.0
2008-10-16,6700736300.0,946.43,708811200.0,86.85,16271300,85.04,3.65675280351,IBM,None,96.888,0,0.0,11.4146413827,119.717282765,74.0587172347,0,70,0,0.0,0,0,110.97,0,0,100,12448.0,0.0,12448.0
2008-10-17,5544230000.0,940.55,476649000.0,86.34,15230700,84.36,-0.799623706491,IBM,None,95.584,0,0.0,11.2737993409,118.131598682,73.0364013182,0,70,0,0.0,0,0,110.97,0,0,100,12448.0,0.0,12448.0
2008-10-20,4377613100.0,985.4,321158800.0,91.52,9747100,85.96,1.89663347558,IBM,None,94.4825,0,0.0,11.0722958562,116.627091712,72.3379082877,0,70,0,0.0,0,0,110.97,0,0,100,12448.0,0.0,12448.0
2008-10-21,4379700900.0,955.05,356502000.0,88.79,9716400,82.57,-3.94369474174,IBM,None,93.251,0,0.0,10.9524329909,115.155865982,71.3461340181,0,70,0,0.0,0,0,110.97,0,0,100,12448.0,0.0,12448.0
2008-10-22,5270298900.0,896.78,516168000.0,83.96,14198100,77.68,-5.92224778975,IBM,None,91.724,0,0.0,10.884345301,113.492690602,69.955309398,0,70,0,0.0,0,0,110.97,0,0,100,12448.0,0.0,12448.0
2008-10-23,5967495600.0,908.11,634666400.0,84.93,12358000,78.38,0.901132852729,IBM,None,90.0625,0,0.0,10.2039934778,110.470486956,69.6545130444,0,70,0,0.0,0,0,110.97,0,0,100,12448.0,0.0,12448.0
2008-10-24,5550127100.0,876.77,545812600.0,80.62,12287300,76.26,-2.70477162541,IBM,None,88.327,0,0.0,9.37930089416,107.085601788,69.5683982117,0,70,0,0.0,0,0,110.97,0,0,100,12448.0,0.0,12448.0
2008-10-27,4644005100.0,848.92,397288600.0,77.76,11099100,74.02,-2.93731969578,IBM,None,86.71,0,0.0,8.88126887568,104.472537751,68.9474622486,0,70,0,0.0,0,0,110.97,0,0,100,12448.0,0.0,12448.0
2008-10-28,5871535500.0,940.51,639939500.0,86.85,14205900,81.1,9.56498243718,IBM,None,85.331,0,0.0,7.28885298896,99.9087059779,70.7532940221,0,70,0,0.0,0,0,110.97,0,0,100,12448.0,0.0,12448.0
2008-10-29,5752151700.0,930.09,531270100.0,86.22,12692000,81.96,1.06041923551,IBM,None,84.312,0,0.0,6.11602949977,96.5440589995,72.0799410005,0,70,0,0.0,0,0,110.97,0,0,100,12448.0,0.0,12448.0
2008-10-30,5059776200.0,954.09,414582100.0,89.2,12033800,84.27,2.81844802343,IBM,SELL,83.659,0,0.0,5.29506115466,94.2491223093,73.0688776907,0,70,0,0.0,0,1,84.27,0,-100,100,20875.0,-8427.0,12448.0
2008-10-31,5213540100.0,968.75,411394000.0,89.69,10506300,86.39,2.51572327044,IBM,BUY,83.1725,0,0.0,4.47310074369,92.1187014874,74.2262985126,0,70,0,0.0,0,0,84.27,1,0,100,12236.0,8639.0,12236.0
2008-11-03,3573823300.0,966.3,205419400.0,89.95,7686300,86.12,-0.312536173168,IBM,SELL,82.8035,0,0.0,3.83523316384,90.4739663277,75.1330336723,0,70,0,0.0,0,1,86.12,0,-100,100,20848.0,-8612.0,12236.0
2008-11-04,4488508600.0,1005.75,346793400.0,93.01,10173000,86.79,0.777984208082,IBM,None,82.699,0,0.0,3.68654152575,90.0720830515,75.3259169485,0,70,0,0.0,0,0,86.12,0,-100,100,20848.0,0.0,12169.0
2008-11-05,4493451700.0,952.77,387844100.0,89.1,8706200,83.58,-3.69858278604,IBM,None,82.671,0,0.0,3.67713546979,90.0252709396,75.3167290604,0,70,0,0.0,0,0,86.12,0,-100,100,20848.0,0.0,12490.0
2008-11-06,5200417600.0,904.88,477721900.0,84.16,12522000,79.57,-4.79779851639,IBM,None,82.5145,0,0.0,3.74187326433,89.9982465287,75.0307534713,0,70,0,0.0,0,0,86.12,0,-100,100,20848.0,0.0,12891.0
2008-11-07,4129607100.0,930.99,380391000.0,86.94,7927800,80.61,1.30702526078,IBM,None,82.468,0,0.0,3.7603535668,89.9887071336,74.9472928664,0,70,0,0.0,0,0,86.12,0,-100,100,20848.0,0.0,12787.0
2008-11-10,3683028400.0,919.21,301773000.0,85.8,9685100,78.37,-2.77881156184,IBM,None,82.1025,0,0.0,3.78688717467,89.6762743493,74.5287256507,0,70,0,0.0,0,0,86.12,0,-100,100,20848.0,0.0,13011.0
2008-11-11,4131739300.0,898.95,418498200.0,83.15,10013600,77.31,-1.35255837693,IBM,None,81.619,0,0.0,3.74849008198,89.115980164,74.122019836,0,70,0,0.0,0,0,86.12,0,-100,100,20848.0,0.0,13117.0
2008-11-12,4690714900.0,852.3,454330600.0,79.49,11368400,74.51,-3.62178243436,IBM,None,81.2425,0,0.0,4.06847944569,89.3794588914,73.1055411086,0,70,0,0.0,0,0,86.12,0,-100,100,20848.0,0.0,13397.0
2008-11-13,6628139100.0,911.29,753141900.0,84.45,15103600,78.69,5.60998523688,IBM,None,80.925,0,0.0,4.00378833764,88.9325766753,72.9174233247,0,70,0,0.0,0,0,86.12,0,-100,100,20848.0,0.0,12979.0
2008-11-14,4838278400.0,873.29,540352300.0,80.23,12023700,75.06,-4.61303850553,IBM,None,80.46,0,0.0,4.12215196737,88.7043039347,72.2156960653,0,70,0,0.0,0,0,86.12,0,-100,100,20848.0,0.0,13342.0
2008-11-17,4090816700.0,850.75,415254900.0,79.17,10315300,72.4,-3.54383160139,IBM,None,79.782,0,0.0,4.28197273769,88.3459454754,71.2180545246,0,70,0,0.0,0,0,86.12,0,-100,100,20848.0,0.0,13608.0
2008-11-18,5224961600.0,859.12,523811800.0,80.66,13050600,74.83,3.35635359116,IBM,None,79.395,0,0.0,4.36568255952,88.126365119,70.663634881,0,70,0,0.0,0,0,86.12,0,-100,100,20848.0,0.0,13365.0
2008-11-19,5564433800.0,806.58,558327600.0,75.49,12606400,70.99,-5.13163169852,IBM,None,79.0605,0,0.0,4.7439129696,88.5483259392,69.5726740608,0,70,0,0.0,0,0,86.12,0,-100,100,20848.0,0.0,13749.0
2008-11-20,7693834800.0,752.44,814180400.0,69.89,17634700,67.04,-5.56416396676,IBM,BUY,78.4935,0,0.0,5.45406200629,89.4016240126,67.5853759874,0,70,0,0.0,0,0,86.12,1,0,100,14144.0,6704.0,14144.0
2008-11-21,8005748400.0,800.03,718536500.0,73.66,19804500,69.97,4.37052505967,IBM,None,78.179,0,0.0,5.76227467878,89.7035493576,66.6544506424,0,70,0,0.0,0,0,86.12,0,0,100,14144.0,0.0,14144.0
2008-11-24,6583933700.0,851.81,523305300.0,78.76,15023200,74.65,6.68858082035,IBM,None,78.2105,1,0.2,5.74002152481,89.6905430496,66.7304569504,0,70,0,0.0,0,0,86.12,0,0,100,14144.0,0.0,14144.0
2008-11-25,5711027500.0,857.39,454112400.0,79.34,12519700,75.36,0.951105157401,IBM,None,77.9235,0,0.2,5.73143618908,89.3863723782,66.4606276218,0,70,0,0.0,0,0,86.12,0,0,100,14144.0,0.0,14144.0
2008-11-26,4607772200.0,887.68,370134200.0,82.41,8240600,76.32,1.27388535032,IBM,None,77.6415,0,0.2,5.66069204901,88.962884098,66.320115902,0,70,0,0.0,0,0,86.12,0,0,100,14144.0,0.0,14144.0
2008-11-28,2213305200.0,896.24,118308100.0,83.45,3908300,76.25,-0.0917190775681,IBM,None,77.2405,0,0.2,5.44643048244,88.1333609649,66.3476390351,0,70,0,0.0,0,0,86.12,0,0,100,14144.0,0.0,14144.0
2008-12-01,5003205500.0,816.21,369927100.0,76.05,10265000,71.86,-5.75737704918,IBM,None,76.514,0,0.2,5.12110637717,86.7562127543,66.2717872457,0,70,0,0.0,0,0,86.12,0,0,100,14144.0,0.0,14144.0
2008-12-02,4998917800.0,848.81,469508400.0,78.98,9305200,74.61,3.82688561091,IBM,None,75.9385,0,0.0,4.60557359706,85.1496471941,66.7273528059,0,70,0,0.0,0,0,86.12,0,0,100,14144.0,0.0,14144.0
2008-12-03,5214388700.0,870.74,519863500.0,80.88,9757800,75.38,1.03203323951,IBM,SELL,75.368,0,0.0,3.8324261932,83.0328523864,67.7031476136,0,70,0,0.0,0,1,75.38,0,-100,100,21682.0,-7538.0,14144.0
2008-12-04,4863270900.0,845.22,444173800.0,79.01,10914000,72.36,-4.0063677368,IBM,None,74.807,0,0.0,3.35903353895,81.5250670779,68.0889329221,0,70,0,0.0,0,0,75.38,0,-100,100,21682.0,0.0,14446.0
2008-12-05,5107510800.0,876.07,471905300.0,81.45,11212000,75.31,4.07683803206,IBM,None,74.594,0,0.0,3.17090788925,80.9358157785,68.2521842215,0,70,0,0.0,0,0,75.38,0,-100,100,21682.0,0.0,14151.0
2008-12-08,5353028100.0,909.7,412859300.0,84.29,11177600,79.3,5.29810118178,IBM,BUY,74.5285,0,0.0,3.05137462552,80.631249251,68.425750749,0,70,0,0.0,0,0,75.38,1,0,100,13752.0,7930.0,13752.0
2008-12-09,4649954600.0,888.67,370790000.0,82.9,9356400,77.27,-2.55989911728,IBM,SELL,74.4735,0,0.0,2.98773858329,80.4489771666,68.4980228334,0,70,0,0.0,0,1,77.27,0,-100,100,21479.0,-7727.0,13752.0
2008-12-10,4120329300.0,899.24,396187400.0,83.46,8187000,77.43,0.207066131746,IBM,None,74.4795,1,0.2,2.99384891332,80.4671978266,68.4918021734,0,70,0,0.0,0,0,77.27,0,-100,100,21479.0,0.0,13736.0
2008-12-11,4251392100.0,873.59,365061000.0,81.45,10682400,75.3,-2.75087175513,IBM,None,74.519,1,0.4,2.99947872664,80.5179574533,68.5200425467,0,0,0,0.0,0,0,77.27,0,-100,100,21479.0,0.0,13949.0
2008-12-12,4223810300.0,879.73,415060400.0,82.43,10381700,76.81,2.00531208499,IBM,None,74.425,0,0.4,2.88932062676,80.2036412535,68.6463587465,0,0,0,0.0,0,0,77.27,0,-100,100,21479.0,0.0,13798.0
2008-12-15,3475973100.0,868.57,256694200.0,81.28,8848200,77.34,0.690014321052,IBM,BUY,74.539,1,0.6,2.95981311643,80.4586262329,68.6193737671,0,0,0,0.0,0,0,77.27,1,0,100,13745.0,7734.0,13745.0
2008-12-16,4933427100.0,913.18,377699500.0,85.1,11559800,80.73,4.38324282389,IBM,None,74.9555,1,0.8,3.21782122267,81.3911424453,68.5198575547,70,0,0,0.0,0,0,77.27,0,0,100,13745.0,0.0,13745.0
2008-12-17,4123911500.0,904.42,281819800.0,84.28,8592000,80.21,-0.644122383253,IBM,None,75.2245,1,0.8,3.42498478675,82.0744695735,68.3745304265,70,0,0,0.0,0,0,77.27,0,0,100,13745.0,0.0,13745.0
2008-12-18,4463433400.0,885.28,374673300.0,82.71,8029500,78.49,-2.14437102606,IBM,None,75.5995,1,0.8,3.34663928048,82.292778561,68.906221439,70,0,0,0.0,0,0,77.27,0,0,100,13745.0,0.0,13745.0
2008-12-19,5144280100.0,887.88,301451300.0,82.35,13098600,78.04,-0.573321442222,IBM,None,76.1495,1,1.0,2.7090578572,81.5676157144,70.7313842856,70,0,0,0.0,0,0,77.27,0,0,100,13745.0,0.0,13745.0
2008-12-22,3367498000.0,871.63,243759500.0,81.29,7083300,76.61,-1.83239364428,IBM,None,76.4815,1,1.0,2.28567915739,81.0528583148,71.9101416852,70,0,0,0.0,0,0,77.27,0,0,100,13745.0,0.0,13745.0
2008-12-23,2825902600.0,863.16,221625200.0,80.45,6374400,75.32,-1.68385328286,IBM,BUY,76.515,1,1.0,2.26221247083,81.0394249417,71.9905750583,70,0,1,75.32,0,0,77.27,0,100,100,6213.0,7532.0,13745.0
2008-12-24,1048338100.0,865.46,62061600.0,80.92,2415200,75.24,-0.106213489113,IBM,None,76.509,0,0.8,2.26559368309,81.0401873662,71.9778126338,70,0,0,75.32,0,0,77.27,0,100,100,6213.0,0.0,13737.0
2008-12-26,1308477100.0,872.8,74767700.0,81.39,3101300,76.0,1.0101010101,IBM,None,76.493,0,0.6,2.26812721262,81.0292544252,71.9567455748,0,0,0,75.32,0,0,77.27,0,100,100,6213.0,0.0,13813.0
2008-12-29,2334005300.0,869.42,127795900.0,81.15,6062600,75.92,-0.105263157895,IBM,None,76.4765,0,0.4,2.27118627709,81.0188725542,71.9341274458,0,0,0,75.32,0,0,77.27,0,100,100,6213.0,0.0,13805.0
2008-12-30,2538918500.0,890.64,168256300.0,83.08,5774400,78.07,2.83192834563,IBM,None,76.787,1,0.4,2.01711649326,80.8212329865,72.7527670135,0,0,0,75.32,0,0,77.27,0,100,100,6213.0,0.0,14020.0
2008-12-31,2982225300.0,903.25,193987200.0,84.26,6667700,78.64,0.730114000256,IBM,None,76.9885,1,0.4,1.98929576272,80.9670915254,73.0099084746,0,0,0,75.32,0,0,77.27,0,100,100,6213.0,0.0,14077.0
2009-01-02,2868299700.0,931.8,227566300.0,86.8,7558200,81.64,3.81485249237,IBM,None,77.3015,1,0.6,2.20380597818,81.7091119564,72.8938880436,0,0,0,75.32,0,0,77.27,0,100,100,6213.0,0.0,14377.0
2009-01-05,3794106400.0,927.45,240349700.0,86.7,8315700,81.13,-0.62469377756,IBM,None,77.74,1,0.8,2.03485160457,81.8097032091,73.6702967909,70,0,0,75.32,0,0,77.27,0,100,100,6213.0,0.0,14326.0
2009-01-06,4300738800.0,934.7,328260900.0,87.28,9649500,83.38,2.77332675952,IBM,SELL,78.1435,1,1.0,2.30925204341,82.7620040868,73.5249959132,70,0,0,0.0,1,0,77.27,0,0,100,14551.0,-8338.0,14551.0
2009-01-07,3905047600.0,906.65,280899200.0,84.67,8455100,82.03,-1.61909330775,IBM,None,78.28,1,1.0,2.45715924981,83.1943184996,73.3656815004,70,0,0,0.0,0,0,77.27,0,0,100,14551.0,0.0,14551.0
2009-01-08,3705691200.0,909.73,263621000.0,85.01,7231800,81.46,-0.694867731318,IBM,None,78.4895,1,1.0,2.54361424376,83.5767284875,73.4022715125,70,0,0,0.0,0,0,77.27,0,0,100,14551.0,0.0,14551.0
2009-01-09,3468824200.0,890.35,330953600.0,83.19,7440300,79.15,-2.83574760619,IBM,None,78.5755,1,1.0,2.53496906448,83.645438129,73.505561871,70,0,0,0.0,0,0,77.27,0,0,100,14551.0,0.0,14551.0
2009-01-12,3730704200.0,870.26,277858500.0,81.19,8072700,80.09,1.18761844599,IBM,None,78.815,1,1.0,2.43346082338,83.6819216468,73.9480783532,70,0,0,0.0,0,0,77.27,0,0,100,14551.0,0.0,14551.0
2009-01-13,4251815600.0,871.79,356432300.0,81.34,7657200,79.74,-0.437008365589,IBM,None,78.9615,1,1.0,2.39428326821,83.7500665364,74.1729334636,70,0,0,0.0,0,0,77.27,0,0,100,14551.0,0.0,14551.0
2009-01-14,4493725700.0,842.62,435491600.0,78.78,9470000,77.74,-2.50815149235,IBM,BUY,78.9815,1,1.0,2.38166300811,83.7448260162,74.2181739838,70,0,1,77.74,0,0,77.27,0,100,100,6777.0,7774.0,14551.0
2009-01-15,5966334100.0,843.74,532647300.0,78.81,11734800,78.6,1.10625160792,IBM,None,78.875,0,0.8,2.3467278451,83.5684556902,74.1815443098,70,0,0,77.74,0,0,77.27,0,100,100,6777.0,0.0,14637.0
2009-01-16,5321484600.0,850.12,399237200.0,79.43,11245300,79.35,0.954198473282,IBM,None,78.832,0,0.6,2.32878915906,83.4895783181,74.1744216819,0,0,0,77.74,0,0,77.27,0,100,100,6777.0,0.0,14712.0
2009-01-20,5354586100.0,805.22,419855200.0,75.23,13800100,76.6,-3.46565847511,IBM,None,78.7375,0,0.4,2.38115601072,83.4998120214,73.9751879786,0,0,0,77.74,0,0,77.27,0,100,100,6777.0,0.0,14437.0
2009-01-21,5440080900.0,840.24,364360700.0,78.48,24905000,85.43,11.5274151436,IBM,SELL,79.107,1,0.4,2.8031994878,84.7133989756,73.5006010244,0,0,0,0.0,1,0,77.27,0,0,100,15320.0,-8543.0,15320.0
2009-01-22,5101104300.0,827.5,427940300.0,77.27,12350700,84.16,-1.48659721409,IBM,None,79.4845,1,0.4,2.95357317053,85.3916463411,73.5773536589,0,0,0,0.0,0,0,77.27,0,0,100,15320.0,0.0,15320.0
2009-01-23,5039808500.0,831.95,386800600.0,77.61,10253700,83.62,-0.641634980989,IBM,None,79.8995,1,0.6,2.92055415614,85.7406083123,74.0583916877,0,0,0,0.0,0,0,77.27,0,0,100,15320.0,0.0,15320.0
2009-01-26,4535232900.0,836.57,317978800.0,78.14,9840800,85.59,2.35589571873,IBM,None,80.417,1,0.8,2.96805642591,86.3531128518,74.4808871482,70,0,0,0.0,0,0,77.27,0,0,100,15320.0,0.0,15320.0
2009-01-27,4032529100.0,845.71,273789700.0,78.93,8720800,85.65,0.0701016473887,IBM,None,80.8995,1,1.0,2.99645487904,86.8924097581,74.9065902419,70,0,0,0.0,0,0,77.27,0,0,100,15320.0,0.0,15320.0
2009-01-28,5248698300.0,874.09,330007000.0,81.6,13407200,88.6,3.44424985406,IBM,None,81.5335,1,1.0,3.22048749987,87.9744749997,75.0925250003,70,0,0,0.0,0,0,77.27,0,0,100,15320.0,0.0,15320.0
2009-01-29,4295391100.0,845.14,294392500.0,78.95,9233500,86.44,-2.43792325056,IBM,None,81.952,1,1.0,3.28981138477,88.5316227695,75.3723772305,70,0,0,0.0,0,0,77.27,0,0,100,15320.0,0.0,15320.0
2009-01-30,4583581400.0,825.88,383383600.0,77.34,9617000,85.64,-0.925497454882,IBM,None,82.302,1,1.0,3.29126691332,88.8845338266,75.7194661734,70,0,0,0.0,0,0,77.27,0,0,100,15320.0,0.0,15320.0
2009-02-02,4369788700.0,825.44,288233300.0,77.11,9926400,84.97,-0.782344698739,IBM,None,82.4685,1,1.0,3.33988539829,89.1482707966,75.7887292034,70,0,0,0.0,0,0,77.27,0,0,100,15320.0,0.0,15320.0
2009-02-03,4602204800.0,838.51,278385800.0,78.19,8864500,87.35,2.80098858421,IBM,None,82.7795,1,1.0,3.49469443736,89.7688888747,75.7901111253,70,0,0,0.0,0,0,77.27,0,0,100,15320.0,0.0,15320.0
2009-02-04,4948396700.0,832.23,322989300.0,77.81,10189800,86.74,-0.698340011448,IBM,None,82.9475,1,1.0,3.60413048861,90.1557609772,75.7392390228,70,0,0,0.0,0,0,77.27,0,0,100,15320.0,0.0,15320.0
2009-02-05,5814339600.0,845.85,417679400.0,78.97,11622900,86.35,-0.449619552686,IBM,None,83.1635,1,1.0,3.67500415324,90.5135083065,75.8134916935,70,0,0,0.0,0,0,77.27,0,0,100,15320.0,0.0,15320.0
2009-02-06,5494630600.0,868.6,366101700.0,81.22,13055900,90.33,4.60914881297,IBM,None,83.607,1,1.0,3.98107642148,91.569152843,75.644847157,70,0,0,0.0,0,0,77.27,0,0,100,15320.0,0.0,15320.0
2009-02-09,4283207800.0,869.89,240075200.0,81.33,8165800,90.96,0.697442710063,IBM,None,84.1975,1,1.0,4.15716486765,92.5118297353,75.8831702647,70,0,0,0.0,0,0,77.27,0,0,100,15320.0,0.0,15320.0
2009-02-10,5910107800.0,827.16,536212800.0,77.61,13541300,87.63,-3.66094986807,IBM,None,84.5745,1,1.0,4.10664605756,92.7877921151,76.3612078849,70,0,0,0.0,0,0,77.27,0,0,100,15320.0,0.0,15320.0
2009-02-11,4236786700.0,833.74,324442500.0,78.06,10765700,89.4,2.01985621363,IBM,None,85.0575,1,1.0,4.07607638351,93.209652767,76.905347233,70,0,0,0.0,0,0,77.27,0,0,100,15320.0,0.0,15320.0
2009-02-12,4907926000.0,835.19,469302200.0,78.12,9917700,89.32,-0.089485458613,IBM,None,85.6365,1,1.0,3.79467670768,93.2258534154,78.0471465846,70,0,0,0.0,0,0,77.27,0,0,100,15320.0,0.0,15320.0
2009-02-13,3800031600.0,826.84,293998400.0,77.28,6742400,88.16,-1.2987012987,IBM,None,86.1145,1,1.0,3.44794290312,93.0103858062,79.2186141938,70,0,0,0.0,0,0,77.27,0,0,100,15320.0,0.0,15320.0
2009-02-17,4904647000.0,789.17,478910100.0,73.97,8903500,85.19,-3.36887477314,IBM,BUY,86.4065,1,1.0,3.07167753756,92.5498550751,80.2631449249,70,0,1,85.19,0,0,77.27,0,100,100,6801.0,8519.0,15320.0
2009-02-18,4741098400.0,788.42,362964800.0,73.8,8492600,85.98,0.927338889541,IBM,None,86.8755,1,1.0,2.03759526739,90.9506905348,82.8003094652,70,0,0,85.19,0,0,77.27,0,100,100,6801.0,0.0,15399.0
2009-02-19,4947992900.0,778.94,316867500.0,73.0,12622700,83.55,-2.82623866015,IBM,SELL,86.7815,0,0.8,2.1481553286,91.0778106572,82.4851893428,70,0,0,0.0,1,0,77.27,0,0,100,15156.0,-8355.0,15156.0
2009-02-20,7086052900.0,770.05,477176600.0,72.29,12400700,83.42,-0.155595451825,IBM,None,86.7445,0,0.6,2.20139782148,91.147295643,82.341704357,0,0,0,0.0,0,0,77.27,0,0,100,15156.0,0.0,15156.0
2009-02-23,5518963800.0,743.33,379641400.0,69.71,13509600,79.27,-4.97482618077,IBM,None,86.527,0,0.4,2.68755827354,91.9021165471,81.1518834529,0,0,0,0.0,0,0,77.27,0,0,100,15156.0,0.0,15156.0
2009-02-24,6187387500.0,773.14,426260900.0,72.35,12915300,81.17,2.396871452,IBM,None,86.306,0,0.2,2.93866314038,92.1833262808,80.4286737192,0,70,0,0.0,0,0,77.27,0,0,100,15156.0,0.0,15156.0
2009-02-25,6609165200.0,764.9,461985800.0,71.78,12646400,80.7,-0.579031661944,IBM,None,86.0585,0,0.0,3.19416289174,92.4468257835,79.6701742165,0,70,0,0.0,0,0,77.27,0,0,100,15156.0,0.0,15156.0
2009-02-26,5736166000.0,752.83,363353900.0,70.61,17423200,83.59,3.58116480793,IBM,None,85.808,0,0.0,3.18078209515,92.1695641903,79.4464358097,0,70,0,0.0,0,0,77.27,0,0,100,15156.0,0.0,15156.0
2009-02-27,7859155400.0,735.09,470510900.0,69.03,21311200,86.46,3.43342505084,IBM,SELL,85.809,1,0.2,3.18099438276,92.1709887655,79.4470112345,0,70,0,0.0,0,1,86.46,0,-100,100,23802.0,-8646.0,15156.0
2009-03-02,6619394200.0,700.82,426452600.0,65.92,15231700,83.66,-3.23849178811,IBM,None,85.71,0,0.2,3.21713668051,92.144273361,79.275726639,0,70,0,0.0,0,0,86.46,0,-100,100,23802.0,0.0,15436.0
2009-03-03,6309254500.0,696.33,443761000.0,65.43,13744100,82.46,-1.43437724121,IBM,None,85.5845,0,0.2,3.29552563494,92.1755512699,78.9934487301,0,70,0,0.0,0,0,86.46,0,-100,100,23802.0,0.0,15556.0
2009-03-04,6550207400.0,712.87,462753100.0,66.98,15391700,84.08,1.96458889158,IBM,None,85.421,0,0.2,3.28442240376,91.9898448075,78.8521551925,0,70,0,0.0,0,0,86.46,0,-100,100,23802.0,0.0,15394.0
2009-03-05,6492685100.0,682.55,485549400.0,64.24,14930100,82.19,-2.24785918173,IBM,None,85.1935,0,0.2,3.34526889014,91.8840377803,78.5029622197,0,70,0,0.0,0,0,86.46,0,-100,100,23802.0,0.0,15583.0
2009-03-06,6317691000.0,683.38,490470000.0,64.36,15186000,80.62,-1.91020805451,IBM,None,84.907,0,0.0,3.48352075379,91.8740415076,77.9399584924,0,70,0,0.0,0,0,86.46,0,-100,100,23802.0,0.0,15740.0
2009-03-09,5371986700.0,676.53,379905300.0,63.6,13151800,78.43,-2.71644753163,IBM,None,84.312,0,0.0,3.52454192619,91.3610838524,77.2629161476,0,70,0,0.0,0,0,86.46,0,-100,100,23802.0,0.0,15959.0
2009-03-10,7416770900.0,719.6,406227900.0,67.39,15914800,81.97,4.51357898763,IBM,None,83.8625,0,0.0,3.18940330172,90.2413066034,77.4836933966,0,70,0,0.0,0,0,86.46,0,-100,100,23802.0,0.0,15605.0
2009-03-11,6276182600.0,721.36,356648300.0,67.83,11823900,83.26,1.57374649262,IBM,None,83.644,0,0.0,3.0649777195,89.773955439,77.514044561,0,70,0,0.0,0,0,86.46,0,-100,100,23802.0,0.0,15476.0
2009-03-12,6190014200.0,750.74,409702700.0,70.5,11829200,84.93,2.00576507326,IBM,None,83.4205,0,0.0,2.7721442869,88.9647885738,77.8762114262,0,70,0,0.0,0,0,86.46,0,-100,100,23802.0,0.0,15309.0
2009-03-13,5900677100.0,756.55,337474700.0,71.05,9111900,84.89,-0.0470976097963,IBM,None,83.199,0,0.0,2.432077085,88.06315417,78.33484583,0,70,0,0.0,0,0,86.46,0,-100,100,23802.0,0.0,15313.0
2009-03-16,6980532300.0,753.89,360644900.0,70.84,11793700,85.7,0.954175992461,IBM,None,83.076,0,0.0,2.22102252412,87.5180450482,78.6339549518,0,70,0,0.0,0,0,86.46,0,-100,100,23802.0,0.0,15232.0
2009-03-17,5426702000.0,778.12,356814300.0,73.0,11489700,87.29,1.8553092182,IBM,None,83.181,1,0.2,2.37081132016,87.9226226403,78.4393773597,0,70,0,0.0,0,0,86.46,0,-100,100,23802.0,0.0,15073.0
2009-03-18,8281779400.0,794.35,473273200.0,74.64,17954300,86.39,-1.03104593882,IBM,None,83.2015,1,0.4,2.39790539079,87.9973107816,78.4056892184,0,0,0,0.0,0,0,86.46,0,-100,100,23802.0,0.0,15163.0
2009-03-19,8011051800.0,784.04,428520400.0,73.71,9899300,87.06,0.77555272601,IBM,BUY,83.377,1,0.6,2.54847343367,88.4739468673,78.2800531327,0,0,0,0.0,0,0,86.46,1,0,100,15096.0,8706.0,15096.0
2009-03-20,6890077700.0,768.54,371078200.0,72.14,12193900,86.91,-0.172294968987,IBM,None,83.5515,1,0.8,2.66824262094,88.8879852419,78.2150147581,70,0,0,0.0,0,0,86.46,0,0,100,15096.0,0.0,15096.0
2009-03-23,6700941800.0,822.92,419933300.0,77.32,12407200,92.74,6.70808882752,IBM,None,84.225,1,1.0,3.18132792532,90.5876558506,77.8623441494,70,0,0,0.0,0,0,86.46,0,0,100,15096.0,0.0,15096.0
2009-03-24,5658405700.0,806.12,330271000.0,75.8,9346700,92.35,-0.420530515419,IBM,None,84.784,1,1.0,3.57424323974,91.9324864795,77.6355135205,70,0,0,0.0,0,0,86.46,0,0,100,15096.0,0.0,15096.0
2009-03-25,6661540800.0,813.88,441775100.0,76.6,12017000,92.03,-0.346507850568,IBM,None,85.3505,1,1.0,3.78456765938,92.9196353188,77.7813646812,70,0,0,0.0,0,0,86.46,0,0,100,15096.0,0.0,15096.0
2009-03-26,5954211300.0,832.86,422025200.0,78.16,11434600,92.81,0.84754971205,IBM,None,85.8115,1,1.0,4.10667271516,94.0248454303,77.5981545697,70,0,0,0.0,0,0,86.46,0,0,100,15096.0,0.0,15096.0
2009-03-27,4690541200.0,815.94,322332300.0,76.75,15745200,88.46,-4.68699493589,IBM,None,85.9115,1,1.0,4.14744344208,94.2063868842,77.6166131158,70,0,0,0.0,0,0,86.46,0,0,100,15096.0,0.0,15096.0
2009-03-30,5090010000.0,787.53,324108500.0,74.1,10964000,88.8,0.384354510513,IBM,None,86.1685,1,1.0,4.15981815772,94.4881363154,77.8488636846,70,0,0,0.0,0,0,86.46,0,0,100,15096.0,0.0,15096.0
2009-03-31,5283459800.0,797.87,363873800.0,74.79,14553700,91.03,2.51126126126,IBM,None,86.597,1,1.0,4.19891351862,94.9948270372,78.1991729628,70,0,0,0.0,0,0,86.46,0,0,100,15096.0,0.0,15096.0
2009-04-01,5257960200.0,811.08,377018300.0,76.23,12212900,91.71,0.74700648138,IBM,None,86.9785,1,1.0,4.30350686252,95.585513725,78.371486275,70,0,0,0.0,0,0,86.46,0,0,100,15096.0,0.0,15096.0
2009-04-02,6510665800.0,834.38,476230700.0,78.46,16219000,94.72,3.28208483262,IBM,None,87.605,1,1.0,4.47821804316,96.5614360863,78.6485639137,70,0,0,0.0,0,0,86.46,0,0,100,15096.0,0.0,15096.0
2009-04-03,4949677500.0,842.5,284646300.0,79.24,10962900,96.04,1.39358108108,IBM,None,88.376,1,1.0,4.53932802817,97.4546560563,79.2973439437,70,0,0,0.0,0,0,86.46,0,0,100,15096.0,0.0,15096.0
2009-04-06,4482535600.0,835.48,264866600.0,78.62,8819800,95.42,-0.645564348188,IBM,None,89.2255,1,1.0,4.15341644407,97.5323328881,80.9186671119,70,0,0,0.0,0,0,86.46,0,0,100,15096.0,0.0,15096.0
2009-04-07,4366715200.0,815.55,258947800.0,76.79,8768400,92.78,-2.76671557326,IBM,None,89.766,1,1.0,3.85197065081,97.4699413016,82.0620586984,70,0,0,0.0,0,0,86.46,0,0,100,15096.0,0.0,15096.0
2009-04-08,4635451000.0,825.16,230402800.0,77.62,7285200,95.07,2.46820435439,IBM,None,90.3565,1,1.0,3.70452394129,97.7655478826,82.9474521174,70,0,0,0.0,0,0,86.46,0,0,100,15096.0,0.0,15096.0
2009-04-09,6609740500.0,856.56,269653500.0,80.7,8013700,95.55,0.504891132849,IBM,None,90.8875,1,1.0,3.64643138453,98.1803627691,83.5946372309,70,0,0,0.0,0,0,86.46,0,0,100,15096.0,0.0,15096.0
2009-04-13,5664789800.0,858.73,224847500.0,80.72,7797200,93.9,-1.72684458399,IBM,None,91.338,1,1.0,3.41574465951,98.169489319,84.506510681,70,0,0,0.0,0,0,86.46,0,0,100,15096.0,0.0,15096.0
2009-04-14,6725942000.0,841.5,276598800.0,79.33,6276700,93.27,-0.670926517572,IBM,None,91.7165,1,1.0,3.16858971618,98.0536794324,85.3793205676,70,0,0,0.0,0,0,86.46,0,0,100,15096.0,0.0,15096.0
2009-04-15,5512594600.0,852.06,250726100.0,80.17,8164200,92.87,-0.428862442372,IBM,None,91.9955,1,1.0,2.99946569803,97.9944313961,85.9965686039,70,0,0,0.0,0,0,86.46,0,0,100,15096.0,0.0,15096.0
2009-04-16,5603078200.0,865.3,335202900.0,81.35,9259500,95.3,2.61656078389,IBM,None,92.441,1,1.0,2.77647807957,97.9939561591,86.8880438409,70,0,0,0.0,0,0,86.46,0,0,100,15096.0,0.0,15096.0
2009-04-17,6531459700.0,869.6,262649000.0,81.9,10214200,95.14,-0.167890870934,IBM,None,92.845,1,1.0,2.52912404224,97.9032480845,87.7867519155,70,0,0,0.0,0,0,86.46,0,0,100,15096.0,0.0,15096.0
2009-04-20,6853384600.0,832.39,293690100.0,78.46,12524700,94.36,-0.819844439773,IBM,None,93.2175,1,1.0,2.12539500973,97.4682900195,88.9667099805,70,0,0,0.0,0,0,86.46,0,0,100,15096.0,0.0,15096.0
2009-04-21,6648246800.0,850.08,114090900.0,80.0,15226700,96.12,1.86519711742,IBM,None,93.3865,1,1.0,2.21779946652,97.822098933,88.950901067,70,0,0,0.0,0,0,86.46,0,0,100,15096.0,0.0,15096.0
2009-04-22,6549264600.0,843.55,340395200.0,79.51,12120000,96.35,0.239284228048,IBM,None,93.5865,1,1.0,2.29830664209,98.1831132842,88.9898867158,70,0,0,0.0,0,0,86.46,0,0,100,15096.0,0.0,15096.0
2009-04-23,5749916700.0,851.92,324903700.0,80.29,9440400,95.29,-1.10015568241,IBM,None,93.7495,1,1.0,2.29770932842,98.3449186568,89.1540813432,70,0,0,0.0,0,0,86.46,0,0,100,15096.0,0.0,15096.0
2009-04-24,6127885700.0,866.23,287703000.0,81.5,10157500,94.03,-1.32227935775,IBM,None,93.8105,1,1.0,2.28762684434,98.3857536887,89.2352463113,70,0,0,0.0,0,0,86.46,0,0,100,15096.0,0.0,15096.0
2009-04-27,4617487400.0,857.51,289581600.0,80.73,8611400,93.9,-0.138253748804,IBM,BUY,94.0825,1,1.0,1.91024901931,97.9029980386,90.2620019614,70,0,1,93.9,0,0,86.46,0,100,100,5706.0,9390.0,15096.0
2009-04-28,4564752000.0,855.16,247926300.0,80.47,11110500,95.77,1.99148029819,IBM,None,94.431,1,1.0,1.48405170856,97.3991034171,91.4628965829,70,0,0,93.9,0,0,86.46,0,100,100,5706.0,0.0,15283.0
2009-04-29,5130360200.0,873.64,311505700.0,82.19,9783700,97.75,2.06745327347,IBM,SELL,94.767,1,1.0,1.43337694752,97.633753895,91.900246105,70,0,0,0.0,1,0,86.46,0,0,100,15481.0,-9775.0,15481.0
2009-04-30,5734206800.0,872.81,301419800.0,82.21,10654500,96.97,-0.797953964194,IBM,None,95.03,1,1.0,1.32111197183,97.6722239437,92.3877760563,70,0,0,0.0,0,0,86.46,0,0,100,15481.0,0.0,15481.0
2009-05-01,4339919200.0,877.52,236110300.0,82.66,6234200,98.28,1.35093327833,IBM,None,95.208,1,1.0,1.50427671027,98.2165534205,92.1994465795,70,0,0,0.0,0,0,86.46,0,0,100,15481.0,0.0,15481.0
2009-05-04,5802763000.0,907.24,287120000.0,85.47,8313900,99.77,1.51607651608,IBM,None,95.3945,1,1.0,1.81250183303,99.0195036661,91.7694963339,70,0,0,0.0,0,0,86.46,0,0,100,15481.0,0.0,15481.0
2009-05-05,5510325400.0,903.8,243036300.0,85.18,6750000,99.45,-0.320737696702,IBM,None,95.596,1,1.0,2.02682640183,99.6496528037,91.5423471963,70,0,0,0.0,0,0,86.46,0,0,100,15481.0,0.0,15481.0
2009-05-06,7214038300.0,919.53,291941000.0,86.65,7530900,98.81,-0.643539467069,IBM,None,95.8975,1,1.0,2.03436754688,99.9662350938,91.8287649062,70,0,0,0.0,0,0,86.46,0,0,100,15481.0,0.0,15481.0
2009-05-07,8096183000.0,907.39,317728000.0,85.45,8521400,96.89,-1.94312316567,IBM,None,95.9885,1,1.0,2.03610896979,100.06071794,91.9162820604,70,0,0,0.0,0,0,86.46,0,0,100,15481.0,0.0,15481.0
2009-05-08,7327330400.0,929.23,299081700.0,87.44,11575500,95.85,-1.07338218598,IBM,BUY,96.0035,1,1.0,2.03381227463,100.071124549,91.9358754507,70,0,1,95.85,0,0,86.46,0,100,100,5896.0,9585.0,15481.0
2009-05-11,5348892800.0,909.24,247923600.0,85.81,8253000,97.18,1.38758476787,IBM,None,96.1675,1,1.0,1.98697038624,100.141440772,92.1935592275,70,0,0,95.85,0,0,86.46,0,100,100,5896.0,0.0,15614.0
2009-05-12,5857539000.0,908.35,282431300.0,85.55,7961600,98.16,1.0084379502,IBM,None,96.412,1,1.0,1.91107464946,100.234149299,92.5898507011,70,0,0,95.85,0,0,86.46,0,100,100,5896.0,0.0,15712.0
2009-05-13,5900785700.0,883.92,269619100.0,83.4,8202100,96.58,-1.60961695192,IBM,None,96.5975,1,1.0,1.71964156302,100.036783126,93.158216874,70,0,0,95.85,0,0,86.46,0,100,100,5896.0,0.0,15554.0
2009-05-14,4997073100.0,893.07,260098700.0,84.11,9445100,95.43,-1.19072271692,IBM,None,96.604,1,1.0,1.71471771499,100.03343543,93.17456457,70,0,0,95.85,0,0,86.46,0,100,100,5896.0,0.0,15439.0
2009-05-15,4493369400.0,882.88,271502700.0,83.43,8367400,95.74,0.324845436446,IBM,None,96.634,1,1.0,1.69286552455,100.019731049,93.2482689509,70,0,0,95.85,0,0,86.46,0,100,100,5896.0,0.0,15470.0
2009-05-18,4714665200.0,909.71,241447400.0,85.8,7429500,98.77,3.16482139127,IBM,None,96.8545,1,1.0,1.6681078944,100.190715789,93.5182842112,70,0,0,95.85,0,0,86.46,0,100,100,5896.0,0.0,15773.0
2009-05-19,4554977800.0,908.13,206102200.0,85.69,7079200,99.65,0.890958793156,IBM,None,97.031,1,1.0,1.76994469138,100.570889383,93.4911106172,70,0,0,95.85,0,0,86.46,0,100,100,5896.0,0.0,15861.0
2009-05-20,5710682600.0,903.47,285722200.0,85.12,7083100,98.27,-1.38484696438,IBM,None,97.127,1,1.0,1.78308455389,100.693169108,93.5608308922,70,0,0,95.85,0,0,86.46,0,100,100,5896.0,0.0,15723.0
2009-05-21,5189757900.0,888.33,258988400.0,83.9,7411500,97.11,-1.18042128829,IBM,None,97.218,1,1.0,1.73005202234,100.678104045,93.7578959553,70,0,0,95.85,0,0,86.46,0,100,100,5896.0,0.0,15607.0
2009-05-22,3661378100.0,887.0,166811900.0,83.72,5596200,96.23,-0.906188857996,IBM,None,97.328,1,1.0,1.58012857571,100.488257151,94.1677428486,70,0,0,95.85,0,0,86.46,0,100,100,5896.0,0.0,15519.0
2009-05-26,4734109900.0,910.33,236318500.0,85.86,7211200,99.18,3.06557206692,IBM,None,97.592,1,1.0,1.40907061569,100.410141231,94.7738587686,70,0,0,95.85,0,0,86.46,0,100,100,5896.0,0.0,15814.0
2009-05-27,4698419000.0,893.06,246015800.0,84.33,7119600,97.21,-1.98628755798,IBM,None,97.664,1,1.0,1.34647063016,100.35694126,94.9710587397,70,0,0,95.85,0,0,86.46,0,100,100,5896.0,0.0,15617.0
2009-05-28,4655445000.0,906.83,289095000.0,85.51,6127500,98.87,1.70764324658,IBM,None,97.72,1,1.0,1.37325966418,100.466519328,94.9734806716,70,0,0,95.85,0,0,86.46,0,100,100,5896.0,0.0,15783.0
2009-05-29,4938328900.0,919.14,258641500.0,87.02,6871800,100.37,1.51714372408,IBM,None,97.89,1,1.0,1.48169533057,100.853390661,94.9266093389,70,0,0,95.85,0,0,86.46,0,100,100,5896.0,0.0,15933.0
2009-06-01,5296940700.0,942.87,276246800.0,89.13,7725000,102.35,1.97270100628,IBM,SELL,98.0935,1,1.0,1.78626713096,101.666034262,94.5209657381,70,0,0,0.0,1,0,86.46,0,0,100,16131.0,-10235.0,16131.0
2009-06-02,5085294400.0,944.74,230874500.0,89.2,7045800,100.89,-1.42647777235,IBM,None,98.1495,1,1.0,1.85771924399,101.864938488,94.434061512,70,0,0,0.0,0,0,86.46,0,0,100,16131.0,0.0,16131.0
2009-06-03,4394037200.0,931.76,235310500.0,88.07,7688000,100.57,-0.3171771236,IBM,None,98.2055,1,1.0,1.91498378446,102.035467569,94.3755324311,70,0,0,0.0,0,0,86.46,0,0,100,16131.0,0.0,16131.0
2009-06-04,4620537100.0,942.46,210102300.0,88.9,5468500,100.42,-0.149149845878,IBM,None,98.286,1,1.0,1.97464293908,102.235285878,94.3367141218,70,0,0,0.0,0,0,86.46,0,0,100,16131.0,0.0,16131.0
2009-06-05,4469935200.0,940.09,284257900.0,88.92,7665000,101.28,0.856403106951,IBM,None,98.5055,1,1.0,2.05370903233,102.612918065,94.3980819353,70,0,0,0.0,0,0,86.46,0,0,100,16131.0,0.0,16131.0
2009-06-08,3850609100.0,939.14,238565100.0,88.55,6363800,101.52,0.236966824645,IBM,None,98.789,1,1.0,2.05918711606,102.907374232,94.6706257679,70,0,0,0.0,0,0,86.46,0,0,100,16131.0,0.0,16131.0
2009-06-09,3813282700.0,942.43,225125500.0,89.0,8585900,102.13,0.600866824271,IBM,None,99.0365,1,1.0,2.15104692992,103.33859386,94.7344061402,70,0,0,0.0,0,0,86.46,0,0,100,16131.0,0.0,16131.0
2009-06-10,4353681600.0,939.15,296100400.0,88.78,7578100,102.33,0.195828845589,IBM,None,99.245,1,1.0,2.26090922558,103.766818451,94.7231815488,70,0,0,0.0,0,0,86.46,0,0,100,16131.0,0.0,16131.0
2009-06-11,4715938800.0,944.89,275414200.0,89.17,9134300,103.32,0.967458223395,IBM,None,99.582,1,1.0,2.34357486714,104.269149734,94.8948502657,70,0,0,0.0,0,0,86.46,0,0,100,16131.0,0.0,16131.0
2009-06-12,3889647800.0,946.21,184361800.0,89.42,7250900,102.2,-1.08401084011,IBM,None,99.9205,1,1.0,2.19662055032,104.313741101,95.5272588994,70,0,0,0.0,0,0,86.46,0,0,100,16131.0,0.0,16131.0
2009-06-15,3982418000.0,923.72,224190500.0,87.37,8567600,101.64,-0.547945205479,IBM,None,100.2155,1,1.0,1.99231807596,104.200136152,96.2308638481,70,0,0,0.0,0,0,86.46,0,0,100,16131.0,0.0,16131.0
2009-06-16,4188895800.0,911.97,227319000.0,86.18,7231000,101.36,-0.275482093664,IBM,None,100.345,1,1.0,1.9775356807,104.300071361,96.3899286386,70,0,0,0.0,0,0,86.46,0,0,100,16131.0,0.0,16131.0
2009-06-17,4885676200.0,910.71,223445200.0,86.1,7366200,101.05,-0.305840568272,IBM,None,100.415,1,1.0,1.97641754591,104.367835092,96.4621649082,70,0,0,0.0,0,0,86.46,0,0,100,16131.0,0.0,16131.0
2009-06-18,4021127200.0,918.37,211725100.0,86.73,6206900,100.42,-0.623453735774,IBM,BUY,100.5225,1,1.0,1.91099553829,104.344491077,96.7005089234,70,0,1,100.42,0,0,86.46,0,100,100,6089.0,10042.0,16131.0
2009-06-19,5453528300.0,921.23,215655600.0,87.05,13559000,100.0,-0.418243377813,IBM,None,100.667,1,1.0,1.74108889099,104.149177782,97.184822218,70,0,0,100.42,0,0,86.46,0,100,100,6089.0,0.0,16089.0
2009-06-22,4553730900.0,893.04,251913600.0,84.44,7295400,98.71,-1.29,IBM,SELL,100.791,1,1.0,1.47669224959,103.744384499,97.8376155008,70,0,0,0.0,1,0,86.46,0,0,100,15960.0,-9871.0,15960.0
2009-06-23,4342724900.0,895.1,188309800.0,84.5,5152600,98.64,-0.070914800932,IBM,BUY,100.764,0,0.8,1.51220786653,103.788415733,97.7395842669,70,0,1,98.64,0,0,86.46,0,100,100,6096.0,9864.0,15960.0
2009-06-24,4128958900.0,900.94,211577700.0,85.23,6395200,98.36,-0.283860502839,IBM,None,100.8215,1,0.8,1.38660613692,103.594712274,98.0482877262,70,0,0,98.64,0,0,86.46,0,100,100,6096.0,0.0,15932.0
2009-06-25,4264046300.0,920.26,279411000.0,87.09,6900600,100.17,1.84017893453,IBM,None,100.8865,1,0.8,1.31913957204,103.524779144,98.2482208559,70,0,0,98.64,0,0,86.46,0,100,100,6096.0,0.0,16113.0
2009-06-26,4697575600.0,918.9,167579000.0,86.86,5127900,99.81,-0.359389038634,IBM,None,100.8585,0,0.6,1.33650870791,103.531517416,98.1854825842,0,0,0,98.64,0,0,86.46,0,100,100,6096.0,0.0,16077.0
2009-06-29,3552674200.0,927.23,168481300.0,87.67,4681800,99.95,0.140266506362,IBM,None,100.7385,0,0.4,1.30286435453,103.344228709,98.1327712909,0,0,0,98.64,0,0,86.46,0,100,100,6096.0,0.0,16091.0
2009-06-30,4332679900.0,919.32,228888200.0,86.96,7512600,98.62,-1.33066533267,IBM,None,100.625,0,0.4,1.38524366088,103.395487322,97.8545126782,0,0,0,98.64,0,0,86.46,0,100,100,6096.0,0.0,15958.0
2009-07-01,3510618300.0,923.33,173041100.0,87.32,5537300,99.01,0.39545731089,IBM,SELL,100.547,0,0.2,1.43164645739,103.410292915,97.6837070852,0,70,0,0.0,1,0,86.46,0,0,100,15997.0,-9901.0,15997.0
2009-07-02,3429552800.0,896.42,212309900.0,84.94,7026700,96.08,-2.9592970407,IBM,None,100.33,0,0.0,1.74625614568,103.822512291,96.8374877086,0,70,0,0.0,0,0,86.46,0,0,100,15997.0,0.0,15997.0
2009-07-06,4042619900.0,898.72,174499600.0,84.93,6522500,96.0,-0.0832639467111,IBM,None,100.066,0,0.0,1.97871941576,104.023438832,96.1085611685,0,70,0,0.0,0,0,86.46,0,0,100,15997.0,0.0,15997.0
2009-07-07,4047291600.0,881.03,197088900.0,83.28,6685600,94.62,-1.4375,IBM,None,99.721,0,0.0,2.2890538151,104.29910763,95.1428923698,0,70,0,0.0,0,0,86.46,0,0,100,15997.0,0.0,15997.0
2009-07-08,5279975400.0,879.56,248050500.0,83.23,7380800,95.08,0.486155146903,IBM,None,99.3685,0,0.0,2.43662898068,104.241757961,94.4952420386,0,70,0,0.0,0,0,86.46,0,0,100,15997.0,0.0,15997.0
2009-07-09,3785304000.0,882.68,163777600.0,83.39,6153200,96.41,1.39882204459,IBM,None,99.0725,0,0.0,2.4174363868,103.907372774,94.2376272264,0,70,0,0.0,0,0,86.46,0,0,100,15997.0,0.0,15997.0
2009-07-10,3429615900.0,879.13,173520300.0,83.19,7465900,95.23,-1.22393942537,IBM,None,98.668,0,0.0,2.34506334781,103.358126696,93.9778733044,0,70,0,0.0,0,0,86.46,0,0,100,15997.0,0.0,15997.0
2009-07-13,4245822300.0,901.05,217413500.0,85.21,9494300,97.86,2.76173474745,IBM,None,98.451,0,0.0,2.19716539875,102.845330798,94.0566692025,0,70,0,0.0,0,0,86.46,0,0,100,15997.0,0.0,15997.0
2009-07-14,3777244100.0,905.84,181487400.0,85.7,5413500,97.51,-0.35765379113,IBM,None,98.2445,0,0.0,2.07219810829,102.388896217,94.1001037834,0,70,0,0.0,0,0,86.46,0,0,100,15997.0,0.0,15997.0
2009-07-15,5065106800.0,932.68,220877900.0,88.2,8699100,101.26,3.84575940929,IBM,SELL,98.2395,0,0.0,2.06439101508,102.36828203,94.1107179698,0,70,0,0.0,0,1,101.26,0,-100,100,26123.0,-10126.0,15997.0
2009-07-16,4549352400.0,940.74,231174500.0,88.06,14997900,104.49,3.18980841398,IBM,BUY,98.4115,1,0.2,2.42303262571,103.257565251,93.5654347486,0,70,0,0.0,0,0,101.26,1,0,100,15674.0,10449.0,15674.0
2009-07-17,4724359200.0,940.38,138561700.0,89.03,20188900,109.01,4.32577280123,IBM,None,98.841,1,0.4,3.37292142621,105.586842852,92.0951571476,0,0,0,0.0,0,0,101.26,0,0,100,15674.0,0.0,15674.0
2009-07-20,4422337600.0,951.13,164179400.0,89.97,10682500,109.97,0.880653151087,IBM,None,99.3395,1,0.6,4.19082139292,107.721142786,90.9578572142,0,0,0,0.0,0,0,101.26,0,0,100,15674.0,0.0,15674.0
2009-07-21,4670552200.0,954.58,217718300.0,90.39,8301700,110.54,0.518323179049,IBM,None,99.931,1,0.8,4.87611892692,109.683237854,90.1787621462,70,0,0,0.0,0,0,101.26,0,0,100,15674.0,0.0,15674.0
2009-07-22,4504248300.0,954.07,196068100.0,90.37,8813400,109.15,-1.25746336168,IBM,None,100.4565,1,1.0,5.27932638745,111.015152775,89.8978472251,70,0,0,0.0,0,0,101.26,0,0,100,15674.0,0.0,15674.0
2009-07-23,5425539400.0,976.29,258795500.0,92.36,8461400,110.55,1.28263857077,IBM,None,101.066,1,1.0,5.71059993161,112.487199863,89.6448001368,70,0,0,0.0,0,0,101.26,0,0,100,15674.0,0.0,15674.0
2009-07-24,3950233700.0,979.26,154003100.0,92.74,6261000,111.1,0.497512437811,IBM,None,101.6125,1,1.0,6.12807677824,113.868653556,89.3563464435,70,0,0,0.0,0,0,101.26,0,0,100,15674.0,0.0,15674.0
2009-07-27,4194345900.0,982.18,159259400.0,93.02,5069200,111.09,-0.00900090009,IBM,None,102.1765,1,1.0,6.46335929847,115.103218597,89.2497814031,70,0,0,0.0,0,0,101.26,0,0,100,15674.0,0.0,15674.0
2009-07-28,4893167400.0,979.62,186685200.0,92.58,5782900,110.76,-0.297056440724,IBM,None,102.717,1,1.0,6.71448403003,116.14596806,89.2880319399,70,0,0,0.0,0,0,101.26,0,0,100,15674.0,0.0,15674.0
2009-07-29,4870938900.0,975.15,194399300.0,92.35,5100900,110.74,-0.0180570603106,IBM,None,103.323,1,1.0,6.87037890628,117.063757813,89.5822421874,70,0,0,0.0,0,0,101.26,0,0,100,15674.0,0.0,15674.0
2009-07-30,5619174900.0,986.75,225575400.0,93.32,6803100,111.31,0.514719162001,IBM,None,103.938,1,1.0,7.01301691969,117.964033839,89.9119661606,70,0,0,0.0,0,0,101.26,0,0,100,15674.0,0.0,15674.0
2009-07-31,5061491000.0,987.48,207358000.0,93.45,5329600,111.38,0.0628874314976,IBM,None,104.703,1,1.0,6.94488232631,118.592764653,90.8132353474,70,0,0,0.0,0,0,101.26,0,0,100,15674.0,0.0,15674.0
2009-08-03,4921314800.0,1002.63,175776900.0,94.99,6108200,113.26,1.68791524511,IBM,None,105.566,1,1.0,6.87857497482,119.32314995,91.8088500504,70,0,0,0.0,0,0,101.26,0,0,100,15674.0,0.0,15674.0
2009-08-04,4976218300.0,1005.65,176714600.0,95.24,4993500,112.95,-0.273706515981,IBM,None,106.4825,1,1.0,6.55699776856,119.596495537,93.3685044629,70,0,0,0.0,0,0,101.26,0,0,100,15674.0,0.0,15674.0
2009-08-05,7507004900.0,1002.72,184726400.0,94.96,5025800,111.89,-0.938468348827,IBM,None,107.323,1,1.0,6.07837157902,119.479743158,95.166256842,70,0,0,0.0,0,0,101.26,0,0,100,15674.0,0.0,15674.0
2009-08-06,6123006200.0,997.08,193203800.0,94.47,6003100,111.37,-0.464742157476,IBM,None,108.071,1,1.0,5.56341423002,119.19782846,96.94417154,70,0,0,0.0,0,0,101.26,0,0,100,15674.0,0.0,15674.0
2009-08-07,6517909500.0,1010.48,220640900.0,95.71,5763200,113.22,1.66112956811,IBM,None,108.9705,1,1.0,4.77669173669,118.523883473,99.4171165266,70,0,0,0.0,0,0,101.26,0,0,100,15674.0,0.0,15674.0
2009-08-10,4964380100.0,1007.1,130898700.0,95.51,3981300,112.63,-0.521109344639,IBM,None,109.709,1,1.0,4.05592471123,117.820849422,101.597150578,70,0,0,0.0,0,0,101.26,0,0,100,15674.0,0.0,15674.0
2009-08-11,5410391500.0,994.35,157301000.0,94.32,4844500,111.76,-0.77244073515,IBM,None,110.4215,1,1.0,2.88186576078,116.185231522,104.657768478,70,0,0,0.0,0,0,101.26,0,0,100,15674.0,0.0,15674.0
2009-08-12,5095491700.0,1005.81,219052400.0,95.33,6289700,113.19,1.27952755906,IBM,None,111.018,1,1.0,1.97900985344,114.976019707,107.059980293,70,0,0,0.0,0,0,101.26,0,0,100,15674.0,0.0,15674.0
2009-08-13,4735407200.0,1012.73,176449500.0,96.06,5489200,113.46,0.238536973231,IBM,None,111.4665,1,1.0,1.33256094953,114.131621899,108.801378101,70,0,0,0.0,0,0,101.26,0,0,100,15674.0,0.0,15674.0
2009-08-14,4535274400.0,1004.09,199616100.0,95.32,4796400,112.5,-0.846113167636,IBM,None,111.641,1,1.0,1.21749051655,114.075981033,109.206018967,70,0,0,0.0,0,0,101.26,0,0,100,15674.0,0.0,15674.0
2009-08-17,4534794700.0,979.73,237667500.0,92.98,5349600,110.88,-1.44,IBM,BUY,111.6865,1,1.0,1.1677430999,114.0219862,109.3510138,70,0,1,110.88,0,0,101.26,0,100,100,4586.0,11088.0,15674.0
2009-08-18,3733706000.0,989.67,173461500.0,93.72,4286200,111.61,0.658369408369,IBM,None,111.74,1,1.0,1.13654601408,114.013092028,109.466907972,70,0,0,110.88,0,0,101.26,0,100,100,4586.0,0.0,15747.0
2009-08-19,3834839800.0,996.46,192812800.0,94.54,4837900,112.5,0.797419586059,IBM,None,111.9075,1,1.0,0.969301837735,113.846103675,109.968896325,70,0,0,110.88,0,0,101.26,0,100,100,4586.0,0.0,15836.0
2009-08-20,4507525700.0,1007.37,174131300.0,95.51,4841700,112.86,0.32,IBM,None,112.023,1,1.0,0.93608985174,113.895179703,110.150820297,70,0,0,110.88,0,0,101.26,0,100,100,4586.0,0.0,15872.0
2009-08-21,5480636200.0,1026.13,224605000.0,97.39,8306800,113.76,0.797448165869,IBM,None,112.156,1,1.0,0.985699858238,114.127399716,110.184600284,70,0,0,110.88,0,0,101.26,0,100,100,4586.0,0.0,15962.0
2009-08-24,5813878400.0,1025.57,191279000.0,97.38,6363400,113.21,-0.483473980309,IBM,None,112.262,1,1.0,0.978998414065,114.219996828,110.304003172,70,0,0,110.88,0,0,101.26,0,100,100,4586.0,0.0,15907.0
2009-08-25,5252798400.0,1028.0,215310600.0,97.57,4652200,112.75,-0.406324529635,IBM,None,112.3615,1,1.0,0.917503907925,114.196507816,110.526492184,70,0,0,110.88,0,0,101.26,0,100,100,4586.0,0.0,15861.0
2009-08-26,4429095900.0,1028.12,194620700.0,97.58,4515500,113.36,0.541019955654,IBM,None,112.4925,1,1.0,0.858976594255,114.210453189,110.774546811,70,0,0,110.88,0,0,101.26,0,100,100,4586.0,0.0,15922.0
2009-08-27,5212910700.0,1030.98,196230100.0,97.79,4356900,113.32,-0.0352858151023,IBM,None,112.593,1,1.0,0.830453902523,114.253907805,110.932092195,70,0,0,110.88,0,0,101.26,0,100,100,4586.0,0.0,15918.0
2009-08-28,5880431900.0,1028.93,147024400.0,97.77,6235700,112.17,-1.01482527356,IBM,None,112.6325,1,1.0,0.787393267624,114.207286535,111.057713465,70,0,0,110.88,0,0,101.26,0,100,100,4586.0,0.0,15803.0
2009-08-31,5141831600.0,1020.62,176051600.0,96.9,5439400,112.01,-0.142640634751,IBM,None,112.57,0,0.8,0.784568268811,114.139136538,111.000863462,70,0,0,110.88,0,0,101.26,0,100,100,4586.0,0.0,15787.0
2009-09-01,6466384600.0,998.04,321276800.0,94.77,6303800,110.72,-1.15168288546,IBM,None,112.4585,0,0.6,0.880336508629,114.219173017,110.697826983,0,0,0,110.88,0,0,101.26,0,100,100,4586.0,0.0,15658.0
2009-09-02,5222472400.0,994.75,171805000.0,94.41,5178800,110.15,-0.514812138728,IBM,None,112.3715,0,0.4,1.01513429239,114.401768585,110.341231415,0,0,0,110.88,0,0,101.26,0,100,100,4586.0,0.0,15601.0
2009-09-03,4209978200.0,1003.24,143572300.0,95.19,4936200,110.38,0.2088061734,IBM,SELL,112.322,0,0.2,1.08805766101,114.498115322,110.145884678,0,70,0,0.0,1,0,101.26,0,0,100,15624.0,-11038.0,15624.0
2009-09-04,3659957200.0,1016.4,142687900.0,96.53,3451700,111.45,0.9693785106,IBM,None,112.2335,0,0.0,1.08314490939,114.399789819,110.067210181,0,70,0,0.0,0,0,101.26,0,0,100,15624.0,0.0,15624.0
2009-09-08,4708604400.0,1025.39,132909100.0,97.36,5797500,111.16,-0.26020637057,IBM,None,112.16,0,0.0,1.1044884503,114.368976901,109.951023099,0,70,0,0.0,0,0,101.26,0,0,100,15624.0,0.0,15624.0
2009-09-09,4568885500.0,1033.37,154612500.0,98.1,5248100,110.79,-0.33285354444,IBM,None,112.1115,0,0.0,1.14358289691,114.398665794,109.824334206,0,70,0,0.0,0,0,101.26,0,0,100,15624.0,0.0,15624.0
2009-09-10,5035422400.0,1044.14,162902400.0,99.11,4889400,111.65,0.776243343262,IBM,None,112.0345,0,0.0,1.11871860438,114.271937209,109.797062791,0,70,0,0.0,0,0,101.26,0,0,100,15624.0,0.0,15624.0
2009-09-11,4217193900.0,1042.73,152360100.0,99.09,5893700,112.01,0.322436184505,IBM,SELL,111.962,0,0.0,1.06727690878,114.096553818,109.827446182,0,70,0,0.0,0,1,112.01,0,-100,100,26825.0,-11201.0,15624.0
2009-09-14,4555565300.0,1049.34,149593800.0,99.57,4758600,112.8,0.705294170163,IBM,None,111.977,1,0.2,1.07729730051,114.131594601,109.822405399,0,70,0,0.0,0,0,112.01,0,-100,100,26825.0,0.0,15545.0
2009-09-15,5605083000.0,1052.63,196795900.0,99.99,6536000,113.24,0.390070921986,IBM,BUY,112.095,1,0.4,1.08006091446,114.255121829,109.934878171,0,0,0,0.0,0,0,112.01,1,0,100,15501.0,11324.0,15501.0
2009-09-16,6016760600.0,1068.76,206406300.0,101.5,11236700,115.59,2.07523843165,IBM,None,112.294,1,0.6,1.32490079073,114.943801581,109.644198419,0,0,0,0.0,0,0,112.01,0,0,100,15501.0,0.0,15501.0
2009-09-17,5794963400.0,1065.49,229170900.0,101.35,8392600,115.64,0.0432563370534,IBM,None,112.451,1,0.8,1.52198243299,115.494964866,109.407035134,70,0,0,0.0,0,0,112.01,0,0,100,15501.0,0.0,15501.0
2009-09-18,6178674100.0,1068.3,153799100.0,101.41,9935800,115.86,0.190245589761,IBM,None,112.601,1,1.0,1.70164285943,116.004285719,109.197714281,70,0,0,0.0,0,0,112.01,0,0,100,15501.0,0.0,15501.0
2009-09-21,4362194600.0,1064.66,151892000.0,101.16,4515100,115.35,-0.440186431901,IBM,None,112.6805,1,1.0,1.79331353116,116.267127062,109.093872938,70,0,0,0.0,0,0,112.01,0,0,100,15501.0,0.0,15501.0
2009-09-22,4934420600.0,1071.66,143126700.0,101.75,5564700,115.39,0.0346770697876,IBM,None,112.7895,1,1.0,1.89079341464,116.571086829,109.007913171,70,0,0,0.0,0,0,112.01,0,0,100,15501.0,0.0,15501.0
2009-09-23,4908642100.0,1060.87,225947400.0,100.9,5538100,114.64,-0.649969668082,IBM,None,112.884,1,1.0,1.93541889931,116.754837799,109.013162201,70,0,0,0.0,0,0,112.01,0,0,100,15501.0,0.0,15501.0
2009-09-24,4764740300.0,1050.78,228636800.0,99.79,5426800,114.75,0.095952547104,IBM,None,112.9535,1,1.0,1.97790233115,116.909304662,108.997695338,70,0,0,0.0,0,0,112.01,0,0,100,15501.0,0.0,15501.0
2009-09-25,4028638500.0,1044.38,204059000.0,99.26,5187900,114.88,0.113289760349,IBM,None,113.0315,1,1.0,2.02335384683,117.078207694,108.984792306,70,0,0,0.0,0,0,112.01,0,0,100,15501.0,0.0,15501.0
2009-09-28,3308458300.0,1062.98,118285800.0,101.03,8248600,113.22,-1.44498607242,IBM,None,113.084,1,1.0,2.01342180589,117.110843612,109.057156388,70,0,0,0.0,0,0,112.01,0,0,100,15501.0,0.0,15501.0
2009-09-29,4320627800.0,1060.61,133733900.0,100.73,6748800,112.73,-0.432785726903,IBM,BUY,113.12,1,1.0,1.99959732789,117.119194656,109.120805344,70,0,1,112.73,0,0,112.01,0,100,100,4228.0,11273.0,15501.0
2009-09-30,5858960300.0,1057.08,254383000.0,100.34,7733300,113.49,0.674177237647,IBM,None,113.2585,1,1.0,1.91891766369,117.096335327,109.420664673,70,0,0,112.73,0,0,112.01,0,100,100,4228.0,0.0,15577.0
2009-10-01,5363726600.0,1029.85,281840600.0,97.85,7067500,111.87,-1.42743854084,IBM,None,113.3445,1,1.0,1.80758482366,116.959669647,109.729330353,70,0,0,112.73,0,0,112.01,0,100,100,4228.0,0.0,15415.0
2009-10-02,4923267500.0,1025.21,224748800.0,97.39,7581900,112.93,0.947528381157,IBM,None,113.472,1,1.0,1.67234974937,116.816699499,110.127300501,70,0,0,112.73,0,0,112.01,0,100,100,4228.0,0.0,15521.0
2009-10-05,3868683400.0,1040.46,149875000.0,98.85,5673300,113.62,0.61099796334,IBM,None,113.5805,1,1.0,1.60322528542,116.786950571,110.374049429,70,0,0,112.73,0,0,112.01,0,100,100,4228.0,0.0,15590.0
2009-10-06,4435792800.0,1054.72,202491100.0,100.26,6659100,115.14,1.33779264214,IBM,None,113.7795,1,1.0,1.53241287208,116.844325744,110.714674256,70,0,0,112.73,0,0,112.01,0,100,100,4228.0,0.0,15742.0
2009-10-07,3619865700.0,1057.58,159200300.0,100.54,5872000,116.5,1.18117074865,IBM,None,114.065,1,1.0,1.47704007001,117.01908014,111.11091986,70,0,0,112.73,0,0,112.01,0,100,100,4228.0,0.0,15878.0
2009-10-08,4243961700.0,1065.48,183305800.0,101.31,6498000,116.03,-0.403433476395,IBM,None,114.284,1,1.0,1.4238768427,117.131753685,111.436246315,70,0,0,112.73,0,0,112.01,0,100,100,4228.0,0.0,15831.0
2009-10-09,3283378400.0,1071.49,135008300.0,101.93,13123100,119.49,2.98198741705,IBM,SELL,114.658,1,1.0,1.74197286824,118.141945736,111.174054264,70,0,0,0.0,1,0,112.01,0,0,100,16177.0,-11949.0,16177.0
2009-10-12,3229343600.0,1076.19,118031000.0,102.33,7730500,120.54,0.878734622144,IBM,None,115.045,1,1.0,2.12510433181,119.295208664,110.794791336,70,0,0,0.0,0,0,112.01,0,0,100,16177.0,0.0,16177.0
2009-10-13,3950865400.0,1073.19,157692700.0,102.12,7581300,120.52,-0.0165920026547,IBM,None,115.409,1,1.0,2.40474290124,120.218485802,110.599514198,70,0,0,0.0,0,0,112.01,0,0,100,16177.0,0.0,16177.0
2009-10-14,4869049200.0,1092.02,191421600.0,103.87,9545500,121.78,1.0454696316,IBM,None,115.7185,1,1.0,2.79580564606,121.310111292,110.126888708,70,0,0,0.0,0,0,112.01,0,0,100,16177.0,0.0,16177.0
2009-10-15,4810676400.0,1096.56,173873600.0,104.25,11904600,121.43,-0.287403514534,IBM,None,116.008,1,1.0,3.07325406147,122.154508123,109.861491877,70,0,0,0.0,0,0,112.01,0,0,100,16177.0,0.0,16177.0
2009-10-16,4488577600.0,1087.68,192069400.0,103.48,19216900,115.42,-4.94935353702,IBM,BUY,115.986,0,0.8,3.07594298763,122.137885975,109.834114025,70,0,1,115.42,0,0,112.01,0,100,100,4635.0,11542.0,16177.0
2009-10-19,4125491100.0,1097.91,159530400.0,104.33,7514100,116.76,1.16097730029,IBM,None,116.0565,1,0.8,3.07675713596,122.210014272,109.902985728,70,0,0,115.42,0,0,112.01,0,100,100,4635.0,0.0,16311.0
2009-10-20,4741664300.0,1091.06,180921100.0,103.78,8780700,116.54,-0.188420692018,IBM,None,116.114,1,0.8,3.07439065422,122.262781308,109.965218692,70,0,0,115.42,0,0,112.01,0,100,100,4635.0,0.0,16289.0
2009-10-21,5028912000.0,1081.4,225379300.0,102.85,7171000,114.68,-1.59601853441,IBM,None,116.116,1,0.8,3.07339414637,122.262788293,109.969211707,70,0,0,115.42,0,0,112.01,0,100,100,4635.0,0.0,16103.0
2009-10-22,4633428600.0,1092.91,238444000.0,103.89,6027000,116.41,1.50854551796,IBM,None,116.199,1,0.8,3.05693327579,122.312866552,110.085133448,70,0,0,115.42,0,0,112.01,0,100,100,4635.0,0.0,16276.0
2009-10-23,4382316400.0,1079.6,240033200.0,102.71,6799200,114.2,-1.89846233141,IBM,None,116.165,0,0.8,3.0760971513,122.317194303,110.012805697,70,0,0,115.42,0,0,112.01,0,100,100,4635.0,0.0,16055.0
2009-10-26,4838816600.0,1066.95,242028200.0,101.59,6538500,113.96,-0.210157618214,IBM,None,116.202,1,0.8,3.04308292431,122.288165849,110.115834151,70,0,0,115.42,0,0,112.01,0,100,100,4635.0,0.0,16031.0
2009-10-27,4546349900.0,1063.41,253266300.0,101.13,9445400,114.48,0.4563004563,IBM,None,116.2895,1,0.8,2.9620769296,122.213653859,110.365346141,70,0,0,115.42,0,0,112.01,0,100,100,4635.0,0.0,16083.0
2009-10-28,5510256900.0,1042.63,248821400.0,99.22,8780400,115.28,0.698812019567,IBM,None,116.379,1,0.8,2.89941718282,122.177834366,110.580165634,70,0,0,115.42,0,0,112.01,0,100,100,4635.0,0.0,16163.0
2009-10-29,4844492100.0,1066.11,198110600.0,101.35,6309400,116.58,1.12768910479,IBM,None,116.6145,1,0.8,2.69820500762,122.010910015,111.218089985,70,0,0,115.42,0,0,112.01,0,100,100,4635.0,0.0,16293.0
2009-10-30,5595664500.0,1036.19,325608100.0,98.41,7711700,114.44,-1.83564933951,IBM,None,116.69,1,1.0,2.60934353511,121.90868707,111.47131293,70,0,0,115.42,0,0,112.01,0,100,100,4635.0,0.0,16079.0
2009-11-02,5017092389.0,1042.88,254222900.0,99.13,7049400,114.39,-0.0436910171269,IBM,None,116.7285,1,1.0,2.56699963094,121.862499262,111.594500738,70,0,0,115.42,0,0,112.01,0,100,100,4635.0,0.0,16074.0
2009-11-03,4698829100.0,1045.41,228362600.0,99.45,5706800,114.96,0.498295305534,IBM,None,116.7195,0,0.8,2.57317022367,121.865840447,111.573159553,70,0,0,115.42,0,0,112.01,0,100,100,4635.0,0.0,16131.0
2009-11-04,4768400800.0,1046.5,247996700.0,99.7,6353300,115.08,0.104384133612,IBM,None,116.6485,0,0.6,2.59900643972,121.846512879,111.450487121,0,0,0,115.42,0,0,112.01,0,100,100,4635.0,0.0,16143.0
2009-11-05,4322173900.0,1066.63,180015300.0,101.54,6701800,116.8,1.49461244352,IBM,None,116.687,1,0.6,2.59506231545,121.877124631,111.496875369,0,0,0,115.42,0,0,112.01,0,100,100,4635.0,0.0,16315.0
2009-11-06,3715180800.0,1069.3,170954100.0,101.8,4979600,117.7,0.770547945205,IBM,None,116.5975,0,0.4,2.52317443125,121.643848863,111.551151137,0,0,0,115.42,0,0,112.01,0,100,100,4635.0,0.0,16405.0
2009-11-09,3928288900.0,1093.08,159495700.0,104.12,7764600,120.09,2.03058623619,IBM,SELL,116.575,0,0.2,2.48792769399,121.550855388,111.599144612,0,70,0,0.0,1,0,112.01,0,0,100,16644.0,-12009.0,16644.0
2009-11-10,3797733200.0,1093.01,171899800.0,104.14,6444500,120.96,0.724456657507,IBM,None,116.597,1,0.4,2.52629768634,121.649595373,111.544404627,0,0,0,0.0,0,0,112.01,0,0,100,16644.0,0.0,16644.0
2009-11-11,3639411500.0,1098.51,169466200.0,104.67,6530800,121.22,0.214947089947,IBM,None,116.569,0,0.4,2.46826574531,121.505531491,111.632468509,0,0,0,0.0,0,0,112.01,0,0,100,16644.0,0.0,16644.0
2009-11-12,3565093600.0,1087.24,157144500.0,103.61,5345400,120.34,-0.725952813067,IBM,SELL,116.5145,0,0.2,2.36516489912,121.244829798,111.784170202,0,70,0,0.0,0,1,120.34,0,-100,100,28678.0,-12034.0,16644.0
2009-11-13,3208259400.0,1093.48,150963000.0,104.17,4979700,121.07,0.606614591989,IBM,None,116.797,1,0.4,2.55718410098,121.911368202,111.682631798,0,0,0,0.0,0,0,120.34,0,-100,100,28678.0,0.0,16571.0
2009-11-16,3943118900.0,1109.3,210922200.0,105.68,7822500,122.2,0.933344346246,IBM,BUY,117.069,1,0.6,2.8280175314,122.725035063,111.412964937,0,0,0,0.0,0,0,120.34,1,0,100,16458.0,12220.0,16458.0
2009-11-17,3252929400.0,1110.32,147134100.0,105.8,1027500,122.6,0.327332242226,IBM,None,117.372,1,0.6,3.0816256817,123.535251363,111.208748637,0,0,0,0.0,0,0,120.34,0,0,100,16458.0,0.0,16458.0
2009-11-18,3711761400.0,1109.8,156486800.0,105.74,3970100,122.14,-0.375203915171,IBM,None,117.745,1,0.8,3.18827044353,124.121540887,111.368459113,70,0,0,0.0,0,0,120.34,0,0,100,16458.0,0.0,16458.0
2009-11-19,3786510000.0,1094.9,208734600.0,104.36,5308400,121.56,-0.474864909121,IBM,None,118.0025,1,1.0,3.2813842955,124.565268591,111.439731409,70,0,0,0.0,0,0,120.34,0,0,100,16458.0,0.0,16458.0
2009-11-20,3367162000.0,1091.38,134196000.0,103.99,5354200,121.0,-0.460677854557,IBM,None,118.3425,1,1.0,3.21833705834,124.779174117,111.905825883,70,0,0,0.0,0,0,120.34,0,0,100,16458.0,0.0,16458.0
2009-11-23,3274976895.0,1106.24,148010200.0,105.31,7003500,122.19,0.98347107438,IBM,None,118.754,1,1.0,3.15399896539,125.061997931,112.446002069,70,0,0,0.0,0,0,120.34,0,0,100,16458.0,0.0,16458.0
2009-11-24,3198948300.0,1105.65,138420100.0,105.47,4816500,121.93,-0.212783370161,IBM,None,119.1265,1,1.0,3.06122829665,125.248956593,113.004043407,70,0,0,0.0,0,0,120.34,0,0,100,16458.0,0.0,16458.0
2009-11-25,2515961000.0,1110.63,109564800.0,105.84,3967700,121.31,-0.508488476995,IBM,None,119.428,1,1.0,2.95764237545,125.343284751,113.512715249,70,0,0,0.0,0,0,120.34,0,0,100,16458.0,0.0,16458.0
2009-11-27,1938936600.0,1091.49,126001800.0,104.12,3319200,119.8,-1.24474486852,IBM,None,119.589,1,1.0,2.88110158026,125.351203161,113.826796839,70,0,0,0.0,0,0,120.34,0,0,100,16458.0,0.0,16458.0
2009-11-30,3552348000.0,1095.63,160874800.0,104.47,6302700,120.42,0.517529215359,IBM,None,119.888,1,1.0,2.61679313584,125.121586272,114.654413728,70,0,0,0.0,0,0,120.34,0,0,100,16458.0,0.0,16458.0
2009-12-01,3678709000.0,1108.86,159613700.0,105.77,6578600,121.94,1.26224879588,IBM,None,120.2655,1,1.0,2.30830417361,124.882108347,115.648891653,70,0,0,0.0,0,0,120.34,0,0,100,16458.0,0.0,16458.0
2009-12-02,3120866800.0,1109.24,132315100.0,105.72,4597900,121.24,-0.574052812859,IBM,None,120.5795,1,1.0,1.94755575557,124.474611511,116.684388489,70,0,0,0.0,0,0,120.34,0,0,100,16458.0,0.0,16458.0
2009-12-03,4130150396.0,1099.92,167324900.0,104.89,5760000,121.57,0.272187396899,IBM,None,120.904,1,1.0,1.46354076778,123.831081536,117.976918464,70,0,0,0.0,0,0,120.34,0,0,100,16458.0,0.0,16458.0
2009-12-04,5194526404.0,1105.98,274907800.0,105.49,7068500,121.28,-0.238545693839,IBM,None,121.128,1,1.0,1.10005071654,123.328101433,118.927898567,70,0,0,0.0,0,0,120.34,0,0,100,16458.0,0.0,16458.0
2009-12-07,3423162874.0,1103.25,127973800.0,105.33,4144400,121.08,-0.164907651715,IBM,BUY,121.297,1,1.0,0.749456645287,122.795913291,119.798086709,70,0,1,121.08,0,0,120.34,0,100,100,4350.0,12108.0,16458.0
2009-12-08,3990404022.0,1091.94,169863700.0,104.16,5351400,120.85,-0.189957053188,IBM,None,121.335,1,1.0,0.702855079775,122.74071016,119.92928984,70,0,0,121.08,0,0,120.34,0,100,100,4350.0,0.0,16435.0
2009-12-09,3500185028.0,1095.95,155063400.0,104.55,6071900,122.37,1.25775755068,IBM,None,121.4055,1,1.0,0.733316008572,122.872132017,119.938867983,70,0,0,121.08,0,0,120.34,0,100,100,4350.0,0.0,16587.0
2009-12-10,3457825967.0,1102.35,138014600.0,105.14,7077800,123.27,0.735474380976,IBM,SELL,121.508,1,1.0,0.841337281392,123.190674563,119.825325437,70,0,0,0.0,1,0,120.34,0,0,100,16677.0,-12327.0,16677.0
2009-12-11,2973779975.0,1106.41,124854000.0,105.59,6597200,123.6,0.267705037722,IBM,None,121.671,1,1.0,0.91565277262,123.502305545,119.839694455,70,0,0,0.0,0,0,120.34,0,0,100,16677.0,0.0,16677.0
2009-12-14,3705971044.0,1114.11,107141500.0,106.31,5201300,123.83,0.186084142395,IBM,None,121.809,1,1.0,1.02210258009,123.85320516,119.76479484,70,0,0,0.0,0,0,120.34,0,0,100,16677.0,0.0,16677.0
2009-12-15,4298356378.0,1107.93,120408800.0,105.81,7862600,122.46,-1.10635548736,IBM,None,121.822,1,1.0,1.02896780166,123.879935603,119.764064397,70,0,0,0.0,0,0,120.34,0,0,100,16677.0,0.0,16677.0
2009-12-16,4528223222.0,1109.18,155358200.0,105.97,6372500,122.67,0.171484566389,IBM,None,121.8255,1,1.0,1.03186838716,123.889236774,119.761763226,70,0,0,0.0,0,0,120.34,0,0,100,16677.0,0.0,16677.0
2009-12-17,6937939509.0,1096.08,183390100.0,104.7,5909500,121.42,-1.01899404907,IBM,BUY,121.7895,0,0.8,1.03287781415,123.855255628,119.723744372,70,0,1,121.42,0,0,120.34,0,100,100,4535.0,12142.0,16677.0
2009-12-18,7425143380.0,1102.47,174591200.0,105.29,9106600,121.91,0.403557898205,IBM,None,121.807,1,0.8,1.03174915352,123.870498307,119.743501693,70,0,0,121.42,0,0,120.34,0,100,100,4535.0,0.0,16726.0
2009-12-21,3397516445.0,1114.05,118039600.0,106.36,4772500,122.61,0.574194077598,IBM,None,121.8875,1,0.8,1.02827333557,123.944046671,119.830953329,70,0,0,121.42,0,0,120.34,0,100,100,4535.0,0.0,16796.0
2009-12-22,2860667823.0,1118.02,91707500.0,106.75,5535500,123.83,0.995024875622,IBM,None,121.9695,1,0.8,1.11536859615,124.200237192,119.738762808,70,0,0,121.42,0,0,120.34,0,100,100,4535.0,0.0,16918.0
2009-12-23,2498514708.0,1120.59,111783100.0,106.96,4127600,123.9,0.0565291124929,IBM,None,122.068,1,0.8,1.19578470162,124.459569403,119.676430597,70,0,0,121.42,0,0,120.34,0,100,100,4535.0,0.0,16925.0
2009-12-24,975580122.0,1126.48,39677500.0,107.46,4265100,124.44,0.43583535109,IBM,None,122.2245,1,1.0,1.29228673289,124.809073466,119.639926534,70,0,0,121.42,0,0,120.34,0,100,100,4535.0,0.0,16979.0
2009-12-28,2081255216.0,1127.78,87508500.0,107.69,5800400,126.1,1.33397621344,IBM,SELL,122.5395,1,1.0,1.43062178238,125.400743565,119.678256435,70,0,0,0.0,1,0,120.34,0,0,100,17145.0,-12610.0,17145.0
2009-12-29,1867821021.0,1126.2,80572500.0,107.54,4184200,125.66,-0.348929421094,IBM,None,122.8015,1,1.0,1.50016235964,125.801824719,119.801175281,70,0,0,0.0,0,0,120.34,0,0,100,17145.0,0.0,17145.0
2009-12-30,1814926212.0,1126.42,73138400.0,107.5,3867000,126.35,0.54910074805,IBM,None,123.022,1,1.0,1.68017104393,126.382342088,119.661657912,70,0,0,0.0,0,0,120.34,0,0,100,17145.0,0.0,17145.0
2009-12-31,1801458495.0,1115.1,90637900.0,106.47,4223400,124.76,-1.25840918085,IBM,None,123.198,1,1.0,1.66799785435,126.533995709,119.862004291,70,0,0,0.0,0,0,120.34,0,0,100,17145.0,0.0,17145.0
