,Volume of$SPX,$SPX,Volume ofSPY,SPY,Volume ofIBM,IBM,Symbol,Order,rolling_mean,rolling_std,upper_band,lower_band,long execute,long exit,short execute,short exit,shares,Shares,Cash,Trades,Cummulative_Value
2007-12-31,1836575622.0,1468.36,108126800.0,133.32,5732300,99.27,IBM,None,,,,,0,0,0,0,0,0,10000.0,0.0,10000.0
2008-01-02,2955347400.0,1447.16,204935600.0,132.15,9503500,96.14,IBM,None,,,,,0,0,0,0,0,0,10000.0,0.0,10000.0
2008-01-03,2721188085.0,1447.16,125133300.0,132.09,7528900,96.34,IBM,None,,,,,0,0,0,0,0,0,10000.0,0.0,10000.0
2008-01-04,3544786763.0,1411.63,232330900.0,128.85,11034600,92.87,IBM,None,,,,,0,0,0,0,0,0,10000.0,0.0,10000.0
2008-01-07,3542182477.0,1416.18,234991000.0,128.74,12650400,91.88,IBM,None,,,,,0,0,0,0,0,0,10000.0,0.0,10000.0
2008-01-08,4060237283.0,1390.19,326365700.0,126.66,9434400,89.62,IBM,None,,,,,0,0,0,0,0,0,10000.0,0.0,10000.0
2008-01-09,4397769257.0,1409.13,301824900.0,127.99,10922100,90.28,IBM,None,,,,,0,0,0,0,0,0,10000.0,0.0,10000.0
2008-01-10,4168793189.0,1420.33,335701200.0,128.83,10634700,91.76,IBM,None,,,,,0,0,0,0,0,0,10000.0,0.0,10000.0
2008-01-11,3713724901.0,1401.02,267076600.0,127.79,8959900,89.7,IBM,None,,,,,0,0,0,0,0,0,10000.0,0.0,10000.0
2008-01-14,3047279543.0,1416.25,170365500.0,128.82,18009400,94.53,IBM,None,,,,,0,0,0,0,0,0,10000.0,0.0,10000.0
2008-01-15,3751710030.0,1380.95,239940100.0,125.99,11629500,93.52,IBM,None,,,,,0,0,0,0,0,0,10000.0,0.0,10000.0
2008-01-16,4575330440.0,1373.2,378802600.0,124.9,12681700,93.33,IBM,None,,,,,0,0,0,0,0,0,10000.0,0.0,10000.0
2008-01-17,4773298400.0,1333.25,397892600.0,121.67,11934000,92.85,IBM,None,,,,,0,0,0,0,0,0,10000.0,0.0,10000.0
2008-01-18,4929354982.0,1325.19,348561500.0,120.42,23871700,94.96,IBM,None,,,,,0,0,0,0,0,0,10000.0,0.0,10000.0
2008-01-22,5513905125.0,1310.5,435923700.0,119.19,15129500,92.96,IBM,None,,,,,0,0,0,0,0,0,10000.0,0.0,10000.0
2008-01-23,6059862005.0,1338.6,511913000.0,122.06,19588100,97.44,IBM,None,,,,,0,0,0,0,0,0,10000.0,0.0,10000.0
2008-01-24,4823783234.0,1352.07,259949300.0,123.09,13025700,98.18,IBM,None,,,,,0,0,0,0,0,0,10000.0,0.0,10000.0
2008-01-25,4301651447.0,1330.61,269603900.0,121.31,10025400,95.99,IBM,None,,,,,0,0,0,0,0,0,10000.0,0.0,10000.0
2008-01-28,3259636997.0,1353.96,217934600.0,123.32,7858500,96.41,IBM,None,,,,,0,0,0,0,0,0,10000.0,0.0,10000.0
2008-01-29,3476501861.0,1362.3,168968300.0,123.93,6616200,97.44,IBM,None,94.27350000000001,2.845379033117608,99.96425806623523,88.5827419337648,0,0,0,0,0,0,10000.0,0.0,10000.0
2008-01-30,3968440096.0,1355.81,334939200.0,123.01,7431100,97.02,IBM,None,94.16100000000002,2.6769245904877335,99.51484918097549,88.80715081902454,0,0,0,0,0,0,10000.0,0.0,10000.0
2008-01-31,4445281555.0,1378.55,343680800.0,125.26,9054600,98.36,IBM,None,94.272,2.806208530346507,99.88441706069302,88.65958293930699,0,0,0,0,0,0,10000.0,0.0,10000.0
2008-02-01,4450979424.0,1395.42,206843600.0,127.27,8047100,100.17,IBM,None,94.46350000000001,3.0727807995536063,100.60906159910722,88.3179384008928,0,0,0,0,0,0,10000.0,0.0,10000.0
2008-02-04,3062680882.0,1380.82,124694300.0,125.67,5985500,99.12,IBM,None,94.77600000000002,3.2166366874341628,101.20927337486835,88.3427266251317,0,0,0,0,0,0,10000.0,0.0,10000.0
2008-02-05,3580438084.0,1336.64,286882500.0,122.3,9048900,96.45,IBM,None,95.00450000000004,3.1619405683685455,101.32838113673712,88.68061886326295,0,0,0,0,0,0,10000.0,0.0,10000.0
2008-02-06,3453501811.0,1326.45,250792900.0,121.32,8265700,95.5,IBM,None,95.29850000000003,2.897216949527883,101.0929338990558,89.50406610094427,0,0,0,0,0,0,10000.0,0.0,10000.0
2008-02-07,4043408032.0,1336.91,297368100.0,122.12,11255800,94.34,IBM,None,95.50150000000004,2.659567188769449,100.82063437753894,90.18236562246113,0,0,0,0,0,0,10000.0,0.0,10000.0
2008-02-08,3195169934.0,1331.29,221643500.0,121.34,6085600,95.2,IBM,None,95.67350000000003,2.512003341851634,100.6975066837033,90.64949331629677,0,0,0,0,0,0,10000.0,0.0,10000.0
2008-02-11,3003486390.0,1339.13,188576300.0,121.96,6098300,96.92,IBM,None,96.03450000000004,2.0920613732569606,100.21862274651396,91.85037725348612,0,0,0,0,0,0,10000.0,0.0,10000.0
2008-02-12,3184743023.0,1348.86,256654400.0,123.09,7650200,98.21,IBM,None,96.21850000000003,2.114484570764261,100.44746914152856,91.98953085847151,0,0,0,0,0,0,10000.0,0.0,10000.0
2008-02-13,3062644028.0,1367.21,181967800.0,124.35,6608200,99.95,IBM,None,96.54000000000005,2.1706753739211,100.88135074784225,92.19864925215785,0,0,0,0,0,0,10000.0,0.0,10000.0
2008-02-14,2852327094.0,1348.86,215108500.0,123.25,7340600,97.84,IBM,None,96.76550000000005,2.0505929181067675,100.86668583621358,92.66431416378651,0,0,0,0,0,0,10000.0,0.0,10000.0
2008-02-15,3046798400.0,1349.99,154110300.0,123.22,6235600,97.87,IBM,None,97.01650000000004,1.8428018570130358,100.70210371402611,93.33089628597396,0,0,0,0,0,0,10000.0,0.0,10000.0
2008-02-19,2861105869.0,1348.78,145190000.0,123.57,7376400,96.8,IBM,None,97.10850000000003,1.7795749788259354,100.6676499576519,93.54935004234817,0,0,0,0,0,0,10000.0,0.0,10000.0
2008-02-20,3203717695.0,1360.03,220085700.0,123.94,7671000,99.42,IBM,None,97.43150000000004,1.559643262179957,100.55078652435995,94.31221347564014,0,0,0,0,0,0,10000.0,0.0,10000.0
2008-02-21,3056214844.0,1342.53,201051200.0,122.91,8328000,98.57,IBM,None,97.48800000000003,1.580298439502779,100.64859687900558,94.32740312099448,0,0,0,0,0,0,10000.0,0.0,10000.0
2008-02-22,2934422068.0,1353.11,205491000.0,123.66,7917200,99.63,IBM,None,97.56050000000003,1.6456273000064447,100.85175460001292,94.26924539998714,0,0,0,0,0,0,10000.0,0.0,10000.0
2008-02-25,3036551324.0,1371.8,190107000.0,125.22,8158000,101.48,IBM,None,97.83500000000002,1.8186562419313843,101.4723124838628,94.19768751613725,0,0,0,0,0,0,10000.0,0.0,10000.0
2008-02-26,3167905982.0,1381.29,212420700.0,126.16,18651500,105.44,IBM,None,98.28650000000002,2.4556171375676628,103.19773427513535,93.37526572486469,0,0,0,0,0,0,10000.0,0.0,10000.0
2008-02-27,3157178309.0,1380.02,168395800.0,126.03,11854900,107.36,IBM,None,98.7825,3.172767138601525,105.12803427720304,92.43696572279696,0,0,0,0,0,0,10000.0,0.0,10000.0
2008-02-28,3147416912.0,1367.68,170831100.0,124.8,7227200,106.24,IBM,SELL,99.2435,3.5505378021098126,106.34457560421963,92.14242439578037,0,0,1,0,-100,100,20624.0,-10624.0,10000.0
2008-02-29,3634163221.0,1330.63,252715200.0,122.02,8475100,104.96,IBM,None,99.5735,3.7643749393771593,107.10224987875432,92.04475012124567,0,0,0,0,-100,100,20624.0,0.0,10128.0
2008-03-03,3178159274.0,1331.34,189483500.0,121.73,6335700,105.3,IBM,None,99.83,3.9759871333054906,107.78197426661097,91.87802573338902,0,0,0,0,-100,100,20624.0,0.0,10094.0
2008-03-04,3997376501.0,1326.75,282513100.0,121.26,8593300,106.67,IBM,None,100.20750000000001,4.253743707173259,108.71498741434652,91.7000125856535,0,0,0,0,-100,100,20624.0,0.0,9957.0
2008-03-05,3493795400.0,1333.7,270681400.0,122.03,8434200,106.37,IBM,None,100.70349999999999,4.36932883560903,109.44215767121806,91.96484232878193,0,0,0,0,-100,100,20624.0,0.0,9987.0
2008-03-06,3356842411.0,1304.34,247911700.0,119.5,8018400,103.73,IBM,None,101.11499999999998,4.239080709677308,109.5931614193546,92.63683858064536,0,0,0,0,-100,100,20624.0,0.0,10251.0
2008-03-07,3668140593.0,1293.37,326434600.0,118.27,8124900,105.04,IBM,None,101.64999999999999,4.007931609879854,109.6658632197597,93.63413678024028,0,0,0,0,-100,100,20624.0,0.0,10120.0
2008-03-10,3442053070.0,1273.37,235683300.0,116.71,9747300,105.1,IBM,None,102.145,3.7739153199436966,109.69283063988739,94.5971693601126,0,0,0,0,-100,100,20624.0,0.0,10114.0
2008-03-11,4362268400.0,1320.65,341440600.0,120.91,10480600,107.39,IBM,None,102.6685,3.7369749587207255,110.14244991744144,95.19455008255855,0,0,0,0,-100,100,20624.0,0.0,9885.0
2008-03-12,3502542570.0,1308.77,229161100.0,119.78,9083200,107.92,IBM,None,103.154,3.757942326102984,110.66988465220597,95.63811534779403,0,0,0,0,-100,100,20624.0,0.0,9832.0
2008-03-13,4223691013.0,1315.48,351504200.0,120.04,9548900,106.85,IBM,None,103.499,3.765038477471731,111.02907695494346,95.96892304505653,0,0,0,0,-100,100,20624.0,0.0,9939.0
2008-03-14,4540935800.0,1288.14,484687800.0,118.18,9734600,106.23,IBM,None,103.9185,3.5633311957390217,111.04516239147804,96.79183760852194,0,0,0,0,-100,100,20624.0,0.0,10001.0
2008-03-17,4909783500.0,1276.6,405311100.0,116.99,9280300,106.52,IBM,None,104.351,3.3062268206331935,110.96345364126638,97.73854635873361,0,0,0,0,-100,100,20624.0,0.0,9972.0
2008-03-18,4614069600.0,1330.74,334416600.0,121.85,9966500,109.16,IBM,None,104.96899999999998,2.9572567302183415,110.88351346043666,99.0544865395633,0,0,0,0,-100,100,20624.0,0.0,9708.0
2008-03-19,4194101574.0,1298.42,345971600.0,118.83,9314400,107.8,IBM,None,105.38799999999999,2.7132610016654435,110.81452200333088,99.9614779966691,0,0,0,0,-100,100,20624.0,0.0,9844.0
2008-03-20,4839239300.0,1329.51,245320700.0,121.03,11417900,109.08,IBM,None,105.91349999999997,2.3112613894856238,110.53602277897122,101.29097722102873,0,0,0,0,-100,100,20624.0,0.0,9716.0
2008-03-24,3522849324.0,1349.88,208977300.0,123.45,8398000,109.76,IBM,None,106.41999999999999,1.9423127830936942,110.30462556618738,102.53537443381259,0,0,0,0,-100,100,20624.0,0.0,9648.0
2008-03-25,3208608815.0,1352.99,192947200.0,123.57,8443600,108.75,IBM,None,106.78349999999998,1.6232140793404926,110.02992815868096,103.53707184131899,0,0,0,0,-100,100,20624.0,0.0,9749.0
2008-03-26,3269183720.0,1341.13,196934300.0,122.06,9617100,107.78,IBM,None,106.9005,1.6055150837694785,110.11153016753894,103.68946983246104,0,0,0,0,-100,100,20624.0,0.0,9846.0
2008-03-27,3276669936.0,1325.76,225153200.0,121.67,8437200,106.49,IBM,BUY,106.85699999999997,1.6041954861847487,110.06539097236947,103.64860902763047,0,0,0,1,0,100,9975.0,10649.0,9975.0
2008-03-28,2959860300.0,1315.22,180896100.0,120.51,6600900,105.62,IBM,None,106.82599999999998,1.6226307424415984,110.07126148488318,103.58073851511678,0,0,0,0,0,100,9975.0,0.0,9975.0
2008-03-31,3292285325.0,1322.7,166692100.0,120.93,9707200,106.14,IBM,None,106.88499999999996,1.5718694870157988,110.02873897403155,103.74126102596837,0,0,0,0,0,100,9975.0,0.0,9975.0
2008-04-01,3801212162.0,1370.18,254547300.0,125.18,11875400,107.39,IBM,None,106.98949999999995,1.5298623089060395,110.04922461781203,103.92977538218787,0,0,0,0,0,100,9975.0,0.0,9975.0
2008-04-02,3405022375.0,1367.53,210910800.0,125.26,8007600,105.84,IBM,None,106.94799999999995,1.5501089944702688,110.0482179889405,103.84778201105941,0,0,0,0,0,100,9975.0,0.0,9975.0
2008-04-03,3063477608.0,1369.31,175884800.0,125.58,7052900,106.95,IBM,None,106.97699999999995,1.5441403672221636,110.06528073444427,103.88871926555562,0,0,0,0,0,100,9975.0,0.0,9975.0
2008-04-04,2976815700.0,1370.4,204446800.0,125.44,5733200,106.71,IBM,None,107.12599999999995,1.345309199443037,109.81661839888602,104.43538160111387,0,0,0,0,0,100,9975.0,0.0,9975.0
2008-04-07,2965662366.0,1372.54,154245500.0,125.5,6181200,107.22,IBM,None,107.23499999999994,1.252515363914919,109.74003072782978,104.72996927217011,0,0,0,0,0,100,9975.0,0.0,9975.0
2008-04-08,2898661593.0,1365.54,148937300.0,125.37,7283300,107.19,IBM,None,107.33949999999996,1.1478239136918753,109.6351478273837,105.04385217261621,0,0,0,0,0,100,9975.0,0.0,9975.0
2008-04-09,2851267613.0,1354.49,195610600.0,124.47,6819100,107.65,IBM,None,107.35249999999996,1.1498964484274627,109.65229289685489,105.05270710314504,0,0,0,0,0,100,9975.0,0.0,9975.0
2008-04-10,3136318883.0,1360.55,192967800.0,124.64,9149300,109.5,IBM,None,107.43149999999996,1.2415579135233334,109.91461582704662,104.9483841729533,0,0,0,0,0,100,9975.0,0.0,9975.0
2008-04-11,3122732460.0,1332.83,222973300.0,122.22,9556800,106.94,IBM,None,107.43599999999996,1.2395007483918643,109.91500149678369,104.95699850321624,0,0,0,0,0,100,9975.0,0.0,9975.0
2008-04-14,2735514347.0,1328.32,160522000.0,121.81,7745600,108.12,IBM,None,107.53049999999996,1.2145108393704094,109.95952167874078,105.10147832125914,0,0,0,0,0,100,9975.0,0.0,9975.0
2008-04-15,2851984900.0,1334.43,172389200.0,122.09,8642000,108.01,IBM,None,107.60499999999998,1.1948023399624756,109.99460467992493,105.21539532007502,0,0,0,0,0,100,9975.0,0.0,9975.0
2008-04-16,3372312940.0,1364.71,189268900.0,125.4,19317700,111.06,IBM,None,107.69999999999997,1.3852987517426767,110.47059750348532,104.92940249651463,0,0,0,0,0,100,9975.0,0.0,9975.0
2008-04-17,2908678090.0,1365.56,179665700.0,125.58,18999100,113.46,IBM,None,107.98299999999998,1.8921975528332797,111.76739510566654,104.19860489433341,0,0,0,0,0,100,9975.0,0.0,9975.0
2008-04-18,3557872547.0,1390.33,218530600.0,126.89,12490800,114.68,IBM,None,108.26299999999996,2.4072939601401484,113.07758792028027,103.44841207971966,0,0,0,0,0,100,9975.0,0.0,9975.0
2008-04-21,2732003909.0,1388.17,118587400.0,126.96,6952800,114.63,IBM,None,108.50649999999996,2.7835801918054166,114.07366038361079,102.93933961638913,0,0,0,0,0,100,9975.0,0.0,9975.0
2008-04-22,2807360290.0,1375.94,162166100.0,126.4,5417500,114.01,IBM,SELL,108.76949999999997,3.0440960545742772,114.85769210914852,102.68130789085141,0,0,1,0,-100,100,21376.0,-11401.0,9975.0
2008-04-23,3419256500.0,1379.93,193309000.0,126.2,7593300,113.94,IBM,None,109.07749999999996,3.2437922494968388,115.56508449899364,102.58991550100627,0,0,0,0,-100,100,21376.0,0.0,9982.0
2008-04-24,3683563500.0,1388.82,229381300.0,126.75,5996700,114.49,IBM,None,109.47749999999996,3.3975345163036605,116.27256903260728,102.68243096739265,0,0,0,0,-100,100,21376.0,0.0,9927.0
2008-04-25,3143361500.0,1397.84,190788100.0,127.92,6313400,113.46,IBM,None,109.86949999999997,3.381282028742328,116.63206405748463,103.10693594251532,0,0,0,0,-100,100,21376.0,0.0,10030.0
2008-04-28,2822952671.0,1396.37,105610200.0,127.95,5605200,112.18,IBM,None,110.17149999999997,3.2993895368371704,116.7702790736743,103.57272092632563,0,0,0,0,-100,100,21376.0,0.0,10158.0
2008-04-29,2880080443.0,1390.94,125514100.0,127.44,7226000,113.25,IBM,None,110.46449999999997,3.299576487975563,117.0636529759511,103.86534702404884,0,0,0,0,-100,100,21376.0,0.0,10051.0
2008-04-30,3512458087.0,1385.59,208395900.0,126.69,8128300,111.27,IBM,None,110.73599999999996,3.1174000638185517,116.97080012763706,104.50119987236286,0,0,0,0,-100,100,21376.0,0.0,10249.0
2008-05-01,3510225105.0,1409.34,187279500.0,129.31,8230200,113.95,IBM,None,111.08599999999997,3.0624335008893855,117.21086700177874,104.9611329982212,0,0,0,0,-100,100,21376.0,0.0,9981.0
2008-05-02,3202914000.0,1413.9,181585500.0,129.67,6916600,113.56,IBM,None,111.42849999999996,2.927336268961964,117.28317253792389,105.57382746207603,0,0,0,0,-100,100,21376.0,0.0,10020.0
2008-05-05,2943591634.0,1407.49,118504500.0,129.05,6359300,112.5,IBM,None,111.69249999999997,2.7611913428048,117.21488268560957,106.17011731439037,0,0,0,0,-100,100,21376.0,0.0,10126.0
2008-05-06,3175056129.0,1418.26,179339800.0,130.17,5910400,113.22,IBM,None,111.99399999999996,2.565992985181613,117.12598597036319,106.86201402963673,0,0,0,0,-100,100,21376.0,0.0,10054.0
2008-05-07,3224787499.0,1392.57,199267300.0,127.85,11406800,114.91,IBM,None,112.35699999999994,2.4289852765476976,117.21497055309534,107.49902944690454,0,0,0,0,-100,100,21376.0,0.0,9885.0
2008-05-08,2865517385.0,1397.68,178321200.0,127.52,9794000,115.63,IBM,None,112.66349999999996,2.4362466278232673,117.53599325564649,107.79100674435342,0,0,0,0,-100,100,21376.0,0.0,9813.0
2008-05-09,2595748686.0,1388.28,152588200.0,127.28,5502900,114.83,IBM,None,113.05799999999995,2.072289859831199,117.20257971966235,108.91342028033755,0,0,0,0,-100,100,21376.0,0.0,9893.0
2008-05-12,2627923285.0,1403.58,147865900.0,128.71,8666800,115.93,IBM,None,113.44849999999994,1.8123560559905338,117.07321211198101,109.82378788801887,0,0,0,0,-100,100,21376.0,0.0,9783.0
2008-05-13,3306528176.0,1403.04,159132200.0,128.73,9693400,117.17,IBM,None,113.90649999999994,1.495344617911599,116.89718923582313,110.91581076417674,0,0,0,0,-100,100,21376.0,0.0,9659.0
2008-05-14,3269879100.0,1408.66,181910800.0,128.99,8888300,118.04,IBM,None,114.25549999999994,1.6064392628619957,117.46837852572394,111.04262147427595,0,0,0,0,-100,100,21376.0,0.0,9572.0
2008-05-15,3168663100.0,1423.57,166927000.0,130.61,7227900,118.91,IBM,None,114.52799999999993,1.8998437608895442,118.32768752177903,110.72831247822084,0,0,0,0,-100,100,21376.0,0.0,9485.0
2008-05-16,3189400900.0,1425.35,204236800.0,130.73,6372100,118.31,IBM,None,114.70949999999993,2.079983489307292,118.86946697861453,110.54953302138534,0,0,0,0,-100,100,21376.0,0.0,9545.0
2008-05-19,3012698500.0,1426.63,165664400.0,131.08,6385200,117.08,IBM,None,114.83199999999992,2.1461485699298644,119.12429713985965,110.5397028601402,0,0,0,0,-100,100,21376.0,0.0,9668.0
2008-05-20,3193835500.0,1413.4,178552100.0,130.02,7017700,115.87,IBM,None,114.92499999999991,2.148952008967065,119.22290401793404,110.62709598206578,0,0,0,0,-100,100,21376.0,0.0,9789.0
2008-05-21,3582283600.0,1390.71,252724800.0,127.82,8333900,114.43,IBM,BUY,114.9494999999999,2.139905248763527,119.22931049752695,110.66968950247285,0,0,0,1,0,100,9933.0,11443.0,9933.0
2008-05-22,3055960600.0,1394.35,170820400.0,127.84,5031300,115.43,IBM,None,114.9964999999999,2.1396046732740657,119.27570934654803,110.71729065345177,0,0,0,0,0,100,9933.0,0.0,9933.0
2008-05-23,2858386400.0,1375.93,181376400.0,126.13,4701500,114.96,IBM,None,115.0714999999999,2.1089814827869704,119.28946296557385,110.85353703442595,0,0,0,0,0,100,9933.0,0.0,9933.0
2008-05-27,2819251500.0,1385.35,168322900.0,127.06,6989200,117.85,IBM,None,115.3549999999999,2.0807399999447145,119.51647999988933,111.19352000011048,0,0,0,0,0,100,9933.0,0.0,9933.0
2008-05-28,3065234100.0,1390.84,181288100.0,127.65,9875600,119.91,IBM,None,115.6879999999999,2.2520086940099198,120.19201738801974,111.18398261198007,0,0,0,0,0,100,9933.0,0.0,9933.0
2008-05-29,2954424900.0,1398.26,173927200.0,128.29,7561500,120.06,IBM,None,116.1274999999999,2.2015756917074953,120.53065138341489,111.7243486165849,0,0,0,0,0,100,9933.0,0.0,9933.0
2008-05-30,2987596800.0,1400.38,117362000.0,128.61,8652900,119.8,IBM,None,116.41999999999992,2.284114477728729,120.98822895545737,111.85177104454246,0,0,0,0,0,100,9933.0,0.0,9933.0
2008-06-02,2976618900.0,1385.67,181069900.0,127.28,7599300,117.89,IBM,None,116.63649999999991,2.20251357603833,121.04152715207657,112.23147284792326,0,0,0,0,0,100,9933.0,0.0,9933.0
2008-06-03,3606553900.0,1377.65,271965700.0,126.54,7238200,118.33,IBM,None,116.92799999999991,2.0029993299527256,120.93399865990537,112.92200134009445,0,0,0,0,0,100,9933.0,0.0,9933.0
2008-06-04,3529209000.0,1377.2,246637700.0,126.47,6432300,118.06,IBM,None,117.16999999999992,1.814981513607908,120.79996302721574,113.5400369727841,0,0,0,0,0,100,9933.0,0.0,9933.0
2008-06-05,3436026500.0,1404.05,237867100.0,129.0,6153300,118.92,IBM,None,117.37049999999992,1.7731906270905051,120.91688125418094,113.82411874581891,0,0,0,0,0,100,9933.0,0.0,9933.0
2008-06-06,4030107200.0,1360.68,384077400.0,124.89,7866700,115.65,IBM,None,117.37149999999993,1.7721627435072946,120.91582548701452,113.82717451298534,0,0,0,0,0,100,9933.0,0.0,9933.0
2008-06-09,3685720600.0,1361.76,228263900.0,125.19,5584000,116.5,IBM,None,117.45499999999993,1.6832221606510778,120.82144432130208,114.08855567869777,0,0,0,0,0,100,9933.0,0.0,9933.0
2008-06-10,3636614100.0,1358.44,260138500.0,124.57,5384200,116.57,IBM,None,117.48699999999994,1.6586078499758838,120.80421569995171,114.16978430004816,0,0,0,0,0,100,9933.0,0.0,9933.0
2008-06-11,3867312400.0,1335.49,283890100.0,122.73,7207200,114.08,IBM,None,117.33249999999994,1.8252379080695895,120.98297581613912,113.68202418386076,0,0,0,0,0,100,9933.0,0.0,9933.0
2008-06-12,4064100500.0,1339.87,252791800.0,123.2,6748600,114.64,IBM,None,117.16249999999994,1.9121409191632441,120.98678183832642,113.33821816167345,0,0,0,0,0,100,9933.0,0.0,9933.0
2008-06-13,3618031100.0,1360.03,244726900.0,124.76,6379600,116.77,IBM,None,117.05549999999994,1.868586504906155,120.79267300981225,113.31832699018763,0,0,0,0,0,100,9933.0,0.0,9933.0
2008-06-16,3074462300.0,1360.14,185832500.0,124.83,6280200,117.29,IBM,None,117.00449999999994,1.8463319967185943,120.69716399343713,113.31183600656274,0,0,0,0,0,100,9933.0,0.0,9933.0
2008-06-17,3039834700.0,1350.93,191707700.0,124.23,5277900,115.8,IBM,None,116.94049999999996,1.8656605292839112,120.67182105856779,113.20917894143213,0,0,0,0,0,100,9933.0,0.0,9933.0
2008-06-18,3839114000.0,1337.81,265893000.0,123.02,6614700,114.93,IBM,None,116.89349999999995,1.9054638197621745,120.7044276395243,113.0825723604756,0,0,0,0,0,100,9933.0,0.0,9933.0
2008-06-19,3899843400.0,1342.83,304204900.0,123.17,7570200,115.72,IBM,None,116.95799999999994,1.8383362042895217,120.63467240857898,113.2813275914209,0,0,0,0,0,100,9933.0,0.0,9933.0
2008-06-20,4484523200.0,1317.93,289275700.0,121.18,9624900,113.61,IBM,None,116.86699999999996,1.9590387008889207,120.7850774017778,112.94892259822213,0,0,0,0,0,100,9933.0,0.0,9933.0
2008-06-23,3397127500.0,1318.0,165096400.0,121.06,5852300,114.28,IBM,None,116.83299999999997,1.9993633197125846,120.83172663942514,112.8342733605748,0,0,0,0,0,100,9933.0,0.0,9933.0
2008-06-24,3835007800.0,1314.29,267300600.0,120.82,7552900,114.28,IBM,None,116.65449999999998,2.062164103430006,120.77882820686,112.53017179313997,0,0,0,0,0,100,9933.0,0.0,9933.0
2008-06-25,3884489500.0,1321.97,287853900.0,121.39,7131500,115.32,IBM,None,116.425,1.9320986680704164,120.28919733614083,112.56080266385916,0,0,0,0,0,100,9933.0,0.0,9933.0
2008-06-26,4269199500.0,1283.15,297775000.0,118.09,9710600,112.12,IBM,None,116.02799999999999,1.9614001443655842,119.95080028873116,112.10519971126882,0,0,0,0,0,100,9933.0,0.0,9933.0
2008-06-27,4562715400.0,1278.38,303423400.0,117.45,11660400,111.12,IBM,None,115.59399999999998,2.0415174954459854,119.67703499089195,111.510965009108,0,0,0,0,0,100,9933.0,0.0,9933.0
2008-06-30,4051360000.0,1280.0,258842600.0,117.86,8439000,109.72,IBM,None,115.18549999999998,2.3517395017756617,119.8889790035513,110.48202099644865,0,0,0,0,0,100,9933.0,0.0,9933.0
2008-07-01,4833260400.0,1284.91,388622000.0,118.23,10069400,110.4,IBM,BUY,114.78899999999999,2.4596938192002726,119.70838763840054,109.86961236159944,1,0,0,0,100,100,-1107.0,11040.0,9933.0
2008-07-02,4168925000.0,1261.52,288064600.0,116.2,8093200,110.24,IBM,None,114.39799999999998,2.532817445164138,119.46363489032825,109.33236510967171,0,0,0,0,100,100,-1107.0,0.0,9917.0
2008-07-03,2515360800.0,1262.9,239352500.0,116.32,6115200,110.65,IBM,None,113.98449999999998,2.42863937432624,118.84177874865246,109.1272212513475,0,0,0,0,100,100,-1107.0,0.0,9958.0
2008-07-07,4369858400.0,1252.31,372427300.0,115.13,9131100,112.46,IBM,None,113.82499999999997,2.418230105284999,118.66146021056997,108.98853978942998,0,0,0,0,100,100,-1107.0,0.0,10139.0
2008-07-08,4860435700.0,1273.7,375973700.0,117.18,9813300,114.67,IBM,SELL,113.73349999999998,2.345206252853357,118.4239125057067,109.04308749429326,0,1,0,0,0,100,10360.0,-11467.0,10360.0
2008-07-09,4383177300.0,1244.69,336729400.0,114.92,9506700,111.45,IBM,None,113.47749999999996,2.2982576352306876,118.07401527046135,108.88098472953858,0,0,0,0,0,100,10360.0,0.0,10360.0
2008-07-10,4854139500.0,1253.39,436475700.0,115.39,10053600,114.02,IBM,None,113.47449999999996,2.2974688016898637,118.0694376033797,108.87956239662023,0,0,0,0,0,100,10360.0,0.0,10360.0
2008-07-11,5597544400.0,1239.49,481124600.0,114.05,8841400,113.04,IBM,None,113.39449999999997,2.2825573723120627,117.95961474462409,108.82938525537584,0,0,0,0,0,100,10360.0,0.0,10360.0
2008-07-14,4543494800.0,1228.3,322720800.0,113.02,8317400,112.5,IBM,None,113.18099999999997,2.145813304284299,117.47262660856856,108.88937339143138,0,0,0,0,0,100,10360.0,0.0,10360.0
2008-07-15,6323831500.0,1214.91,502502500.0,111.42,10710500,114.04,IBM,None,113.01849999999997,1.930525630632162,116.8795512612643,109.15744873873565,0,0,0,0,0,100,10360.0,0.0,10360.0
2008-07-16,5534893800.0,1245.36,371642900.0,114.16,9898800,116.57,IBM,None,113.05699999999997,1.9955004648620223,117.04800092972401,109.06599907027594,0,0,0,0,0,100,10360.0,0.0,10360.0
2008-07-17,6085597300.0,1260.32,375490600.0,115.3,12298200,117.11,IBM,None,113.16599999999998,2.156257479010998,117.47851495802198,108.85348504197799,0,0,0,0,0,100,10360.0,0.0,10360.0
2008-07-18,4850896400.0,1260.68,267030100.0,116.02,18317800,120.23,IBM,None,113.3915,2.622771284448515,118.63704256889703,108.14595743110296,0,0,0,0,0,100,10360.0,0.0,10360.0
2008-07-21,3912713400.0,1260.0,222863000.0,116.08,7779600,119.09,IBM,SELL,113.6655,2.916588625522588,119.49867725104517,107.83232274895482,0,0,1,0,-100,100,22269.0,-11909.0,10360.0
2008-07-22,5213062100.0,1277.0,296904200.0,117.4,11428600,120.33,IBM,None,113.96799999999999,3.2753555050119303,120.51871101002385,107.41728898997613,0,0,0,0,-100,100,22269.0,0.0,10236.0
2008-07-23,5511443600.0,1282.19,311698400.0,118.03,10230300,119.89,IBM,None,114.24849999999996,3.533525561636463,121.3155511232729,107.18144887672703,0,0,0,0,-100,100,22269.0,0.0,10280.0
2008-07-24,5021457000.0,1252.54,248634500.0,115.59,8946300,120.33,IBM,None,114.49899999999995,3.7823118800405915,122.06362376008113,106.93437623991878,0,0,0,0,-100,100,22269.0,0.0,10236.0
2008-07-25,3827519400.0,1257.76,219131000.0,115.56,7565500,118.97,IBM,None,114.84149999999995,3.8647928725055745,122.5710857450111,107.1119142549888,0,0,0,0,-100,100,22269.0,0.0,10372.0
2008-07-28,3615825200.0,1234.37,205201300.0,113.86,6096800,116.86,IBM,None,115.12849999999996,3.7862163796705683,122.7009327593411,107.55606724065882,0,0,0,0,-100,100,22269.0,0.0,10583.0
2008-07-29,4375477800.0,1263.2,261505600.0,116.29,5979400,118.17,IBM,None,115.55099999999997,3.618679462543359,122.7883589250867,108.31364107491325,0,0,0,0,-100,100,22269.0,0.0,10452.0
2008-07-30,4400320300.0,1284.26,354710000.0,118.37,5826100,119.28,IBM,None,115.99499999999998,3.4961023410290655,122.9872046820581,109.00279531794185,0,0,0,0,-100,100,22269.0,0.0,10341.0
2008-07-31,4377089900.0,1267.38,277402100.0,116.8,5857300,118.46,IBM,None,116.40599999999999,3.2590738109568353,122.92414762191366,109.88785237808632,0,0,0,0,-100,100,22269.0,0.0,10423.0
2008-08-01,3737466300.0,1260.31,248690900.0,116.18,4939700,117.22,IBM,None,116.73449999999998,2.966324103029216,122.66714820605841,110.80185179394155,0,0,0,0,-100,100,22269.0,0.0,10547.0
2008-08-04,3460897300.0,1249.01,188239600.0,115.11,5994900,118.07,IBM,None,117.01499999999999,2.8015136885922893,122.61802737718456,111.41197262281541,0,0,0,0,-100,100,22269.0,0.0,10462.0
2008-08-05,4289026000.0,1284.88,251577600.0,118.21,6969900,119.29,IBM,None,117.24599999999998,2.788420416840721,122.82284083368143,111.66915916631854,0,0,0,0,-100,100,22269.0,0.0,10340.0
2008-08-06,4069899100.0,1289.19,209555400.0,118.73,6253800,120.02,IBM,None,117.6745,2.493778521800005,122.6620570436,112.68694295639999,0,0,0,0,-100,100,22269.0,0.0,10267.0
2008-08-07,4452758500.0,1266.07,246312500.0,116.97,6633500,119.92,IBM,None,117.9695,2.3853290074297413,122.74015801485947,113.19884198514052,0,0,0,0,-100,100,22269.0,0.0,10277.0
2008-08-08,3977489400.0,1296.32,260811700.0,119.14,8561800,119.7,IBM,None,118.30249999999998,2.1099136300610377,122.52232726012205,114.0826727398779,0,0,0,0,-100,100,22269.0,0.0,10299.0
2008-08-11,3885672200.0,1305.32,249425800.0,120.37,7490400,117.64,IBM,BUY,118.55949999999999,1.6227315340439123,121.80496306808782,115.31403693191216,0,0,0,1,0,100,10505.0,11764.0,10505.0
2008-08-12,3566647500.0,1289.59,213200800.0,119.12,6996800,116.36,IBM,None,118.67549999999999,1.3411443464058228,121.35778869281162,115.99321130718835,0,0,0,0,0,100,10505.0,0.0,10505.0
2008-08-13,3678548300.0,1285.83,256393200.0,118.4,5857800,116.9,IBM,None,118.69199999999998,1.3156651309674763,121.32333026193493,116.06066973806503,0,0,0,0,0,100,10505.0,0.0,10505.0
2008-08-14,3169369600.0,1292.93,239555300.0,119.3,6813000,117.96,IBM,None,118.73449999999998,1.2749715167103195,121.28444303342062,116.18455696657935,0,0,0,0,0,100,10505.0,0.0,10505.0
2008-08-15,3183170200.0,1298.2,181000800.0,119.88,5566200,117.42,IBM,None,118.59399999999998,1.2561863757133653,121.1063727514267,116.08162724857326,0,0,0,0,0,100,10505.0,0.0,10505.0
2008-08-18,3056777400.0,1278.6,172275100.0,118.24,5970000,115.77,IBM,None,118.42799999999997,1.3984939267510095,121.22498785350199,115.63101214649795,0,0,0,0,0,100,10505.0,0.0,10505.0
2008-08-19,3278792100.0,1266.69,194673700.0,116.95,9311600,113.89,IBM,None,118.10599999999997,1.6553276031305055,121.41665520626098,114.79534479373895,0,0,0,0,0,100,10505.0,0.0,10505.0
2008-08-20,3599261000.0,1274.54,225498200.0,117.49,6871600,113.84,IBM,None,117.80349999999999,1.8531346842300285,121.50976936846004,114.09723063153993,0,0,0,0,0,100,10505.0,0.0,10505.0
2008-08-21,3145589300.0,1277.72,180609800.0,117.69,6315000,114.29,IBM,BUY,117.5015,1.910985623345494,121.32347124669099,113.679528753309,1,0,0,0,100,100,-924.0,11429.0,10505.0
2008-08-22,2992914500.0,1292.2,167715300.0,119.4,5989200,116.09,IBM,None,117.3575,1.9029972895966312,121.16349457919327,113.55150542080673,0,0,0,0,100,100,-924.0,0.0,10685.0
2008-08-25,2790030000.0,1266.84,171936900.0,116.98,5827400,114.17,IBM,None,117.223,2.0307818043413013,121.2845636086826,113.1614363913174,0,0,0,0,100,100,-924.0,0.0,10493.0
2008-08-26,2776949400.0,1271.51,159117200.0,117.32,6218200,113.83,IBM,None,117.006,2.1524928021156073,121.31098560423122,112.70101439576878,0,0,0,0,100,100,-924.0,0.0,10459.0
2008-08-27,2691944000.0,1281.66,171032800.0,118.46,5843800,114.65,IBM,None,116.77449999999999,2.144013636543814,121.06252727308761,112.48647272691237,0,0,0,0,100,100,-924.0,0.0,10541.0
2008-08-28,3086382000.0,1300.68,167409100.0,119.9,5448200,115.76,IBM,None,116.6395,2.1171342970110723,120.87376859402214,112.40523140597786,0,0,0,0,100,100,-924.0,0.0,10652.0
2008-08-29,2859087200.0,1282.83,189195800.0,118.61,7156000,113.12,IBM,None,116.4345,2.2521603079339645,120.93882061586793,111.93017938413207,0,0,0,0,100,100,-924.0,0.0,10388.0
2008-09-02,3851220100.0,1277.58,252364900.0,117.87,11749800,110.03,IBM,None,116.0325,2.6306190486174583,121.29373809723492,110.77126190276508,0,0,0,0,100,100,-924.0,0.0,10079.0
2008-09-03,3979038200.0,1274.98,251947000.0,117.77,11316600,109.97,IBM,None,115.56649999999999,2.8403340704185824,121.24716814083716,109.88583185916282,0,0,0,0,100,100,-924.0,0.0,10073.0
2008-09-04,4283878500.0,1236.83,340042500.0,114.22,10133800,106.86,IBM,None,114.9085,3.2492319335338933,121.40696386706779,108.41003613293222,0,0,0,0,100,100,-924.0,0.0,9762.0
2008-09-05,4074428100.0,1242.31,289503400.0,114.58,8811400,106.24,IBM,None,114.22449999999999,3.5634348819497794,121.35136976389956,107.09763023610043,0,0,0,0,100,100,-924.0,0.0,9700.0
2008-09-08,6201569200.0,1267.79,364075300.0,116.95,10452800,108.99,IBM,None,113.689,3.5014807394047964,120.69196147880959,106.6860385211904,0,0,0,0,100,100,-924.0,0.0,9975.0
2008-09-09,5940149300.0,1224.51,377326800.0,113.48,8106300,106.9,IBM,None,113.152,3.6825314519686847,120.51706290393737,105.78693709606263,0,0,0,0,100,100,-924.0,0.0,9766.0
2008-09-10,5266574600.0,1232.04,298916600.0,113.94,11852200,109.69,IBM,None,112.8185,3.678740166215613,120.17598033243122,105.46101966756878,0,0,0,0,100,100,-924.0,0.0,10045.0
2008-09-11,5717554000.0,1249.05,375369400.0,115.59,9737400,110.77,IBM,None,112.51199999999999,3.5746793746545587,119.6613587493091,105.36264125069087,0,0,0,0,100,100,-924.0,0.0,10153.0
2008-09-12,5192825300.0,1251.7,297851200.0,116.12,6635100,110.55,IBM,None,112.1415,3.357722089688294,118.85694417937658,105.4260558206234,0,0,0,0,100,100,-924.0,0.0,10131.0
2008-09-15,7055554900.0,1192.7,483607000.0,110.59,9908300,107.04,IBM,None,111.62249999999999,3.3006153732458796,118.22373074649175,105.02126925350822,0,0,0,0,100,100,-924.0,0.0,9780.0
2008-09-16,8057009900.0,1213.6,581744300.0,112.44,13673200,107.84,IBM,None,111.226,3.2521125118106613,117.73022502362132,104.72177497637868,0,0,0,0,100,100,-924.0,0.0,9860.0
2008-09-17,7835563900.0,1156.39,624095600.0,107.39,12298000,103.58,IBM,None,110.7105,3.6055373714390853,117.92157474287816,103.49942525712183,0,0,0,0,100,100,-924.0,0.0,9434.0
2008-09-18,8796969500.0,1206.51,776114700.0,110.58,15995000,106.97,IBM,None,110.36699999999999,3.618925545692385,117.60485109138476,103.12914890861522,0,0,0,0,100,100,-924.0,0.0,9773.0
2008-09-19,7098670200.0,1255.08,501087800.0,114.97,14432600,110.44,IBM,SELL,110.1745,3.4996999495447976,117.17389989908959,103.1751001009104,0,1,0,0,0,100,10120.0,-11044.0,10120.0
2008-09-22,4370310800.0,1207.09,249966500.0,112.36,8844000,107.99,IBM,None,109.76949999999997,3.2380021049376566,116.24550420987528,103.29349579012465,0,0,0,0,0,100,10120.0,0.0,10120.0
2008-09-23,4313566300.0,1188.22,327470400.0,109.81,8012800,107.2,IBM,None,109.42099999999996,3.1120933892092055,115.64518677841838,103.19681322158155,0,0,0,0,0,100,10120.0,0.0,10120.0
2008-09-24,4118240300.0,1185.87,311818400.0,110.16,6574100,108.22,IBM,None,109.14049999999995,2.9419550874960443,115.02441017499203,103.25658982500786,0,0,0,0,0,100,10120.0,0.0,10120.0
2008-09-25,5219817600.0,1209.18,328253000.0,111.88,6539200,111.61,IBM,None,108.98849999999996,2.711851717340728,114.41220343468142,103.5647965653185,0,0,0,0,0,100,10120.0,0.0,10120.0
2008-09-26,4624259300.0,1213.27,285917400.0,111.94,4760500,110.97,IBM,None,108.74899999999994,2.255456308132897,113.25991261626574,104.23808738373414,0,0,0,0,0,100,10120.0,0.0,10120.0
2008-09-29,6070764900.0,1106.42,459562300.0,103.17,9586700,106.36,IBM,None,108.41099999999994,2.0643768015914876,112.53975360318292,104.28224639681697,0,0,0,0,0,100,10120.0,0.0,10120.0
2008-09-30,5209615000.0,1166.36,328154400.0,107.44,18991900,108.68,IBM,None,108.34349999999992,2.0304453102451356,112.40439062049019,104.28260937950965,0,0,0,0,0,100,10120.0,0.0,10120.0
2008-10-01,4991111600.0,1161.06,332783000.0,107.5,13134400,102.34,IBM,None,107.96199999999995,2.3931604296634585,112.74832085932687,103.17567914067303,0,0,0,0,0,100,10120.0,0.0,10120.0
2008-10-02,5181754100.0,1114.28,365337800.0,103.6,11458200,97.33,IBM,None,107.48549999999993,3.372497863914369,114.23049572782867,100.7405042721712,0,0,0,0,0,100,10120.0,0.0,10120.0
2008-10-03,5754710900.0,1099.23,461798000.0,102.2,9637900,96.12,IBM,None,106.97949999999994,4.2215218944433825,115.42254378888671,98.53645621111318,0,0,0,0,0,100,10120.0,0.0,10120.0
2008-10-06,6474661500.0,1056.89,610637500.0,97.0,11521400,93.5,IBM,None,106.20499999999996,5.151706411216586,116.50841282243313,95.90158717756678,0,0,0,0,0,100,10120.0,0.0,10120.0
2008-10-07,5845846100.0,996.23,540012100.0,92.65,11416100,88.88,IBM,None,105.30399999999995,6.438772684620273,118.1815453692405,92.4264546307594,0,0,0,0,0,100,10120.0,0.0,10120.0
2008-10-08,7086781000.0,984.94,725414800.0,90.32,17980400,84.14,IBM,None,104.02649999999994,7.893154445800791,119.81280889160152,88.24019110839836,0,0,0,0,0,100,10120.0,0.0,10120.0
2008-10-09,6975819900.0,909.92,534485200.0,84.01,21293600,82.7,IBM,None,102.62299999999993,9.042834965348415,120.70866993069677,84.5373300693031,0,0,0,0,0,100,10120.0,0.0,10120.0
2008-10-10,9695395100.0,899.22,871026300.0,81.97,24637400,81.54,IBM,BUY,101.17249999999993,9.982249970506938,121.13699994101381,81.20800005898604,1,0,0,0,100,100,1965.999999999999,8154.000000000001,10120.0
2008-10-13,6023890300.0,1003.35,455584000.0,93.88,17101600,85.68,IBM,None,100.10449999999994,10.452998801653521,121.01049760330699,79.1985023966929,0,0,0,0,100,100,1965.999999999999,0.0,10534.0
2008-10-14,6808611700.0,998.01,546268300.0,92.49,15114200,86.98,IBM,None,99.06149999999994,10.678793680640418,120.41908736128077,77.7039126387191,0,0,0,0,100,100,1965.999999999999,0.0,10664.0
2008-10-15,5496847100.0,907.84,484627500.0,83.38,11330800,82.04,IBM,None,97.98449999999995,11.26898887492393,120.52247774984781,75.4465222501521,0,0,0,0,100,100,1965.999999999999,0.0,10170.0
2008-10-16,6700736300.0,946.43,708811200.0,86.85,16271300,85.04,IBM,None,96.88799999999995,11.414641382660177,119.7172827653203,74.05871723467959,0,0,0,0,100,100,1965.999999999999,0.0,10470.0
2008-10-17,5544230000.0,940.55,476649000.0,86.34,15230700,84.36,IBM,None,95.58399999999995,11.27379934090317,118.13159868180628,73.03640131819361,0,0,0,0,100,100,1965.999999999999,0.0,10402.0
2008-10-20,4377613100.0,985.4,321158800.0,91.52,9747100,85.96,IBM,None,94.48249999999994,11.072295856159059,116.62709171231806,72.33790828768183,0,0,0,0,100,100,1965.999999999999,0.0,10562.0
2008-10-21,4379700900.0,955.05,356502000.0,88.79,9716400,82.57,IBM,None,93.25099999999995,10.952432990941046,115.15586598188204,71.34613401811785,0,0,0,0,100,100,1965.999999999999,0.0,10223.0
2008-10-22,5270298900.0,896.78,516168000.0,83.96,14198100,77.68,IBM,None,91.72399999999995,10.884345301008237,113.49269060201642,69.95530939798347,0,0,0,0,100,100,1965.999999999999,0.0,9734.0
2008-10-23,5967495600.0,908.11,634666400.0,84.93,12358000,78.38,IBM,None,90.06249999999994,10.203993477787895,110.47048695557574,69.65451304442415,0,0,0,0,100,100,1965.999999999999,0.0,9804.0
2008-10-24,5550127100.0,876.77,545812600.0,80.62,12287300,76.26,IBM,None,88.32699999999994,9.37930089415831,107.08560178831657,69.56839821168332,0,0,0,0,100,100,1965.999999999999,0.0,9592.0
2008-10-27,4644005100.0,848.92,397288600.0,77.76,11099100,74.02,IBM,None,86.70999999999995,8.881268875679096,104.47253775135815,68.94746224864176,0,0,0,0,100,100,1965.999999999999,0.0,9368.0
2008-10-28,5871535500.0,940.51,639939500.0,86.85,14205900,81.1,IBM,None,85.33099999999993,7.288852988964564,99.90870597792906,70.7532940220708,0,0,0,0,100,100,1965.999999999999,0.0,10075.999999999998
2008-10-29,5752151700.0,930.09,531270100.0,86.22,12692000,81.96,IBM,None,84.31199999999994,6.116029499774017,96.54405899954797,72.07994100045191,0,0,0,0,100,100,1965.999999999999,0.0,10162.0
2008-10-30,5059776200.0,954.09,414582100.0,89.2,12033800,84.27,IBM,SELL,83.65899999999995,5.295061154659088,94.24912230931812,73.06887769068177,0,1,0,0,0,100,10393.0,-8427.0,10393.0
2008-10-31,5213540100.0,968.75,411394000.0,89.69,10506300,86.39,IBM,None,83.17249999999994,4.473100743685359,92.11870148737066,74.22629851262923,0,0,0,0,0,100,10393.0,0.0,10393.0
2008-11-03,3573823300.0,966.3,205419400.0,89.95,7686300,86.12,IBM,None,82.80349999999994,3.835233163844567,90.47396632768908,75.1330336723108,0,0,0,0,0,100,10393.0,0.0,10393.0
2008-11-04,4488508600.0,1005.75,346793400.0,93.01,10173000,86.79,IBM,None,82.69899999999993,3.686541525746482,90.0720830514929,75.32591694850696,0,0,0,0,0,100,10393.0,0.0,10393.0
2008-11-05,4493451700.0,952.77,387844100.0,89.1,8706200,83.58,IBM,None,82.67099999999992,3.67713546978602,90.02527093957197,75.31672906042787,0,0,0,0,0,100,10393.0,0.0,10393.0
2008-11-06,5200417600.0,904.88,477721900.0,84.16,12522000,79.57,IBM,None,82.51449999999991,3.7418732643311605,89.99824652866224,75.03075347133759,0,0,0,0,0,100,10393.0,0.0,10393.0
2008-11-07,4129607100.0,930.99,380391000.0,86.94,7927800,80.61,IBM,None,82.46799999999992,3.7603535668031216,89.98870713360616,74.94729286639368,0,0,0,0,0,100,10393.0,0.0,10393.0
2008-11-10,3683028400.0,919.21,301773000.0,85.8,9685100,78.37,IBM,None,82.1024999999999,3.786887174670603,89.67627434934111,74.5287256506587,0,0,0,0,0,100,10393.0,0.0,10393.0
2008-11-11,4131739300.0,898.95,418498200.0,83.15,10013600,77.31,IBM,None,81.6189999999999,3.7484900819846487,89.1159801639692,74.1220198360306,0,0,0,0,0,100,10393.0,0.0,10393.0
2008-11-12,4690714900.0,852.3,454330600.0,79.49,11368400,74.51,IBM,None,81.24249999999991,4.0684794456898,89.3794588913795,73.10554110862032,0,0,0,0,0,100,10393.0,0.0,10393.0
2008-11-13,6628139100.0,911.29,753141900.0,84.45,15103600,78.69,IBM,None,80.92499999999991,4.0037883376412315,88.93257667528238,72.91742332471745,0,0,0,0,0,100,10393.0,0.0,10393.0
2008-11-14,4838278400.0,873.29,540352300.0,80.23,12023700,75.06,IBM,None,80.45999999999991,4.122151967371603,88.70430393474311,72.21569606525671,0,0,0,0,0,100,10393.0,0.0,10393.0
2008-11-17,4090816700.0,850.75,415254900.0,79.17,10315300,72.4,IBM,None,79.78199999999991,4.281972737689489,88.34594547537888,71.21805452462094,0,0,0,0,0,100,10393.0,0.0,10393.0
2008-11-18,5224961600.0,859.12,523811800.0,80.66,13050600,74.83,IBM,None,79.39499999999991,4.365682559523368,88.12636511904665,70.66363488095317,0,0,0,0,0,100,10393.0,0.0,10393.0
2008-11-19,5564433800.0,806.58,558327600.0,75.49,12606400,70.99,IBM,None,79.0604999999999,4.7439129696019995,88.5483259392039,69.5726740607959,0,0,0,0,0,100,10393.0,0.0,10393.0
2008-11-20,7693834800.0,752.44,814180400.0,69.89,17634700,67.04,IBM,None,78.4934999999999,5.454062006286795,89.40162401257349,67.5853759874263,0,0,0,0,0,100,10393.0,0.0,10393.0
2008-11-21,8005748400.0,800.03,718536500.0,73.66,19804500,69.97,IBM,BUY,78.1789999999999,5.76227467877784,89.70354935755559,66.65445064244422,1,0,0,0,100,100,3395.999999999999,6997.0,10393.0
2008-11-24,6583933700.0,851.81,523305300.0,78.76,15023200,74.65,IBM,None,78.21049999999991,5.740021524808353,89.69054304961662,66.7304569503832,0,0,0,0,100,100,3395.999999999999,0.0,10861.0
2008-11-25,5711027500.0,857.39,454112400.0,79.34,12519700,75.36,IBM,None,77.9234999999999,5.7314361890780665,89.38637237815604,66.46062762184377,0,0,0,0,100,100,3395.999999999999,0.0,10932.0
2008-11-26,4607772200.0,887.68,370134200.0,82.41,8240600,76.32,IBM,None,77.64149999999991,5.660692049006394,88.9628840980127,66.32011590198712,0,0,0,0,100,100,3395.999999999999,0.0,11027.999999999998
2008-11-28,2213305200.0,896.24,118308100.0,83.45,3908300,76.25,IBM,None,77.24049999999991,5.446430482435257,88.13336096487043,66.34763903512939,0,0,0,0,100,100,3395.999999999999,0.0,11021.0
2008-12-01,5003205500.0,816.21,369927100.0,76.05,10265000,71.86,IBM,None,76.5139999999999,5.121106377172386,86.75621275434467,66.27178724565512,0,0,0,0,100,100,3395.999999999999,0.0,10582.0
2008-12-02,4998917800.0,848.81,469508400.0,78.98,9305200,74.61,IBM,None,75.93849999999989,4.605573597055482,85.14964719411086,66.72735280588893,0,0,0,0,100,100,3395.999999999999,0.0,10857.0
2008-12-03,5214388700.0,870.74,519863500.0,80.88,9757800,75.38,IBM,SELL,75.3679999999999,3.8324261931987116,83.03285238639732,67.70314761360247,0,1,0,0,0,100,10934.0,-7538.0,10934.0
2008-12-04,4863270900.0,845.22,444173800.0,79.01,10914000,72.36,IBM,None,74.80699999999989,3.359033538949737,81.52506707789937,68.08893292210041,0,0,0,0,0,100,10934.0,0.0,10934.0
2008-12-05,5107510800.0,876.07,471905300.0,81.45,11212000,75.31,IBM,None,74.5939999999999,3.1709078892495395,80.93581577849898,68.25218422150081,0,0,0,0,0,100,10934.0,0.0,10934.0
2008-12-08,5353028100.0,909.7,412859300.0,84.29,11177600,79.3,IBM,None,74.5284999999999,3.051374625519269,80.63124925103843,68.42575074896136,0,0,0,0,0,100,10934.0,0.0,10934.0
2008-12-09,4649954600.0,888.67,370790000.0,82.9,9356400,77.27,IBM,None,74.4734999999999,2.9877385832942207,80.44897716658835,68.49802283341145,0,0,0,0,0,100,10934.0,0.0,10934.0
2008-12-10,4120329300.0,899.24,396187400.0,83.46,8187000,77.43,IBM,None,74.4794999999999,2.9938489133203046,80.46719782664051,68.49180217335929,0,0,0,0,0,100,10934.0,0.0,10934.0
2008-12-11,4251392100.0,873.59,365061000.0,81.45,10682400,75.3,IBM,None,74.5189999999999,2.999478726642122,80.51795745328415,68.52004254671566,0,0,0,0,0,100,10934.0,0.0,10934.0
2008-12-12,4223810300.0,879.73,415060400.0,82.43,10381700,76.81,IBM,None,74.4249999999999,2.889320626758169,80.20364125351624,68.64635874648356,0,0,0,0,0,100,10934.0,0.0,10934.0
2008-12-15,3475973100.0,868.57,256694200.0,81.28,8848200,77.34,IBM,None,74.5389999999999,2.9598131164332364,80.45862623286638,68.61937376713342,0,0,0,0,0,100,10934.0,0.0,10934.0
2008-12-16,4933427100.0,913.18,377699500.0,85.1,11559800,80.73,IBM,None,74.95549999999989,3.217821222667966,81.39114244533582,68.51985755466396,0,0,0,0,0,100,10934.0,0.0,10934.0
2008-12-17,4123911500.0,904.42,281819800.0,84.28,8592000,80.21,IBM,None,75.22449999999989,3.424984786750655,82.0744695735012,68.37453042649858,0,0,0,0,0,100,10934.0,0.0,10934.0
2008-12-18,4463433400.0,885.28,374673300.0,82.71,8029500,78.49,IBM,None,75.59949999999989,3.346639280484823,82.29277856096954,68.90622143903025,0,0,0,0,0,100,10934.0,0.0,10934.0
2008-12-19,5144280100.0,887.88,301451300.0,82.35,13098600,78.04,IBM,None,76.1494999999999,2.709057857204975,81.56761571440985,70.73138428558995,0,0,0,0,0,100,10934.0,0.0,10934.0
2008-12-22,3367498000.0,871.63,243759500.0,81.29,7083300,76.61,IBM,None,76.4814999999999,2.285679157389797,81.05285831477948,71.91014168522031,0,0,0,0,0,100,10934.0,0.0,10934.0
2008-12-23,2825902600.0,863.16,221625200.0,80.45,6374400,75.32,IBM,None,76.51499999999989,2.2622124708253457,81.03942494165058,71.9905750583492,0,0,0,0,0,100,10934.0,0.0,10934.0
2008-12-24,1048338100.0,865.46,62061600.0,80.92,2415200,75.24,IBM,None,76.50899999999989,2.2655936830866046,81.0401873661731,71.97781263382667,0,0,0,0,0,100,10934.0,0.0,10934.0
2008-12-26,1308477100.0,872.8,74767700.0,81.39,3101300,76.0,IBM,None,76.4929999999999,2.268127212620888,81.02925442524167,71.95674557475812,0,0,0,0,0,100,10934.0,0.0,10934.0
2008-12-29,2334005300.0,869.42,127795900.0,81.15,6062600,75.92,IBM,None,76.4764999999999,2.2711862770946323,81.01887255418917,71.93412744581063,0,0,0,0,0,100,10934.0,0.0,10934.0
2008-12-30,2538918500.0,890.64,168256300.0,83.08,5774400,78.07,IBM,None,76.78699999999989,2.0171164932567116,80.82123298651331,72.75276701348648,0,0,0,0,0,100,10934.0,0.0,10934.0
2008-12-31,2982225300.0,903.25,193987200.0,84.26,6667700,78.64,IBM,None,76.9884999999999,1.9892957627207655,80.96709152544143,73.00990847455837,0,0,0,0,0,100,10934.0,0.0,10934.0
2009-01-02,2868299700.0,931.8,227566300.0,86.8,7558200,81.64,IBM,None,77.30149999999992,2.203805978182642,81.7091119563652,72.89388804363463,0,0,0,0,0,100,10934.0,0.0,10934.0
2009-01-05,3794106400.0,927.45,240349700.0,86.7,8315700,81.13,IBM,None,77.73999999999992,2.034851604572545,81.80970320914501,73.67029679085483,0,0,0,0,0,100,10934.0,0.0,10934.0
2009-01-06,4300738800.0,934.7,328260900.0,87.28,9649500,83.38,IBM,None,78.14349999999993,2.3092520434114343,82.7620040868228,73.52499591317707,0,0,0,0,0,100,10934.0,0.0,10934.0
2009-01-07,3905047600.0,906.65,280899200.0,84.67,8455100,82.03,IBM,SELL,78.27999999999993,2.457159249814155,83.19431849962824,73.36568150037162,0,0,1,0,-100,100,19137.0,-8203.0,10934.0
2009-01-08,3705691200.0,909.73,263621000.0,85.01,7231800,81.46,IBM,None,78.48949999999994,2.543614243758777,83.57672848751749,73.40227151248239,0,0,0,0,-100,100,19137.0,0.0,10991.0
2009-01-09,3468824200.0,890.35,330953600.0,83.19,7440300,79.15,IBM,None,78.57549999999993,2.5349690644847414,83.64543812896942,73.50556187103045,0,0,0,0,-100,100,19137.0,0.0,11222.0
2009-01-12,3730704200.0,870.26,277858500.0,81.19,8072700,80.09,IBM,None,78.81499999999993,2.433460823384525,83.68192164676898,73.94807835323087,0,0,0,0,-100,100,19137.0,0.0,11128.0
2009-01-13,4251815600.0,871.79,356432300.0,81.34,7657200,79.74,IBM,None,78.96149999999993,2.394283268208041,83.75006653641601,74.17293346358385,0,0,0,0,-100,100,19137.0,0.0,11163.0
2009-01-14,4493725700.0,842.62,435491600.0,78.78,9470000,77.74,IBM,BUY,78.98149999999994,2.381663008112284,83.74482601622451,74.21817398377537,0,0,0,1,0,100,11363.0,7773.999999999999,11363.0
2009-01-15,5966334100.0,843.74,532647300.0,78.81,11734800,78.6,IBM,None,78.87499999999993,2.3467278450956535,83.56845569019123,74.18154430980863,0,0,0,0,0,100,11363.0,0.0,11363.0
2009-01-16,5321484600.0,850.12,399237200.0,79.43,11245300,79.35,IBM,None,78.83199999999992,2.3287891590627825,83.48957831812548,74.17442168187436,0,0,0,0,0,100,11363.0,0.0,11363.0
2009-01-20,5354586100.0,805.22,419855200.0,75.23,13800100,76.6,IBM,None,78.73749999999993,2.381156010715875,83.49981202143168,73.97518797856817,0,0,0,0,0,100,11363.0,0.0,11363.0
2009-01-21,5440080900.0,840.24,364360700.0,78.48,24905000,85.43,IBM,None,79.10699999999993,2.8031994878033557,84.71339897560664,73.50060102439322,0,0,0,0,0,100,11363.0,0.0,11363.0
2009-01-22,5101104300.0,827.5,427940300.0,77.27,12350700,84.16,IBM,SELL,79.48449999999994,2.953573170531613,85.39164634106316,73.57735365893672,0,0,1,0,-100,100,19779.0,-8416.0,11363.0
2009-01-23,5039808500.0,831.95,386800600.0,77.61,10253700,83.62,IBM,None,79.89949999999993,2.920554156140122,85.74060831228017,74.05839168771969,0,0,0,0,-100,100,19779.0,0.0,11417.0
2009-01-26,4535232900.0,836.57,317978800.0,78.14,9840800,85.59,IBM,None,80.41699999999993,2.968056425907096,86.35311285181412,74.48088714818574,0,0,0,0,-100,100,19779.0,0.0,11220.0
2009-01-27,4032529100.0,845.71,273789700.0,78.93,8720800,85.65,IBM,None,80.89949999999993,2.9964548790371053,86.89240975807414,74.90659024192573,0,0,0,0,-100,100,19779.0,0.0,11214.0
2009-01-28,5248698300.0,874.09,330007000.0,81.6,13407200,88.6,IBM,None,81.53349999999992,3.2204874998736015,87.97447499974712,75.09252500025272,0,0,0,0,-100,100,19779.0,0.0,10919.0
2009-01-29,4295391100.0,845.14,294392500.0,78.95,9233500,86.44,IBM,None,81.95199999999993,3.2898113847709327,88.5316227695418,75.37237723045806,0,0,0,0,-100,100,19779.0,0.0,11135.0
2009-01-30,4583581400.0,825.88,383383600.0,77.34,9617000,85.64,IBM,None,82.30199999999994,3.29126691332333,88.88453382664659,75.71946617335328,0,0,0,0,-100,100,19779.0,0.0,11215.0
2009-02-02,4369788700.0,825.44,288233300.0,77.11,9926400,84.97,IBM,None,82.46849999999992,3.3398853982860337,89.14827079657199,75.78872920342785,0,0,0,0,-100,100,19779.0,0.0,11282.0
2009-02-03,4602204800.0,838.51,278385800.0,78.19,8864500,87.35,IBM,None,82.77949999999991,3.494694437361639,89.76888887472319,75.79011112527664,0,0,0,0,-100,100,19779.0,0.0,11044.0
2009-02-04,4948396700.0,832.23,322989300.0,77.81,10189800,86.74,IBM,None,82.94749999999992,3.6041304886126753,90.15576097722527,75.73923902277457,0,0,0,0,-100,100,19779.0,0.0,11105.0
2009-02-05,5814339600.0,845.85,417679400.0,78.97,11622900,86.35,IBM,None,83.16349999999991,3.6750041532379067,90.51350830647573,75.8134916935241,0,0,0,0,-100,100,19779.0,0.0,11144.0
2009-02-06,5494630600.0,868.6,366101700.0,81.22,13055900,90.33,IBM,None,83.60699999999991,3.9810764214825483,91.56915284296501,75.64484715703482,0,0,0,0,-100,100,19779.0,0.0,10746.0
2009-02-09,4283207800.0,869.89,240075200.0,81.33,8165800,90.96,IBM,None,84.1974999999999,4.157164867652257,92.51182973530442,75.8831702646954,0,0,0,0,-100,100,19779.0,0.0,10683.0
2009-02-10,5910107800.0,827.16,536212800.0,77.61,13541300,87.63,IBM,None,84.57449999999992,4.106646057563929,92.78779211512777,76.36120788487206,0,0,0,0,-100,100,19779.0,0.0,11016.0
2009-02-11,4236786700.0,833.74,324442500.0,78.06,10765700,89.4,IBM,None,85.05749999999992,4.076076383510329,93.20965276702057,76.90534723297927,0,0,0,0,-100,100,19779.0,0.0,10839.0
2009-02-12,4907926000.0,835.19,469302200.0,78.12,9917700,89.32,IBM,None,85.63649999999991,3.794676707677427,93.22585341535476,78.04714658464506,0,0,0,0,-100,100,19779.0,0.0,10847.0
2009-02-13,3800031600.0,826.84,293998400.0,77.28,6742400,88.16,IBM,None,86.11449999999992,3.4479429031174567,93.01038580623484,79.218614193765,0,0,0,0,-100,100,19779.0,0.0,10963.0
2009-02-17,4904647000.0,789.17,478910100.0,73.97,8903500,85.19,IBM,BUY,86.40649999999992,3.0716775375577754,92.54985507511547,80.26314492488437,0,0,0,1,0,100,11260.0,8519.0,11260.0
2009-02-18,4741098400.0,788.42,362964800.0,73.8,8492600,85.98,IBM,None,86.87549999999993,2.037595267388591,90.95069053477711,82.80030946522275,0,0,0,0,0,100,11260.0,0.0,11260.0
2009-02-19,4947992900.0,778.94,316867500.0,73.0,12622700,83.55,IBM,None,86.78149999999992,2.148155328599318,91.07781065719855,82.48518934280129,0,0,0,0,0,100,11260.0,0.0,11260.0
2009-02-20,7086052900.0,770.05,477176600.0,72.29,12400700,83.42,IBM,None,86.74449999999993,2.201397821480983,91.1472956429619,82.34170435703797,0,0,0,0,0,100,11260.0,0.0,11260.0
2009-02-23,5518963800.0,743.33,379641400.0,69.71,13509600,79.27,IBM,None,86.52699999999993,2.687558273542059,91.90211654708405,81.15188345291581,0,0,0,0,0,100,11260.0,0.0,11260.0
2009-02-24,6187387500.0,773.14,426260900.0,72.35,12915300,81.17,IBM,BUY,86.30599999999994,2.9386631403806276,92.1833262807612,80.42867371923869,1,0,0,0,100,100,3143.0,8117.0,11260.0
2009-02-25,6609165200.0,764.9,461985800.0,71.78,12646400,80.7,IBM,None,86.05849999999994,3.1941628917366613,92.44682578347326,79.67017421652662,0,0,0,0,100,100,3143.0,0.0,11213.0
2009-02-26,5736166000.0,752.83,363353900.0,70.61,17423200,83.59,IBM,None,85.80799999999994,3.180782095152422,92.16956419030478,79.44643580969509,0,0,0,0,100,100,3143.0,0.0,11502.0
2009-02-27,7859155400.0,735.09,470510900.0,69.03,21311200,86.46,IBM,SELL,85.80899999999994,3.180994382761155,92.17098876552225,79.44701123447763,0,1,0,0,0,100,11789.0,-8646.0,11789.0
2009-03-02,6619394200.0,700.82,426452600.0,65.92,15231700,83.66,IBM,None,85.70999999999994,3.2171366805053143,92.14427336101056,79.27572663898931,0,0,0,0,0,100,11789.0,0.0,11789.0
2009-03-03,6309254500.0,696.33,443761000.0,65.43,13744100,82.46,IBM,None,85.58449999999993,3.295525634936926,92.1755512698738,78.99344873012608,0,0,0,0,0,100,11789.0,0.0,11789.0
2009-03-04,6550207400.0,712.87,462753100.0,66.98,15391700,84.08,IBM,None,85.42099999999994,3.284422403759281,91.9898448075185,78.85215519248138,0,0,0,0,0,100,11789.0,0.0,11789.0
2009-03-05,6492685100.0,682.55,485549400.0,64.24,14930100,82.19,IBM,None,85.19349999999994,3.345268890144484,91.8840377802889,78.50296221971098,0,0,0,0,0,100,11789.0,0.0,11789.0
2009-03-06,6317691000.0,683.38,490470000.0,64.36,15186000,80.62,IBM,None,84.90699999999995,3.4835207537928237,91.8740415075856,77.9399584924143,0,0,0,0,0,100,11789.0,0.0,11789.0
2009-03-09,5371986700.0,676.53,379905300.0,63.6,13151800,78.43,IBM,None,84.31199999999995,3.524541926190362,91.36108385238067,77.26291614761924,0,0,0,0,0,100,11789.0,0.0,11789.0
2009-03-10,7416770900.0,719.6,406227900.0,67.39,15914800,81.97,IBM,None,83.86249999999995,3.189403301724724,90.2413066034494,77.4836933965505,0,0,0,0,0,100,11789.0,0.0,11789.0
2009-03-11,6276182600.0,721.36,356648300.0,67.83,11823900,83.26,IBM,None,83.64399999999996,3.064977719503447,89.77395543900685,77.51404456099307,0,0,0,0,0,100,11789.0,0.0,11789.0
2009-03-12,6190014200.0,750.74,409702700.0,70.5,11829200,84.93,IBM,None,83.42049999999996,2.7721442868956716,88.96478857379131,77.87621142620861,0,0,0,0,0,100,11789.0,0.0,11789.0
2009-03-13,5900677100.0,756.55,337474700.0,71.05,9111900,84.89,IBM,None,83.19899999999997,2.4320770849971614,88.06315416999429,78.33484583000565,0,0,0,0,0,100,11789.0,0.0,11789.0
2009-03-16,6980532300.0,753.89,360644900.0,70.84,11793700,85.7,IBM,None,83.07599999999996,2.2210225241161865,87.51804504823234,78.63395495176759,0,0,0,0,0,100,11789.0,0.0,11789.0
2009-03-17,5426702000.0,778.12,356814300.0,73.0,11489700,87.29,IBM,None,83.18099999999995,2.3708113201580066,87.92262264031596,78.43937735968395,0,0,0,0,0,100,11789.0,0.0,11789.0
2009-03-18,8281779400.0,794.35,473273200.0,74.64,17954300,86.39,IBM,None,83.20149999999997,2.397905390785419,87.9973107815708,78.40568921842913,0,0,0,0,0,100,11789.0,0.0,11789.0
2009-03-19,8011051800.0,784.04,428520400.0,73.71,9899300,87.06,IBM,None,83.37699999999997,2.548473433666744,88.47394686733345,78.28005313266648,0,0,0,0,0,100,11789.0,0.0,11789.0
2009-03-20,6890077700.0,768.54,371078200.0,72.14,12193900,86.91,IBM,None,83.55149999999996,2.6682426209418146,88.8879852418836,78.21501475811633,0,0,0,0,0,100,11789.0,0.0,11789.0
2009-03-23,6700941800.0,822.92,419933300.0,77.32,12407200,92.74,IBM,None,84.22499999999997,3.1813279253200313,90.58765585064003,77.8623441493599,0,0,0,0,0,100,11789.0,0.0,11789.0
2009-03-24,5658405700.0,806.12,330271000.0,75.8,9346700,92.35,IBM,None,84.78399999999996,3.5742432397421107,91.93248647948418,77.63551352051574,0,0,0,0,0,100,11789.0,0.0,11789.0
2009-03-25,6661540800.0,813.88,441775100.0,76.6,12017000,92.03,IBM,SELL,85.35049999999995,3.784567659379497,92.91963531875895,77.78136468124096,0,0,1,0,-100,100,20992.0,-9203.0,11789.0
2009-03-26,5954211300.0,832.86,422025200.0,78.16,11434600,92.81,IBM,None,85.81149999999995,4.106672715164175,94.0248454303283,77.5981545696716,0,0,0,0,-100,100,20992.0,0.0,11711.0
2009-03-27,4690541200.0,815.94,322332300.0,76.75,15745200,88.46,IBM,None,85.91149999999996,4.1474434420813235,94.20638688416261,77.61661311583731,0,0,0,0,-100,100,20992.0,0.0,12146.0
2009-03-30,5090010000.0,787.53,324108500.0,74.1,10964000,88.8,IBM,None,86.16849999999995,4.159818157715961,94.48813631543187,77.84886368456803,0,0,0,0,-100,100,20992.0,0.0,12112.0
2009-03-31,5283459800.0,797.87,363873800.0,74.79,14553700,91.03,IBM,None,86.59699999999995,4.198913518619121,94.9948270372382,78.19917296276171,0,0,0,0,-100,100,20992.0,0.0,11889.0
2009-04-01,5257960200.0,811.08,377018300.0,76.23,12212900,91.71,IBM,None,86.97849999999995,4.303506862523846,95.58551372504765,78.37148627495226,0,0,0,0,-100,100,20992.0,0.0,11821.0
2009-04-02,6510665800.0,834.38,476230700.0,78.46,16219000,94.72,IBM,None,87.60499999999995,4.478218043162448,96.56143608632485,78.64856391367505,0,0,0,0,-100,100,20992.0,0.0,11520.0
2009-04-03,4949677500.0,842.5,284646300.0,79.24,10962900,96.04,IBM,None,88.37599999999995,4.539328028174323,97.4546560563486,79.2973439436513,0,0,0,0,-100,100,20992.0,0.0,11388.0
2009-04-06,4482535600.0,835.48,264866600.0,78.62,8819800,95.42,IBM,None,89.22549999999995,4.153416444072932,97.53233288814582,80.91866711185409,0,0,0,0,-100,100,20992.0,0.0,11450.0
2009-04-07,4366715200.0,815.55,258947800.0,76.79,8768400,92.78,IBM,None,89.76599999999995,3.8519706508146707,97.46994130162929,82.0620586983706,0,0,0,0,-100,100,20992.0,0.0,11714.0
2009-04-08,4635451000.0,825.16,230402800.0,77.62,7285200,95.07,IBM,None,90.35649999999995,3.704523941288513,97.76554788257698,82.94745211742293,0,0,0,0,-100,100,20992.0,0.0,11485.0
2009-04-09,6609740500.0,856.56,269653500.0,80.7,8013700,95.55,IBM,None,90.88749999999995,3.646431384532853,98.18036276906565,83.59463723093424,0,0,0,0,-100,100,20992.0,0.0,11437.0
2009-04-13,5664789800.0,858.73,224847500.0,80.72,7797200,93.9,IBM,None,91.33799999999994,3.41574465950667,98.16948931901328,84.5065106809866,0,0,0,0,-100,100,20992.0,0.0,11602.0
2009-04-14,6725942000.0,841.5,276598800.0,79.33,6276700,93.27,IBM,None,91.71649999999994,3.168589716178901,98.05367943235774,85.37932056764214,0,0,0,0,-100,100,20992.0,0.0,11665.0
2009-04-15,5512594600.0,852.06,250726100.0,80.17,8164200,92.87,IBM,None,91.99549999999995,2.999465698034443,97.99443139606883,85.99656860393107,0,0,0,0,-100,100,20992.0,0.0,11705.0
2009-04-16,5603078200.0,865.3,335202900.0,81.35,9259500,95.3,IBM,None,92.44099999999995,2.7764780795671493,97.99395615913424,86.88804384086565,0,0,0,0,-100,100,20992.0,0.0,11462.0
2009-04-17,6531459700.0,869.6,262649000.0,81.9,10214200,95.14,IBM,None,92.84499999999994,2.5291240422434367,97.90324808448682,87.78675191551307,0,0,0,0,-100,100,20992.0,0.0,11478.0
2009-04-20,6853384600.0,832.39,293690100.0,78.46,12524700,94.36,IBM,None,93.21749999999994,2.1253950097263368,97.46829001945262,88.96670998054726,0,0,0,0,-100,100,20992.0,0.0,11556.0
2009-04-21,6648246800.0,850.08,114090900.0,80.0,15226700,96.12,IBM,None,93.38649999999994,2.2177994665175262,97.822098933035,88.95090106696489,0,0,0,0,-100,100,20992.0,0.0,11380.0
2009-04-22,6549264600.0,843.55,340395200.0,79.51,12120000,96.35,IBM,None,93.58649999999994,2.2983066420854006,98.18311328417074,88.98988671582914,0,0,0,0,-100,100,20992.0,0.0,11357.0
2009-04-23,5749916700.0,851.92,324903700.0,80.29,9440400,95.29,IBM,None,93.74949999999994,2.297709328417325,98.3449186568346,89.15408134316529,0,0,0,0,-100,100,20992.0,0.0,11463.0
2009-04-24,6127885700.0,866.23,287703000.0,81.5,10157500,94.03,IBM,None,93.81049999999995,2.287626844340797,98.38575368868155,89.23524631131835,0,0,0,0,-100,100,20992.0,0.0,11589.0
2009-04-27,4617487400.0,857.51,289581600.0,80.73,8611400,93.9,IBM,BUY,94.08249999999995,1.9102490193141775,97.90299803862831,90.2620019613716,0,0,0,1,0,100,11602.0,9390.0,11602.0
2009-04-28,4564752000.0,855.16,247926300.0,80.47,11110500,95.77,IBM,None,94.43099999999995,1.4840517085619211,97.3991034171238,91.46289658287611,0,0,0,0,0,100,11602.0,0.0,11602.0
2009-04-29,5130360200.0,873.64,311505700.0,82.19,9783700,97.75,IBM,None,94.76699999999995,1.4333769475213431,97.63375389504264,91.90024610495726,0,0,0,0,0,100,11602.0,0.0,11602.0
2009-04-30,5734206800.0,872.81,301419800.0,82.21,10654500,96.97,IBM,SELL,95.02999999999994,1.3211119718277826,97.67222394365551,92.38777605634438,0,0,1,0,-100,100,21299.0,-9697.0,11602.0
2009-05-01,4339919200.0,877.52,236110300.0,82.66,6234200,98.28,IBM,None,95.20799999999994,1.504276710267787,98.21655342053552,92.19944657946436,0,0,0,0,-100,100,21299.0,0.0,11471.0
2009-05-04,5802763000.0,907.24,287120000.0,85.47,8313900,99.77,IBM,None,95.39449999999995,1.8125018330303302,99.01950366606061,91.76949633393929,0,0,0,0,-100,100,21299.0,0.0,11322.0
2009-05-05,5510325400.0,903.8,243036300.0,85.18,6750000,99.45,IBM,None,95.59599999999995,2.026826401831046,99.64965280366204,91.54234719633786,0,0,0,0,-100,100,21299.0,0.0,11354.0
2009-05-06,7214038300.0,919.53,291941000.0,86.65,7530900,98.81,IBM,None,95.89749999999995,2.0343675468781472,99.96623509375624,91.82876490624366,0,0,0,0,-100,100,21299.0,0.0,11418.0
2009-05-07,8096183000.0,907.39,317728000.0,85.45,8521400,96.89,IBM,None,95.98849999999996,2.0361089697861594,100.06071793957227,91.91628206042765,0,0,0,0,-100,100,21299.0,0.0,11610.0
2009-05-08,7327330400.0,929.23,299081700.0,87.44,11575500,95.85,IBM,BUY,96.00349999999995,2.033812274626792,100.07112454925353,91.93587545074637,0,0,0,1,0,100,11714.0,9585.0,11714.0
2009-05-11,5348892800.0,909.24,247923600.0,85.81,8253000,97.18,IBM,None,96.16749999999995,1.9869703862390735,100.14144077247809,92.1935592275218,0,0,0,0,0,100,11714.0,0.0,11714.0
2009-05-12,5857539000.0,908.35,282431300.0,85.55,7961600,98.16,IBM,None,96.41199999999995,1.911074649455403,100.23414929891075,92.58985070108915,0,0,0,0,0,100,11714.0,0.0,11714.0
2009-05-13,5900785700.0,883.92,269619100.0,83.4,8202100,96.58,IBM,None,96.59749999999994,1.7196415630196902,100.03678312603932,93.15821687396055,0,0,0,0,0,100,11714.0,0.0,11714.0
2009-05-14,4997073100.0,893.07,260098700.0,84.11,9445100,95.43,IBM,None,96.60399999999996,1.7147177149918607,100.03343542998368,93.17456457001623,0,0,0,0,0,100,11714.0,0.0,11714.0
2009-05-15,4493369400.0,882.88,271502700.0,83.43,8367400,95.74,IBM,None,96.63399999999994,1.6928655245506583,100.01973104910127,93.24826895089862,0,0,0,0,0,100,11714.0,0.0,11714.0
2009-05-18,4714665200.0,909.71,241447400.0,85.8,7429500,98.77,IBM,None,96.85449999999994,1.668107894403144,100.19071578880623,93.51828421119366,0,0,0,0,0,100,11714.0,0.0,11714.0
2009-05-19,4554977800.0,908.13,206102200.0,85.69,7079200,99.65,IBM,None,97.03099999999995,1.7699446913754133,100.57088938275078,93.49111061724912,0,0,0,0,0,100,11714.0,0.0,11714.0
2009-05-20,5710682600.0,903.47,285722200.0,85.12,7083100,98.27,IBM,None,97.12699999999995,1.7830845538889872,100.69316910777793,93.56083089222197,0,0,0,0,0,100,11714.0,0.0,11714.0
2009-05-21,5189757900.0,888.33,258988400.0,83.9,7411500,97.11,IBM,None,97.21799999999995,1.7300520223397071,100.67810404467936,93.75789595532054,0,0,0,0,0,100,11714.0,0.0,11714.0
2009-05-22,3661378100.0,887.0,166811900.0,83.72,5596200,96.23,IBM,None,97.32799999999995,1.5801285757150256,100.48825715142999,94.1677428485699,0,0,0,0,0,100,11714.0,0.0,11714.0
2009-05-26,4734109900.0,910.33,236318500.0,85.86,7211200,99.18,IBM,None,97.59199999999996,1.409070615690268,100.41014123138049,94.77385876861942,0,0,0,0,0,100,11714.0,0.0,11714.0
2009-05-27,4698419000.0,893.06,246015800.0,84.33,7119600,97.21,IBM,None,97.66399999999994,1.3464706301648381,100.35694126032962,94.97105873967027,0,0,0,0,0,100,11714.0,0.0,11714.0
2009-05-28,4655445000.0,906.83,289095000.0,85.51,6127500,98.87,IBM,None,97.71999999999994,1.3732596641804218,100.46651932836079,94.9734806716391,0,0,0,0,0,100,11714.0,0.0,11714.0
2009-05-29,4938328900.0,919.14,258641500.0,87.02,6871800,100.37,IBM,None,97.88999999999993,1.4816953305701446,100.85339066114022,94.92660933885963,0,0,0,0,0,100,11714.0,0.0,11714.0
2009-06-01,5296940700.0,942.87,276246800.0,89.13,7725000,102.35,IBM,None,98.09349999999993,1.7862671309632574,101.66603426192646,94.52096573807341,0,0,0,0,0,100,11714.0,0.0,11714.0
2009-06-02,5085294400.0,944.74,230874500.0,89.2,7045800,100.89,IBM,SELL,98.14949999999995,1.8577192439858892,101.86493848797173,94.43406151202817,0,0,1,0,-100,100,21803.0,-10089.0,11714.0
2009-06-03,4394037200.0,931.76,235310500.0,88.07,7688000,100.57,IBM,None,98.20549999999994,1.9149837844584132,102.03546756891677,94.37553243108312,0,0,0,0,-100,100,21803.0,0.0,11746.0
2009-06-04,4620537100.0,942.46,210102300.0,88.9,5468500,100.42,IBM,None,98.28599999999994,1.9746429390763134,102.23528587815257,94.33671412184732,0,0,0,0,-100,100,21803.0,0.0,11761.0
2009-06-05,4469935200.0,940.09,284257900.0,88.92,7665000,101.28,IBM,None,98.50549999999996,2.0537090323304197,102.61291806466079,94.39808193533912,0,0,0,0,-100,100,21803.0,0.0,11675.0
2009-06-08,3850609100.0,939.14,238565100.0,88.55,6363800,101.52,IBM,None,98.78899999999996,2.059187116060428,102.90737423212082,94.6706257678791,0,0,0,0,-100,100,21803.0,0.0,11651.0
2009-06-09,3813282700.0,942.43,225125500.0,89.0,8585900,102.13,IBM,None,99.03649999999996,2.151046929924767,103.3385938598495,94.73440614015043,0,0,0,0,-100,100,21803.0,0.0,11590.0
2009-06-10,4353681600.0,939.15,296100400.0,88.78,7578100,102.33,IBM,None,99.24499999999998,2.260909225581102,103.76681845116218,94.72318154883777,0,0,0,0,-100,100,21803.0,0.0,11570.0
2009-06-11,4715938800.0,944.89,275414200.0,89.17,9134300,103.32,IBM,None,99.58199999999997,2.3435748671413776,104.26914973428272,94.89485026571721,0,0,0,0,-100,100,21803.0,0.0,11471.0
2009-06-12,3889647800.0,946.21,184361800.0,89.42,7250900,102.2,IBM,None,99.92049999999996,2.1966205503243588,104.31374110064868,95.52725889935124,0,0,0,0,-100,100,21803.0,0.0,11583.0
2009-06-15,3982418000.0,923.72,224190500.0,87.37,8567600,101.64,IBM,None,100.21549999999996,1.9923180759586379,104.20013615191723,96.23086384808269,0,0,0,0,-100,100,21803.0,0.0,11639.0
2009-06-16,4188895800.0,911.97,227319000.0,86.18,7231000,101.36,IBM,None,100.34499999999996,1.977535680695325,104.30007136139061,96.3899286386093,0,0,0,0,-100,100,21803.0,0.0,11667.0
2009-06-17,4885676200.0,910.71,223445200.0,86.1,7366200,101.05,IBM,None,100.41499999999996,1.9764175459126936,104.36783509182536,96.46216490817457,0,0,0,0,-100,100,21803.0,0.0,11698.0
2009-06-18,4021127200.0,918.37,211725100.0,86.73,6206900,100.42,IBM,BUY,100.52249999999997,1.9109955382916295,104.34449107658322,96.7005089234167,0,0,0,1,0,100,11761.0,10042.0,11761.0
2009-06-19,5453528300.0,921.23,215655600.0,87.05,13559000,100.0,IBM,None,100.66699999999997,1.741088890986874,104.14917778197372,97.18482221802623,0,0,0,0,0,100,11761.0,0.0,11761.0
2009-06-22,4553730900.0,893.04,251913600.0,84.44,7295400,98.71,IBM,None,100.79099999999997,1.476692249591002,103.74438449918198,97.83761550081796,0,0,0,0,0,100,11761.0,0.0,11761.0
2009-06-23,4342724900.0,895.1,188309800.0,84.5,5152600,98.64,IBM,None,100.76399999999995,1.512207866525326,103.7884157330506,97.73958426694931,0,0,0,0,0,100,11761.0,0.0,11761.0
2009-06-24,4128958900.0,900.94,211577700.0,85.23,6395200,98.36,IBM,None,100.82149999999994,1.3866061369219116,103.59471227384377,98.04828772615612,0,0,0,0,0,100,11761.0,0.0,11761.0
2009-06-25,4264046300.0,920.26,279411000.0,87.09,6900600,100.17,IBM,None,100.88649999999996,1.319139572042498,103.52477914408495,98.24822085591497,0,0,0,0,0,100,11761.0,0.0,11761.0
2009-06-26,4697575600.0,918.9,167579000.0,86.86,5127900,99.81,IBM,None,100.85849999999996,1.3365087079095053,103.53151741581897,98.18548258418096,0,0,0,0,0,100,11761.0,0.0,11761.0
2009-06-29,3552674200.0,927.23,168481300.0,87.67,4681800,99.95,IBM,None,100.73849999999996,1.3028643545350063,103.34422870906997,98.13277129092995,0,0,0,0,0,100,11761.0,0.0,11761.0
2009-06-30,4332679900.0,919.32,228888200.0,86.96,7512600,98.62,IBM,None,100.62499999999994,1.3852436608777923,103.39548732175552,97.85451267824436,0,0,0,0,0,100,11761.0,0.0,11761.0
2009-07-01,3510618300.0,923.33,173041100.0,87.32,5537300,99.01,IBM,None,100.54699999999994,1.4316464573872492,103.41029291477444,97.68370708522544,0,0,0,0,0,100,11761.0,0.0,11761.0
2009-07-02,3429552800.0,896.42,212309900.0,84.94,7026700,96.08,IBM,None,100.32999999999996,1.7462561456779018,103.82251229135576,96.83748770864415,0,0,0,0,0,100,11761.0,0.0,11761.0
2009-07-06,4042619900.0,898.72,174499600.0,84.93,6522500,96.0,IBM,None,100.06599999999995,1.978719415763082,104.02343883152611,96.10856116847378,0,0,0,0,0,100,11761.0,0.0,11761.0
2009-07-07,4047291600.0,881.03,197088900.0,83.28,6685600,94.62,IBM,None,99.72099999999996,2.289053815099809,104.29910763019959,95.14289236980034,0,0,0,0,0,100,11761.0,0.0,11761.0
2009-07-08,5279975400.0,879.56,248050500.0,83.23,7380800,95.08,IBM,BUY,99.36849999999995,2.4366289806771064,104.24175796135417,94.49524203864574,1,0,0,0,100,100,2253.0,9508.0,11761.0
2009-07-09,3785304000.0,882.68,163777600.0,83.39,6153200,96.41,IBM,None,99.07249999999995,2.417436386797458,103.90737277359486,94.23762722640504,0,0,0,0,100,100,2253.0,0.0,11894.0
2009-07-10,3429615900.0,879.13,173520300.0,83.19,7465900,95.23,IBM,None,98.66799999999995,2.345063347814914,103.35812669562978,93.97787330437012,0,0,0,0,100,100,2253.0,0.0,11776.0
2009-07-13,4245822300.0,901.05,217413500.0,85.21,9494300,97.86,IBM,None,98.45099999999994,2.1971653987525324,102.845330797505,94.05666920249487,0,0,0,0,100,100,2253.0,0.0,12039.0
2009-07-14,3777244100.0,905.84,181487400.0,85.7,5413500,97.51,IBM,None,98.24449999999993,2.07219810829024,102.3888962165804,94.10010378341946,0,0,0,0,100,100,2253.0,0.0,12004.0
2009-07-15,5065106800.0,932.68,220877900.0,88.2,8699100,101.26,IBM,SELL,98.23949999999994,2.0643910150839995,102.36828203016793,94.11071796983194,0,1,0,0,0,100,12379.0,-10126.0,12379.0
2009-07-16,4549352400.0,940.74,231174500.0,88.06,14997900,104.49,IBM,None,98.41149999999995,2.4230326257120103,103.25756525142397,93.56543474857592,0,0,0,0,0,100,12379.0,0.0,12379.0
2009-07-17,4724359200.0,940.38,138561700.0,89.03,20188900,109.01,IBM,None,98.84099999999994,3.3729214262075824,105.5868428524151,92.09515714758477,0,0,0,0,0,100,12379.0,0.0,12379.0
2009-07-20,4422337600.0,951.13,164179400.0,89.97,10682500,109.97,IBM,None,99.33949999999993,4.190821392921714,107.72114278584336,90.9578572141565,0,0,0,0,0,100,12379.0,0.0,12379.0
2009-07-21,4670552200.0,954.58,217718300.0,90.39,8301700,110.54,IBM,None,99.93099999999993,4.876118926920844,109.68323785384162,90.17876214615823,0,0,0,0,0,100,12379.0,0.0,12379.0
2009-07-22,4504248300.0,954.07,196068100.0,90.37,8813400,109.15,IBM,SELL,100.45649999999992,5.2793263874537315,111.01515277490738,89.89784722509246,0,0,1,0,-100,100,23294.0,-10915.0,12379.0
2009-07-23,5425539400.0,976.29,258795500.0,92.36,8461400,110.55,IBM,None,101.06599999999993,5.710599931613983,112.4871998632279,89.64480013677196,0,0,0,0,-100,100,23294.0,0.0,12239.0
2009-07-24,3950233700.0,979.26,154003100.0,92.74,6261000,111.1,IBM,None,101.61249999999993,6.128076778239841,113.86865355647961,89.35634644352024,0,0,0,0,-100,100,23294.0,0.0,12184.0
2009-07-27,4194345900.0,982.18,159259400.0,93.02,5069200,111.09,IBM,None,102.17649999999995,6.463359298465091,115.10321859693013,89.24978140306976,0,0,0,0,-100,100,23294.0,0.0,12185.0
2009-07-28,4893167400.0,979.62,186685200.0,92.58,5782900,110.76,IBM,None,102.71699999999996,6.71448403002616,116.14596806005227,89.28803193994764,0,0,0,0,-100,100,23294.0,0.0,12218.0
2009-07-29,4870938900.0,975.15,194399300.0,92.35,5100900,110.74,IBM,None,103.32299999999995,6.870378906275276,117.0637578125505,89.5822421874494,0,0,0,0,-100,100,23294.0,0.0,12220.0
2009-07-30,5619174900.0,986.75,225575400.0,93.32,6803100,111.31,IBM,None,103.93799999999995,7.013016919685309,117.96403383937056,89.91196616062933,0,0,0,0,-100,100,23294.0,0.0,12163.0
2009-07-31,5061491000.0,987.48,207358000.0,93.45,5329600,111.38,IBM,None,104.70299999999995,6.944882326311865,118.59276465262367,90.81323534737622,0,0,0,0,-100,100,23294.0,0.0,12156.0
2009-08-03,4921314800.0,1002.63,175776900.0,94.99,6108200,113.26,IBM,None,105.56599999999996,6.878574974819558,119.32314994963907,91.80885005036085,0,0,0,0,-100,100,23294.0,0.0,11968.0
2009-08-04,4976218300.0,1005.65,176714600.0,95.24,4993500,112.95,IBM,None,106.48249999999996,6.556997768555797,119.59649553711155,93.36850446288837,0,0,0,0,-100,100,23294.0,0.0,11999.0
2009-08-05,7507004900.0,1002.72,184726400.0,94.96,5025800,111.89,IBM,None,107.32299999999995,6.078371579019779,119.47974315803951,95.16625684196039,0,0,0,0,-100,100,23294.0,0.0,12105.0
2009-08-06,6123006200.0,997.08,193203800.0,94.47,6003100,111.37,IBM,None,108.07099999999996,5.56341423001567,119.1978284600313,96.94417153996861,0,0,0,0,-100,100,23294.0,0.0,12157.0
2009-08-07,6517909500.0,1010.48,220640900.0,95.71,5763200,113.22,IBM,None,108.97049999999994,4.77669173669106,118.52388347338206,99.41711652661783,0,0,0,0,-100,100,23294.0,0.0,11972.0
2009-08-10,4964380100.0,1007.1,130898700.0,95.51,3981300,112.63,IBM,None,109.70899999999995,4.055924711229525,117.82084942245899,101.5971505775409,0,0,0,0,-100,100,23294.0,0.0,12031.0
2009-08-11,5410391500.0,994.35,157301000.0,94.32,4844500,111.76,IBM,None,110.42149999999995,2.881865760781109,116.18523152156217,104.65776847843773,0,0,0,0,-100,100,23294.0,0.0,12118.0
2009-08-12,5095491700.0,1005.81,219052400.0,95.33,6289700,113.19,IBM,None,111.01799999999994,1.979009853438002,114.97601970687595,107.05998029312394,0,0,0,0,-100,100,23294.0,0.0,11975.0
2009-08-13,4735407200.0,1012.73,176449500.0,96.06,5489200,113.46,IBM,None,111.46649999999995,1.3325609495311366,114.13162189906222,108.80137810093768,0,0,0,0,-100,100,23294.0,0.0,11948.0
2009-08-14,4535274400.0,1004.09,199616100.0,95.32,4796400,112.5,IBM,None,111.64099999999993,1.2174905165542647,114.07598103310846,109.2060189668914,0,0,0,0,-100,100,23294.0,0.0,12044.0
2009-08-17,4534794700.0,979.73,237667500.0,92.98,5349600,110.88,IBM,BUY,111.68649999999995,1.167743099903941,114.02198619980784,109.35101380019206,0,0,0,1,0,100,12206.0,11088.0,12206.0
2009-08-18,3733706000.0,989.67,173461500.0,93.72,4286200,111.61,IBM,None,111.73999999999997,1.1365460140751547,114.01309202815028,109.46690797184965,0,0,0,0,0,100,12206.0,0.0,12206.0
2009-08-19,3834839800.0,996.46,192812800.0,94.54,4837900,112.5,IBM,None,111.90749999999996,0.9693018377350121,113.84610367546998,109.96889632452994,0,0,0,0,0,100,12206.0,0.0,12206.0
2009-08-20,4507525700.0,1007.37,174131300.0,95.51,4841700,112.86,IBM,None,112.02299999999995,0.9360898517403292,113.89517970348061,110.1508202965193,0,0,0,0,0,100,12206.0,0.0,12206.0
2009-08-21,5480636200.0,1026.13,224605000.0,97.39,8306800,113.76,IBM,None,112.15599999999998,0.9856998582384311,114.12739971647684,110.18460028352311,0,0,0,0,0,100,12206.0,0.0,12206.0
2009-08-24,5813878400.0,1025.57,191279000.0,97.38,6363400,113.21,IBM,None,112.26199999999997,0.9789984140650109,114.21999682813,110.30400317186995,0,0,0,0,0,100,12206.0,0.0,12206.0
2009-08-25,5252798400.0,1028.0,215310600.0,97.57,4652200,112.75,IBM,None,112.36149999999995,0.9175039079249842,114.19650781584991,110.52649218414999,0,0,0,0,0,100,12206.0,0.0,12206.0
2009-08-26,4429095900.0,1028.12,194620700.0,97.58,4515500,113.36,IBM,None,112.49249999999998,0.8589765942554559,114.2104531885109,110.77454681148906,0,0,0,0,0,100,12206.0,0.0,12206.0
2009-08-27,5212910700.0,1030.98,196230100.0,97.79,4356900,113.32,IBM,None,112.59299999999999,0.8304539025229337,114.25390780504586,110.93209219495412,0,0,0,0,0,100,12206.0,0.0,12206.0
2009-08-28,5880431900.0,1028.93,147024400.0,97.77,6235700,112.17,IBM,None,112.63249999999998,0.7873932676241201,114.20728653524822,111.05771346475174,0,0,0,0,0,100,12206.0,0.0,12206.0
2009-08-31,5141831600.0,1020.62,176051600.0,96.9,5439400,112.01,IBM,None,112.56999999999998,0.7845682688116388,114.13913653762326,111.0008634623767,0,0,0,0,0,100,12206.0,0.0,12206.0
2009-09-01,6466384600.0,998.04,321276800.0,94.77,6303800,110.72,IBM,None,112.45849999999999,0.88033650862955,114.21917301725908,110.69782698274089,0,0,0,0,0,100,12206.0,0.0,12206.0
2009-09-02,5222472400.0,994.75,171805000.0,94.41,5178800,110.15,IBM,None,112.3715,1.0151342923889133,114.40176858477783,110.34123141522217,0,0,0,0,0,100,12206.0,0.0,12206.0
2009-09-03,4209978200.0,1003.24,143572300.0,95.19,4936200,110.38,IBM,BUY,112.322,1.0880576610130512,114.49811532202611,110.1458846779739,1,0,0,0,100,100,1168.0,11038.0,12206.0
2009-09-04,3659957200.0,1016.4,142687900.0,96.53,3451700,111.45,IBM,None,112.2335,1.0831449093919996,114.399789818784,110.06721018121601,0,0,0,0,100,100,1168.0,0.0,12313.0
2009-09-08,4708604400.0,1025.39,132909100.0,97.36,5797500,111.16,IBM,None,112.16,1.1044884503004309,114.36897690060086,109.95102309939914,0,0,0,0,100,100,1168.0,0.0,12284.0
2009-09-09,4568885500.0,1033.37,154612500.0,98.1,5248100,110.79,IBM,None,112.11149999999998,1.1435828969122415,114.39866579382446,109.8243342061755,0,0,0,0,100,100,1168.0,0.0,12247.0
2009-09-10,5035422400.0,1044.14,162902400.0,99.11,4889400,111.65,IBM,None,112.03449999999998,1.1187186043837771,114.27193720876754,109.79706279123242,0,0,0,0,100,100,1168.0,0.0,12333.0
2009-09-11,4217193900.0,1042.73,152360100.0,99.09,5893700,112.01,IBM,SELL,111.96199999999999,1.0672769087752696,114.09655381755053,109.82744618244945,0,1,0,0,0,100,12369.0,-11201.0,12369.0
2009-09-14,4555565300.0,1049.34,149593800.0,99.57,4758600,112.8,IBM,None,111.977,1.0772973005113808,114.13159460102277,109.82240539897724,0,0,0,0,0,100,12369.0,0.0,12369.0
2009-09-15,5605083000.0,1052.63,196795900.0,99.99,6536000,113.24,IBM,None,112.09499999999998,1.0800609144637605,114.2551218289275,109.93487817107247,0,0,0,0,0,100,12369.0,0.0,12369.0
2009-09-16,6016760600.0,1068.76,206406300.0,101.5,11236700,115.59,IBM,None,112.29399999999998,1.3249007907266623,114.9438015814533,109.64419841854667,0,0,0,0,0,100,12369.0,0.0,12369.0
2009-09-17,5794963400.0,1065.49,229170900.0,101.35,8392600,115.64,IBM,None,112.45099999999998,1.5219824329869256,115.49496486597383,109.40703513402613,0,0,0,0,0,100,12369.0,0.0,12369.0
2009-09-18,6178674100.0,1068.3,153799100.0,101.41,9935800,115.86,IBM,SELL,112.60099999999997,1.7016428594325181,116.004285718865,109.19771428113494,0,0,1,0,-100,100,23955.0,-11586.0,12369.0
2009-09-21,4362194600.0,1064.66,151892000.0,101.16,4515100,115.35,IBM,None,112.68049999999997,1.793313531164502,116.26712706232897,109.09387293767097,0,0,0,0,-100,100,23955.0,0.0,12420.0
2009-09-22,4934420600.0,1071.66,143126700.0,101.75,5564700,115.39,IBM,None,112.78949999999995,1.890793414640318,116.57108682928059,109.0079131707193,0,0,0,0,-100,100,23955.0,0.0,12416.0
2009-09-23,4908642100.0,1060.87,225947400.0,100.9,5538100,114.64,IBM,None,112.88399999999994,1.9354188993069652,116.75483779861388,109.01316220138601,0,0,0,0,-100,100,23955.0,0.0,12491.0
2009-09-24,4764740300.0,1050.78,228636800.0,99.79,5426800,114.75,IBM,None,112.95349999999993,1.9779023311539106,116.90930466230776,108.99769533769211,0,0,0,0,-100,100,23955.0,0.0,12480.0
2009-09-25,4028638500.0,1044.38,204059000.0,99.26,5187900,114.88,IBM,None,113.03149999999994,2.023353846829276,117.07820769365848,108.98479230634139,0,0,0,0,-100,100,23955.0,0.0,12467.0
2009-09-28,3308458300.0,1062.98,118285800.0,101.03,8248600,113.22,IBM,None,113.08399999999992,2.013421805888228,117.11084361177637,109.05715638822346,0,0,0,0,-100,100,23955.0,0.0,12633.0
2009-09-29,4320627800.0,1060.61,133733900.0,100.73,6748800,112.73,IBM,BUY,113.11999999999992,1.9995973278861374,117.11919465577219,109.12080534422765,0,0,0,1,0,100,12682.0,11273.0,12682.0
2009-09-30,5858960300.0,1057.08,254383000.0,100.34,7733300,113.49,IBM,None,113.25849999999991,1.9189176636857588,117.09633532737143,109.42066467262839,0,0,0,0,0,100,12682.0,0.0,12682.0
2009-10-01,5363726600.0,1029.85,281840600.0,97.85,7067500,111.87,IBM,None,113.3444999999999,1.8075848236644605,116.95966964732882,109.72933035267097,0,0,0,0,0,100,12682.0,0.0,12682.0
2009-10-02,4923267500.0,1025.21,224748800.0,97.39,7581900,112.93,IBM,None,113.4719999999999,1.6723497493693689,116.81669949873863,110.12730050126116,0,0,0,0,0,100,12682.0,0.0,12682.0
2009-10-05,3868683400.0,1040.46,149875000.0,98.85,5673300,113.62,IBM,None,113.58049999999989,1.603225285415238,116.78695057083036,110.37404942916942,0,0,0,0,0,100,12682.0,0.0,12682.0
2009-10-06,4435792800.0,1054.72,202491100.0,100.26,6659100,115.14,IBM,None,113.7794999999999,1.5324128720849586,116.84432574416982,110.71467425582998,0,0,0,0,0,100,12682.0,0.0,12682.0
2009-10-07,3619865700.0,1057.58,159200300.0,100.54,5872000,116.5,IBM,None,114.0649999999999,1.4770400700138397,117.01908014002758,111.11091985997221,0,0,0,0,0,100,12682.0,0.0,12682.0
2009-10-08,4243961700.0,1065.48,183305800.0,101.31,6498000,116.03,IBM,None,114.2839999999999,1.4238768426951092,117.13175368539012,111.43624631460969,0,0,0,0,0,100,12682.0,0.0,12682.0
2009-10-09,3283378400.0,1071.49,135008300.0,101.93,13123100,119.49,IBM,None,114.65799999999987,1.7419728682415894,118.14194573648305,111.1740542635167,0,0,0,0,0,100,12682.0,0.0,12682.0
2009-10-12,3229343600.0,1076.19,118031000.0,102.33,7730500,120.54,IBM,None,115.04499999999987,2.1251043318054665,119.29520866361081,110.79479133638894,0,0,0,0,0,100,12682.0,0.0,12682.0
2009-10-13,3950865400.0,1073.19,157692700.0,102.12,7581300,120.52,IBM,None,115.40899999999988,2.4047429012388126,120.2184858024775,110.59951419752225,0,0,0,0,0,100,12682.0,0.0,12682.0
2009-10-14,4869049200.0,1092.02,191421600.0,103.87,9545500,121.78,IBM,None,115.71849999999988,2.795805646058438,121.31011129211676,110.126888707883,0,0,0,0,0,100,12682.0,0.0,12682.0
2009-10-15,4810676400.0,1096.56,173873600.0,104.25,11904600,121.43,IBM,SELL,116.00799999999988,3.0732540614667396,122.15450812293336,109.8614918770664,0,0,1,0,-100,100,24825.0,-12143.0,12682.0
2009-10-16,4488577600.0,1087.68,192069400.0,103.48,19216900,115.42,IBM,BUY,115.98599999999988,3.0759429876322333,122.13788597526434,109.83411402473541,0,0,0,1,0,100,13283.0,11542.0,13283.0
2009-10-19,4125491100.0,1097.91,159530400.0,104.33,7514100,116.76,IBM,None,116.05649999999989,3.076757135961538,122.21001427192296,109.90298572807681,0,0,0,0,0,100,13283.0,0.0,13283.0
2009-10-20,4741664300.0,1091.06,180921100.0,103.78,8780700,116.54,IBM,None,116.11399999999989,3.074390654217986,122.26278130843586,109.96521869156392,0,0,0,0,0,100,13283.0,0.0,13283.0
2009-10-21,5028912000.0,1081.4,225379300.0,102.85,7171000,114.68,IBM,None,116.1159999999999,3.073394146371959,122.26278829274382,109.96921170725598,0,0,0,0,0,100,13283.0,0.0,13283.0
2009-10-22,4633428600.0,1092.91,238444000.0,103.89,6027000,116.41,IBM,None,116.19899999999988,3.0569332757908962,122.31286655158168,110.08513344841809,0,0,0,0,0,100,13283.0,0.0,13283.0
2009-10-23,4382316400.0,1079.6,240033200.0,102.71,6799200,114.2,IBM,None,116.16499999999988,3.0760971512968496,122.31719430259358,110.01280569740618,0,0,0,0,0,100,13283.0,0.0,13283.0
2009-10-26,4838816600.0,1066.95,242028200.0,101.59,6538500,113.96,IBM,None,116.20199999999988,3.0430829243082753,122.28816584861643,110.11583415138334,0,0,0,0,0,100,13283.0,0.0,13283.0
2009-10-27,4546349900.0,1063.41,253266300.0,101.13,9445400,114.48,IBM,None,116.28949999999989,2.9620769295965643,122.21365385919302,110.36534614080676,0,0,0,0,0,100,13283.0,0.0,13283.0
2009-10-28,5510256900.0,1042.63,248821400.0,99.22,8780400,115.28,IBM,None,116.3789999999999,2.8994171828155624,122.17783436563103,110.58016563436878,0,0,0,0,0,100,13283.0,0.0,13283.0
2009-10-29,4844492100.0,1066.11,198110600.0,101.35,6309400,116.58,IBM,None,116.61449999999991,2.6982050076234194,122.01091001524675,111.21808998475306,0,0,0,0,0,100,13283.0,0.0,13283.0
2009-10-30,5595664500.0,1036.19,325608100.0,98.41,7711700,114.44,IBM,None,116.68999999999991,2.6093435351093106,121.90868707021853,111.47131292978129,0,0,0,0,0,100,13283.0,0.0,13283.0
2009-11-02,5017092389.0,1042.88,254222900.0,99.13,7049400,114.39,IBM,None,116.72849999999991,2.5669996309445384,121.86249926188898,111.59450073811084,0,0,0,0,0,100,13283.0,0.0,13283.0
2009-11-03,4698829100.0,1045.41,228362600.0,99.45,5706800,114.96,IBM,None,116.71949999999993,2.5731702236747256,121.86584044734937,111.57315955265048,0,0,0,0,0,100,13283.0,0.0,13283.0
2009-11-04,4768400800.0,1046.5,247996700.0,99.7,6353300,115.08,IBM,None,116.64849999999993,2.599006439716999,121.84651287943393,111.45048712056592,0,0,0,0,0,100,13283.0,0.0,13283.0
2009-11-05,4322173900.0,1066.63,180015300.0,101.54,6701800,116.8,IBM,None,116.68699999999993,2.5950623154481014,121.87712463089613,111.49687536910372,0,0,0,0,0,100,13283.0,0.0,13283.0
2009-11-06,3715180800.0,1069.3,170954100.0,101.8,4979600,117.7,IBM,None,116.59749999999993,2.5231744312537177,121.64384886250735,111.5511511374925,0,0,0,0,0,100,13283.0,0.0,13283.0
2009-11-09,3928288900.0,1093.08,159495700.0,104.12,7764600,120.09,IBM,None,116.57499999999993,2.4879276939920327,121.550855387984,111.59914461201586,0,0,0,0,0,100,13283.0,0.0,13283.0
2009-11-10,3797733200.0,1093.01,171899800.0,104.14,6444500,120.96,IBM,None,116.59699999999994,2.5262976863398747,121.64959537267968,111.54440462732019,0,0,0,0,0,100,13283.0,0.0,13283.0
2009-11-11,3639411500.0,1098.51,169466200.0,104.67,6530800,121.22,IBM,None,116.56899999999992,2.4682657453118537,121.50553149062362,111.63246850937621,0,0,0,0,0,100,13283.0,0.0,13283.0
2009-11-12,3565093600.0,1087.24,157144500.0,103.61,5345400,120.34,IBM,None,116.51449999999993,2.365164899115108,121.24482979823014,111.78417020176971,0,0,0,0,0,100,13283.0,0.0,13283.0
2009-11-13,3208259400.0,1093.48,150963000.0,104.17,4979700,121.07,IBM,None,116.79699999999994,2.557184100983354,121.91136820196665,111.68263179803323,0,0,0,0,0,100,13283.0,0.0,13283.0
2009-11-16,3943118900.0,1109.3,210922200.0,105.68,7822500,122.2,IBM,None,117.06899999999992,2.8280175313991727,122.72503506279827,111.41296493720156,0,0,0,0,0,100,13283.0,0.0,13283.0
2009-11-17,3252929400.0,1110.32,147134100.0,105.8,1027500,122.6,IBM,None,117.37199999999991,3.0816256816997867,123.53525136339948,111.20874863660035,0,0,0,0,0,100,13283.0,0.0,13283.0
2009-11-18,3711761400.0,1109.8,156486800.0,105.74,3970100,122.14,IBM,None,117.74499999999992,3.1882704435256364,124.1215408870512,111.36845911294864,0,0,0,0,0,100,13283.0,0.0,13283.0
2009-11-19,3786510000.0,1094.9,208734600.0,104.36,5308400,121.56,IBM,None,118.00249999999991,3.2813842954983863,124.56526859099668,111.43973140900314,0,0,0,0,0,100,13283.0,0.0,13283.0
2009-11-20,3367162000.0,1091.38,134196000.0,103.99,5354200,121.0,IBM,None,118.34249999999993,3.21833705833608,124.7791741166721,111.90582588332776,0,0,0,0,0,100,13283.0,0.0,13283.0
2009-11-23,3274976895.0,1106.24,148010200.0,105.31,7003500,122.19,IBM,None,118.75399999999993,3.1539989653915588,125.06199793078305,112.44600206921682,0,0,0,0,0,100,13283.0,0.0,13283.0
2009-11-24,3198948300.0,1105.65,138420100.0,105.47,4816500,121.93,IBM,None,119.12649999999992,3.0612282966511057,125.24895659330214,113.0040434066977,0,0,0,0,0,100,13283.0,0.0,13283.0
2009-11-25,2515961000.0,1110.63,109564800.0,105.84,3967700,121.31,IBM,None,119.42799999999991,2.9576423754503534,125.34328475090062,113.5127152490992,0,0,0,0,0,100,13283.0,0.0,13283.0
2009-11-27,1938936600.0,1091.49,126001800.0,104.12,3319200,119.8,IBM,None,119.58899999999991,2.8811015802634374,125.3512031605268,113.82679683947303,0,0,0,0,0,100,13283.0,0.0,13283.0
2009-11-30,3552348000.0,1095.63,160874800.0,104.47,6302700,120.42,IBM,None,119.88799999999992,2.6167931358432845,125.12158627168648,114.65441372831336,0,0,0,0,0,100,13283.0,0.0,13283.0
2009-12-01,3678709000.0,1108.86,159613700.0,105.77,6578600,121.94,IBM,None,120.26549999999993,2.3083041736092493,124.88210834721843,115.64889165278143,0,0,0,0,0,100,13283.0,0.0,13283.0
2009-12-02,3120866800.0,1109.24,132315100.0,105.72,4597900,121.24,IBM,None,120.57949999999991,1.9475557555715384,124.47461151114298,116.68438848885684,0,0,0,0,0,100,13283.0,0.0,13283.0
2009-12-03,4130150396.0,1099.92,167324900.0,104.89,5760000,121.57,IBM,None,120.90399999999993,1.4635407677801888,123.8310815355603,117.97691846443955,0,0,0,0,0,100,13283.0,0.0,13283.0
2009-12-04,5194526404.0,1105.98,274907800.0,105.49,7068500,121.28,IBM,None,121.12799999999993,1.1000507165375,123.32810143307493,118.92789856692492,0,0,0,0,0,100,13283.0,0.0,13283.0
2009-12-07,3423162874.0,1103.25,127973800.0,105.33,4144400,121.08,IBM,None,121.29699999999994,0.7494566452872573,122.79591329057446,119.79808670942542,0,0,0,0,0,100,13283.0,0.0,13283.0
2009-12-08,3990404022.0,1091.94,169863700.0,104.16,5351400,120.85,IBM,None,121.33499999999992,0.7028550797747979,122.74071015954952,119.92928984045032,0,0,0,0,0,100,13283.0,0.0,13283.0
2009-12-09,3500185028.0,1095.95,155063400.0,104.55,6071900,122.37,IBM,None,121.40549999999992,0.7333160085723021,122.87213201714452,119.93886798285531,0,0,0,0,0,100,13283.0,0.0,13283.0
2009-12-10,3457825967.0,1102.35,138014600.0,105.14,7077800,123.27,IBM,None,121.50799999999992,0.8413372813919602,123.19067456278384,119.82532543721601,0,0,0,0,0,100,13283.0,0.0,13283.0
2009-12-11,2973779975.0,1106.41,124854000.0,105.59,6597200,123.6,IBM,None,121.6709999999999,0.9156527726203945,123.5023055452407,119.83969445475911,0,0,0,0,0,100,13283.0,0.0,13283.0
2009-12-14,3705971044.0,1114.11,107141500.0,106.31,5201300,123.83,IBM,SELL,121.8089999999999,1.0221025800857595,123.85320516017141,119.76479483982838,0,0,1,0,-100,100,25666.0,-12383.0,13283.0
2009-12-15,4298356378.0,1107.93,120408800.0,105.81,7862600,122.46,IBM,None,121.82199999999992,1.0289678016583157,123.87993560331655,119.76406439668328,0,0,0,0,-100,100,25666.0,0.0,13420.0
2009-12-16,4528223222.0,1109.18,155358200.0,105.97,6372500,122.67,IBM,None,121.82549999999992,1.0318683871640297,123.88923677432798,119.76176322567186,0,0,0,0,-100,100,25666.0,0.0,13399.0
2009-12-17,6937939509.0,1096.08,183390100.0,104.7,5909500,121.42,IBM,BUY,121.78949999999993,1.0328778141458967,123.85525562829173,119.72374437170814,0,0,0,1,0,100,13524.0,12142.0,13524.0
2009-12-18,7425143380.0,1102.47,174591200.0,105.29,9106600,121.91,IBM,None,121.80699999999993,1.0317491535237209,123.87049830704737,119.74350169295249,0,0,0,0,0,100,13524.0,0.0,13524.0
2009-12-21,3397516445.0,1114.05,118039600.0,106.36,4772500,122.61,IBM,None,121.88749999999993,1.0282733355674614,123.94404667113486,119.83095332886501,0,0,0,0,0,100,13524.0,0.0,13524.0
2009-12-22,2860667823.0,1118.02,91707500.0,106.75,5535500,123.83,IBM,None,121.96949999999993,1.1153685961468651,124.20023719229366,119.7387628077062,0,0,0,0,0,100,13524.0,0.0,13524.0
2009-12-23,2498514708.0,1120.59,111783100.0,106.96,4127600,123.9,IBM,None,122.06799999999994,1.195784701624448,124.45956940324884,119.67643059675105,0,0,0,0,0,100,13524.0,0.0,13524.0
2009-12-24,975580122.0,1126.48,39677500.0,107.46,4265100,124.44,IBM,None,122.22449999999995,1.2922867328915537,124.80907346578306,119.63992653421684,0,0,0,0,0,100,13524.0,0.0,13524.0
2009-12-28,2081255216.0,1127.78,87508500.0,107.69,5800400,126.1,IBM,None,122.53949999999993,1.4306217823792968,125.40074356475853,119.67825643524134,0,0,0,0,0,100,13524.0,0.0,13524.0
2009-12-29,1867821021.0,1126.2,80572500.0,107.54,4184200,125.66,IBM,SELL,122.80149999999992,1.5001623596367186,125.80182471927336,119.80117528072648,0,0,1,0,-100,100,26090.0,-12566.0,13524.0
2009-12-30,1814926212.0,1126.42,73138400.0,107.5,3867000,126.35,IBM,None,123.0219999999999,1.6801710439267175,126.38234208785335,119.66165791214647,0,0,0,0,-100,100,26090.0,0.0,13455.0
2009-12-31,1801458495.0,1115.1,90637900.0,106.47,4223400,124.76,IBM,None,123.19799999999994,1.6679978543490341,126.533995708698,119.86200429130187,0,0,0,0,-100,100,26090.0,0.0,13614.0
