,Volume of SPY,SPY,Volume of IBM,IBM,Symbol,Order,rolling_mean,rolling_std,upper_band,lower_band,rolling_volume,rolling_std_volume,long execute,long exit,short execute,short exit,shares,Shares,Cash,Trades,Cummulative_Value
2008-02-05,286882500.0,122.3,9048900,96.45,IBM,None,95.0636,3.06497808584,102.726045215,87.4011547854,11494400.0,4587824.83433,0,0,0,0,0,0,10000.0,0.0,10000.0
2008-02-06,250792900.0,121.32,8265700,95.5,IBM,None,94.9128,2.93957411881,102.261735297,87.563864703,11435965.0,4622753.83981,0,0,0,0,0,0,10000.0,0.0,10000.0
2008-02-07,297368100.0,122.12,11255800,94.34,IBM,None,94.8408,2.93029281813,102.166532045,87.5150679547,11452650.0,4621403.53829,0,0,0,0,0,0,10000.0,0.0,10000.0
2008-02-08,221643500.0,121.34,6085600,95.2,IBM,None,94.7952,2.91482006306,102.082250158,87.5081498424,11225195.0,4773234.0938,0,0,0,0,0,0,10000.0,0.0,10000.0
2008-02-11,188576300.0,121.96,6098300,96.92,IBM,None,94.9572,2.9159082633,102.246970658,87.6674293417,11082115.0,4886261.96459,0,0,0,0,0,0,10000.0,0.0,10000.0
2008-02-12,256654400.0,123.09,7650200,98.21,IBM,None,95.2104,2.91239660761,102.491391519,87.929408481,10564155.0,4656973.69323,0,0,0,0,0,0,10000.0,0.0,10000.0
2008-02-13,181967800.0,124.35,6608200,99.95,IBM,None,95.6236,2.81744695306,102.667217383,88.5799826173,10313090.0,4731276.79951,0,0,0,0,0,0,10000.0,0.0,10000.0
2008-02-14,215108500.0,123.25,7340600,97.84,IBM,None,95.926,2.61871787968,102.472794699,89.3792053008,10046035.0,4741272.5303,0,0,0,0,0,0,10000.0,0.0,10000.0
2008-02-15,154110300.0,123.22,6235600,97.87,IBM,None,96.1704,2.49595252359,102.410281309,89.930518691,9761115.0,4792785.44352,0,0,0,0,0,0,10000.0,0.0,10000.0
2008-02-19,145190000.0,123.57,7376400,96.8,IBM,None,96.4544,2.10187035756,101.709075894,91.1997241061,8936350.0,3474861.33256,0,0,0,0,0,0,10000.0,0.0,10000.0
2008-02-20,220085700.0,123.94,7671000,99.42,IBM,None,96.65,2.14246353528,102.006158838,91.2938411618,8563425.0,3161304.7516,0,0,0,0,0,0,10000.0,0.0,10000.0
2008-02-21,201051200.0,122.91,8328000,98.57,IBM,None,96.852,2.07196565287,102.031914132,91.6720858678,8000420.0,1807230.80389,0,0,0,0,0,0,10000.0,0.0,10000.0
2008-02-22,205491000.0,123.66,7917200,99.63,IBM,None,97.104,2.00788238367,102.123705959,92.0842940408,7744995.0,1366983.39168,0,0,0,0,0,0,10000.0,0.0,10000.0
2008-02-25,190107000.0,125.22,8158000,101.48,IBM,None,97.4492,1.98779593185,102.41868983,92.4797101704,7651625.0,1262832.97428,0,0,0,0,0,0,10000.0,0.0,10000.0
2008-02-26,212420700.0,126.16,18651500,105.44,IBM,None,97.8684,2.48407876955,104.078596924,91.6582030761,8191275.0,2766626.3476,0,0,0,0,0,0,10000.0,0.0,10000.0
2008-02-27,168395800.0,126.03,11854900,107.36,IBM,None,98.4444,2.92830451513,105.765161288,91.1236387122,8453210.0,2856196.3444,0,0,0,0,0,0,10000.0,0.0,10000.0
2008-02-28,170831100.0,124.8,7227200,106.24,IBM,SELL,98.7964,3.30696346114,107.063808653,90.5289913471,8443015.0,2860397.52947,0,0,1,0,-100,100,20624.0,-10624.0,10000.0
2008-02-29,252715200.0,122.02,8475100,104.96,IBM,None,99.0676,3.52512089627,107.880402241,90.2547977593,8414040.0,2856809.12105,0,0,0,0,-100,100,20624.0,0.0,10128.0
2008-03-03,189483500.0,121.73,6335700,105.3,IBM,None,99.44,3.675026077,108.627565193,90.2524348075,8328470.0,2893770.22714,0,0,0,0,-100,100,20624.0,0.0,10094.0
2008-03-04,282513100.0,121.26,8593300,106.67,IBM,None,99.8504,3.88919923206,109.57339808,90.1274019198,8458860.0,2840911.75031,0,0,0,0,-100,100,20624.0,0.0,9957.0
2008-03-05,270681400.0,122.03,8434200,106.37,IBM,None,100.2076,4.06471737435,110.369393436,90.0458065641,8428125.0,2837515.40684,0,0,0,0,-100,100,20624.0,0.0,9987.0
2008-03-06,247911700.0,119.5,8018400,103.73,IBM,None,100.476,4.06700032784,110.64350082,90.3084991804,8415760.0,2838798.9939,0,0,0,0,-100,100,20624.0,0.0,10251.0
2008-03-07,326434600.0,118.27,8124900,105.04,IBM,None,100.7432,4.14095170221,111.095579256,90.3908207445,8259215.0,2759151.85696,0,0,0,0,-100,100,20624.0,0.0,10120.0
2008-03-10,235683300.0,116.71,9747300,105.1,IBM,None,100.9404,4.22897000856,111.512825021,90.3679749786,8442300.0,2728647.75532,0,0,0,0,-100,100,20624.0,0.0,10114.0
2008-03-11,341440600.0,120.91,10480600,107.39,IBM,None,101.2712,4.4006072687,112.272718172,90.2696818283,8661415.0,2706376.05923,0,0,0,0,-100,100,20624.0,0.0,9885.0
2008-03-12,229161100.0,119.78,9083200,107.92,IBM,None,101.73,4.4743174526,112.915793632,90.5442063685,8733065.0,2697148.86955,0,0,0,0,-100,100,20624.0,0.0,9832.0
2008-03-13,351504200.0,120.04,9548900,106.85,IBM,None,102.184,4.39088544601,113.161213615,91.206786385,8880100.0,2655042.65126,0,0,0,0,-100,100,20624.0,0.0,9939.0
2008-03-14,484687800.0,118.18,9734600,106.23,IBM,None,102.6596,4.14278436964,113.016560924,92.3026390759,8999800.0,2635879.22333,0,0,0,0,-100,100,20624.0,0.0,10001.0
2008-03-17,405311100.0,116.99,9280300,106.52,IBM,None,103.1124,3.9053129196,112.875682299,93.349117701,9152035.0,2554497.53042,0,0,0,0,-100,100,20624.0,0.0,9972.0
2008-03-18,334416600.0,121.85,9966500,109.16,IBM,None,103.602,3.86366729934,113.261168248,93.9428317516,9281540.0,2525227.84494,0,0,0,0,-100,100,20624.0,0.0,9708.0
2008-03-19,345971600.0,118.83,9314400,107.8,IBM,None,103.9856,3.78120910997,113.438622775,94.5325772251,9363710.0,2496639.21701,0,0,0,0,-100,100,20624.0,0.0,9844.0
2008-03-20,245320700.0,121.03,11417900,109.08,IBM,None,104.3508,3.81594016375,113.890650409,94.8109495906,9518205.0,2524621.57112,0,0,0,0,-100,100,20624.0,0.0,9716.0
2008-03-24,208977300.0,123.45,8398000,109.76,IBM,None,104.8276,3.71180019218,114.10710048,95.5480995196,9542245.0,2510825.52234,0,0,0,0,-100,100,20624.0,0.0,9648.0
2008-03-25,192947200.0,123.57,8443600,108.75,IBM,None,105.2628,3.49345282875,113.996432072,96.5291679281,9556525.0,2503339.44875,0,0,0,0,-100,100,20624.0,0.0,9749.0
2008-03-26,196934300.0,122.06,9617100,107.78,IBM,None,105.702,3.04682895264,113.319072382,98.0849276184,9104805.0,1303265.92652,0,0,0,0,-100,100,20624.0,0.0,9846.0
2008-03-27,225153200.0,121.67,8437200,106.49,IBM,None,105.9848,2.75343742741,112.868393569,99.1012064315,8933920.0,1137175.16338,0,0,0,0,-100,100,20624.0,0.0,9975.0
2008-03-28,180896100.0,120.51,6600900,105.62,IBM,BUY,106.2668,2.28327016944,111.974975424,100.558624576,8902605.0,1193858.32426,0,0,0,1,0,100,10062.0,10562.0,10062.0
2008-03-31,166692100.0,120.93,9707200,106.14,IBM,None,106.5272,1.81880803458,111.074220086,101.980179914,8964210.0,1202395.97073,0,0,0,0,0,100,10062.0,0.0,10062.0
2008-04-01,254547300.0,125.18,11875400,107.39,IBM,None,106.7636,1.48977873077,110.488046827,103.039153173,9241195.0,1203086.24903,0,0,0,0,0,100,10062.0,0.0,10062.0
2008-04-02,210910800.0,125.26,8007600,105.84,IBM,None,106.7796,1.47706488235,110.472262206,103.086937794,9211910.0,1226585.9851,0,0,0,0,0,100,10062.0,0.0,10062.0
2008-04-03,175884800.0,125.58,7052900,106.95,IBM,None,106.7632,1.47262158525,110.444753963,103.081646037,9142845.0,1308813.08724,0,0,0,0,0,100,10062.0,0.0,10062.0
2008-04-04,204446800.0,125.44,5733200,106.71,IBM,None,106.782,1.4686586851,110.453646713,103.110353287,9028585.0,1498192.55606,0,0,0,0,0,100,10062.0,0.0,10062.0
2008-04-07,154245500.0,125.5,6181200,107.22,IBM,None,106.8724,1.42060515274,110.423912882,103.320887118,8931400.0,1618138.86009,0,0,0,0,0,100,10062.0,0.0,10062.0
2008-04-08,148937300.0,125.37,7283300,107.19,IBM,None,106.948,1.3832389526,110.406097382,103.489902618,8808200.0,1646304.79432,0,0,0,0,0,100,10062.0,0.0,10062.0
2008-04-09,195610600.0,124.47,6819100,107.65,IBM,None,106.9872,1.38890700433,110.459467511,103.514932489,8625125.0,1654107.13676,0,0,0,0,0,100,10062.0,0.0,10062.0
2008-04-10,192967800.0,124.64,9149300,109.5,IBM,None,107.1124,1.46967762905,110.786594073,103.438205927,8628430.0,1655136.28381,0,0,0,0,0,100,10062.0,0.0,10062.0
2008-04-11,222973300.0,122.22,9556800,106.94,IBM,None,107.2408,1.29124913682,110.468922842,104.012677158,8628825.0,1655368.44297,0,0,0,0,0,100,10062.0,0.0,10062.0
2008-04-14,160522000.0,121.81,7745600,108.12,IBM,None,107.364,1.21733657356,110.407341434,104.320658566,8529375.0,1645155.42311,0,0,0,0,0,100,10062.0,0.0,10062.0
2008-04-15,172389200.0,122.09,8642000,108.01,IBM,None,107.4804,1.1276578973,110.299544743,104.661255257,8497460.0,1635986.99725,0,0,0,0,0,100,10062.0,0.0,10062.0
2008-04-16,189268900.0,125.4,19317700,111.06,IBM,None,107.6272,1.33518575487,110.965164387,104.289235613,8965020.0,2914572.13355,0,0,0,0,0,100,10062.0,0.0,10062.0
2008-04-17,179665700.0,125.58,18999100,113.46,IBM,None,107.8488,1.77357294747,112.282732369,103.414867631,9449255.0,3679751.90861,0,0,0,0,0,100,10062.0,0.0,10062.0
2008-04-18,218530600.0,126.89,12490800,114.68,IBM,None,108.162,2.22400539568,113.722013489,102.601986511,9502900.0,3717588.24763,0,0,0,0,0,100,10062.0,0.0,10062.0
2008-04-21,118587400.0,126.96,6952800,114.63,IBM,SELL,108.498,2.53302191068,114.830554777,102.165445223,9430640.0,3754061.38699,0,0,1,0,-100,100,21525.0,-11463.0,10062.0
2008-04-22,162166100.0,126.4,5417500,114.01,IBM,None,108.7976,2.72499584098,115.610089602,101.985110398,9279335.0,3855547.89393,0,0,0,0,-100,100,21525.0,0.0,10124.0
2008-04-23,193309000.0,126.2,7593300,113.94,IBM,None,108.9888,2.91271253874,116.270581347,101.707018653,9178145.0,3872735.88993,0,0,0,0,-100,100,21525.0,0.0,10131.0
2008-04-24,229381300.0,126.75,5996700,114.49,IBM,None,109.2564,3.10022294897,117.006957372,101.505842628,9056120.0,3935254.77656,0,0,0,0,-100,100,21525.0,0.0,10076.0
2008-04-25,190788100.0,127.92,6313400,113.46,IBM,None,109.4316,3.21159965334,117.460599133,101.402600867,9041745.0,3945207.93868,0,0,0,0,-100,100,21525.0,0.0,10179.0
2008-04-28,105610200.0,127.95,5605200,112.18,IBM,None,109.5284,3.25804476131,117.673511903,101.383288097,8836645.0,4014803.78291,0,0,0,0,-100,100,21525.0,0.0,10307.0
2008-04-29,125514100.0,127.44,7226000,113.25,IBM,None,109.7084,3.33660840775,118.049921019,101.366878981,8604175.0,3963873.9573,0,0,0,0,-100,100,21525.0,0.0,10200.0
2008-04-30,208395900.0,126.69,8128300,111.27,IBM,None,109.848,3.32555509151,118.161887729,101.534112271,8610210.0,3963009.65574,0,0,0,0,-100,100,21525.0,0.0,10398.0
2008-05-01,187279500.0,129.31,8230200,113.95,IBM,None,110.1464,3.34631498816,118.51218747,101.78061253,8669075.0,3947373.25384,0,0,0,0,-100,100,21525.0,0.0,10130.0
2008-05-02,181585500.0,129.67,6916600,113.56,IBM,None,110.464,3.27484350771,118.651108769,102.276891231,8728245.0,3909739.13068,0,0,0,0,-100,100,21525.0,0.0,10169.0
2008-05-05,118504500.0,129.05,6359300,112.5,IBM,None,110.7184,3.17030976405,118.64417441,102.79262559,8737150.0,3903830.89535,0,0,0,0,-100,100,21525.0,0.0,10275.0
2008-05-06,179339800.0,130.17,5910400,113.22,IBM,None,110.9516,3.12943642424,118.775191061,103.128008939,8668505.0,3942618.75668,0,0,0,0,-100,100,21525.0,0.0,10203.0
2008-05-07,199267300.0,127.85,11406800,114.91,IBM,None,111.3144,3.03651949881,118.905698747,103.723101253,8897890.0,3962762.33824,0,0,0,0,-100,100,21525.0,0.0,10034.0
2008-05-08,178321200.0,127.52,9794000,115.63,IBM,None,111.6616,3.01284428185,119.193710705,104.129489295,8930125.0,3967534.33891,0,0,0,0,-100,100,21525.0,0.0,9962.0
2008-05-09,152588200.0,127.28,5502900,114.83,IBM,None,111.9864,2.89206223999,119.2165556,104.7562444,8727430.0,4036782.78793,0,0,0,0,-100,100,21525.0,0.0,10042.0
2008-05-12,147865900.0,128.71,8666800,115.93,IBM,None,112.3348,2.81761885286,119.378847132,105.290752868,8773490.0,4030240.59382,0,0,0,0,-100,100,21525.0,0.0,9932.0
2008-05-13,159132200.0,128.73,9693400,117.17,IBM,None,112.734,2.76482066929,119.646051673,105.821948327,8826060.0,4035289.19154,0,0,0,0,-100,100,21525.0,0.0,9808.0
2008-05-14,181910800.0,128.99,8888300,118.04,IBM,None,113.1496,2.7496219134,120.023654784,106.275545216,8304590.0,3194389.51451,0,0,0,0,-100,100,21525.0,0.0,9721.0
2008-05-15,166927000.0,130.61,7227900,118.91,IBM,None,113.526,2.87061840028,120.702546001,106.349453999,7716030.0,1969998.9685,0,0,0,0,-100,100,21525.0,0.0,9634.0
2008-05-16,204236800.0,130.73,6372100,118.31,IBM,None,113.9808,2.67792662334,120.675616558,107.285983442,7410095.0,1636311.9248,0,0,0,0,-100,100,21525.0,0.0,9694.0
2008-05-19,165664400.0,131.08,6385200,117.08,IBM,None,114.3392,2.45081435445,120.466235886,108.212164114,7381715.0,1649529.4408,0,0,0,0,-100,100,21525.0,0.0,9817.0
2008-05-20,178552100.0,130.02,7017700,115.87,IBM,None,114.6536,2.08135748972,119.856993724,109.450206276,7461725.0,1586859.43558,0,0,0,0,-100,100,21525.0,0.0,9938.0
2008-05-21,252724800.0,127.82,8333900,114.43,IBM,BUY,114.7884,1.94348201261,119.647105032,109.929694968,7498755.0,1598688.39875,0,0,0,1,0,100,10082.0,11443.0,10082.0
2008-05-22,170820400.0,127.84,5031300,115.43,IBM,None,114.8672,1.92724656786,119.68531642,110.04908358,7450485.0,1659832.78209,0,0,0,0,0,100,10082.0,0.0,10082.0
2008-05-23,181376400.0,126.13,4701500,114.96,IBM,None,114.8784,1.92692691437,119.695717286,110.061082714,7369890.0,1754391.44612,0,0,0,0,0,100,10082.0,0.0,10082.0
2008-05-27,168322900.0,127.06,6989200,117.85,IBM,None,115.0072,2.01522438784,120.04526097,109.96913903,7439090.0,1707798.19555,0,0,0,0,0,100,10082.0,0.0,10082.0
2008-05-28,181288100.0,127.65,9875600,119.91,IBM,None,115.2432,2.22783287823,120.812782196,109.673617804,7571570.0,1791134.21111,0,0,0,0,0,100,10082.0,0.0,10082.0
2008-05-29,173927200.0,128.29,7561500,120.06,IBM,None,115.488,2.40765099907,121.507127498,109.468872502,7543230.0,1786339.44264,0,0,0,0,0,100,10082.0,0.0,10082.0
2008-05-30,117362000.0,128.61,8652900,119.8,IBM,None,115.7004,2.54617602167,122.065840054,109.334959946,7564365.0,1797361.65481,0,0,0,0,0,100,10082.0,0.0,10082.0
2008-06-02,181069900.0,127.28,7599300,117.89,IBM,None,115.8776,2.53789821178,122.222345529,109.532854471,7598500.0,1790883.14644,0,0,0,0,0,100,10082.0,0.0,10082.0
2008-06-03,271965700.0,126.54,7238200,118.33,IBM,None,116.1236,2.46146446924,122.277261173,109.969938827,7642445.0,1769531.05042,0,0,0,0,0,100,10082.0,0.0,10082.0
2008-06-04,246637700.0,126.47,6432300,118.06,IBM,None,116.316,2.41503968221,122.353599206,110.278400794,7668540.0,1746340.75604,0,0,0,0,0,100,10082.0,0.0,10082.0
2008-06-05,237867100.0,129.0,6153300,118.92,IBM,None,116.622,2.22631796172,122.187794904,111.056205096,7405865.0,1537013.78286,0,0,0,0,0,100,10082.0,0.0,10082.0
2008-06-06,384077400.0,124.89,7866700,115.65,IBM,None,116.69,2.16646216984,122.106155425,111.273844575,7309500.0,1436539.55301,0,0,0,0,0,100,10082.0,0.0,10082.0
2008-06-09,228263900.0,125.19,5584000,116.5,IBM,None,116.8076,2.06699113044,121.975077826,111.640122174,7313555.0,1431276.38453,0,0,0,0,0,100,10082.0,0.0,10082.0
2008-06-10,260138500.0,124.57,5384200,116.57,IBM,None,116.9704,1.863881434,121.630103585,112.310696415,7149425.0,1455928.98969,0,0,0,0,0,100,10082.0,0.0,10082.0
2008-06-11,283890100.0,122.73,7207200,114.08,IBM,None,117.0048,1.79857147018,121.501228675,112.508371325,7025115.0,1327786.5409,0,0,0,0,0,100,10082.0,0.0,10082.0
2008-06-12,252791800.0,123.2,6748600,114.64,IBM,None,116.994,1.81243160791,121.52507902,112.46292098,6918130.0,1253907.8129,0,0,0,0,0,100,10082.0,0.0,10082.0
2008-06-13,244726900.0,124.76,6379600,116.77,IBM,None,117.0396,1.79089707503,121.516842688,112.562357312,6875715.0,1257220.98978,0,0,0,0,0,100,10082.0,0.0,10082.0
2008-06-16,185832500.0,124.83,6280200,117.29,IBM,None,117.138,1.7310136722,121.46553418,112.81046582,6871120.0,1259324.704,0,0,0,0,0,100,10082.0,0.0,10082.0
2008-06-17,191707700.0,124.23,5277900,115.8,IBM,None,117.1328,1.73498443797,121.470261095,112.795338905,6815755.0,1305313.06085,0,0,0,0,0,100,10082.0,0.0,10082.0
2008-06-18,265893000.0,123.02,6614700,114.93,IBM,None,117.0432,1.78995279267,121.518081982,112.568318018,6795605.0,1305142.10619,0,0,0,0,0,100,10082.0,0.0,10082.0
2008-06-19,304204900.0,123.17,7570200,115.72,IBM,None,116.9504,1.79624951867,121.441023797,112.459776203,6757420.0,1268422.27843,0,0,0,0,0,100,10082.0,0.0,10082.0
2008-06-20,289275700.0,121.18,9624900,113.61,IBM,None,116.7384,1.86671431487,121.405185787,112.071614213,6987100.0,1352520.0592,0,0,0,0,0,100,10082.0,0.0,10082.0
2008-06-23,165096400.0,121.06,5852300,114.28,IBM,None,116.5772,1.89906889466,121.324872237,111.829527763,7044640.0,1272264.58577,0,0,0,0,0,100,10082.0,0.0,10082.0
2008-06-24,267300600.0,120.82,7552900,114.28,IBM,None,116.4652,1.95006222123,121.340355553,111.590044447,7072825.0,1277206.10169,0,0,0,0,0,100,10082.0,0.0,10082.0
2008-06-25,287853900.0,121.39,7131500,115.32,IBM,None,116.4432,1.9601333288,121.343533322,111.542866678,6935620.0,1094609.85388,0,0,0,0,0,100,10082.0,0.0,10082.0
2008-06-26,297775000.0,118.09,9710600,112.12,IBM,None,116.3508,2.10786803825,121.620470096,111.081129904,7043075.0,1253271.52091,0,0,0,0,0,100,10082.0,0.0,10082.0
2008-06-27,303423400.0,117.45,11660400,111.12,IBM,None,116.1784,2.34880231891,122.050405797,110.306394203,7193450.0,1591407.87405,0,0,0,0,0,100,10082.0,0.0,10082.0
2008-06-30,258842600.0,117.86,8439000,109.72,IBM,None,115.9688,2.67342682713,122.652367068,109.285232932,7235435.0,1613600.5373,0,0,0,0,0,100,10082.0,0.0,10082.0
2008-07-01,388622000.0,118.23,10069400,110.4,IBM,None,115.6708,2.86345932979,122.829448324,108.512151676,7376995.0,1733584.55063,0,0,0,0,0,100,10082.0,0.0,10082.0
2008-07-02,288064600.0,116.2,8093200,110.24,IBM,None,115.284,2.91953192595,122.582829815,107.985170185,7460040.0,1725712.11858,0,0,0,0,0,100,10082.0,0.0,10082.0
2008-07-03,239352500.0,116.32,6115200,110.65,IBM,None,114.9076,2.88451220602,122.118880515,107.696319485,7458135.0,1727250.88272,0,0,0,0,0,100,10082.0,0.0,10082.0
2008-07-07,372427300.0,115.13,9131100,112.46,IBM,None,114.614,2.73549203374,121.452730084,107.775269916,7521355.0,1765703.49465,0,0,0,0,0,100,10082.0,0.0,10082.0
2008-07-08,375973700.0,117.18,9813300,114.67,IBM,None,114.4852,2.64926266472,121.108356662,107.862043338,7732820.0,1774702.14479,0,0,0,0,0,100,10082.0,0.0,10082.0
2008-07-09,336729400.0,114.92,9506700,111.45,IBM,None,114.21,2.58990669073,120.684766727,107.735233273,7938945.0,1726308.35798,0,0,0,0,0,100,10082.0,0.0,10082.0
2008-07-10,436475700.0,115.39,10053600,114.02,IBM,None,114.0484,2.46258279049,120.204856976,107.891943024,8081265.0,1779324.02548,0,0,0,0,0,100,10082.0,0.0,10082.0
2008-07-11,481124600.0,114.05,8841400,113.04,IBM,None,113.8132,2.24949016446,119.436925411,108.189474589,8185905.0,1758239.31653,0,0,0,0,0,100,10082.0,0.0,10082.0
2008-07-14,322720800.0,113.02,8317400,112.5,IBM,None,113.6872,2.23045869722,119.263346743,108.111053257,8282795.0,1706080.52086,0,0,0,0,0,100,10082.0,0.0,10082.0
2008-07-15,502502500.0,111.42,10710500,114.04,IBM,None,113.5888,2.15415551899,118.974188797,108.203411203,8504310.0,1719937.13254,0,0,0,0,0,100,10082.0,0.0,10082.0
2008-07-16,371642900.0,114.16,9898800,116.57,IBM,None,113.5888,2.15415551899,118.974188797,108.203411203,8735355.0,1567309.73141,0,0,0,0,0,100,10082.0,0.0,10082.0
2008-07-17,375490600.0,115.3,12298200,117.11,IBM,None,113.71,2.2653145477,119.373286369,108.046713631,9019530.0,1674174.0201,0,0,0,0,0,100,10082.0,0.0,10082.0
2008-07-18,267030100.0,116.02,18317800,120.23,IBM,None,113.9336,2.6105169986,120.459892497,107.407307503,9556910.0,2634148.58509,0,0,0,0,0,100,10082.0,0.0,10082.0
2008-07-21,222863000.0,116.08,7779600,119.09,IBM,None,114.0264,2.752901318,120.908653295,107.144146705,9464645.0,2663792.19386,0,0,0,0,0,100,10082.0,0.0,10082.0
2008-07-22,296904200.0,117.4,11428600,120.33,IBM,None,114.148,2.96224717627,121.553617941,106.742382059,9743460.0,2555420.60549,0,0,0,0,0,100,10082.0,0.0,10082.0
2008-07-23,311698400.0,118.03,10230300,119.89,IBM,None,114.3116,3.16339833091,122.220095827,106.403104173,9877330.0,2504242.20581,0,0,0,0,0,100,10082.0,0.0,10082.0
2008-07-24,248634500.0,115.59,8946300,120.33,IBM,None,114.5276,3.38404624673,122.987715617,106.067484383,9968070.0,2431329.62326,0,0,0,0,0,100,10082.0,0.0,10082.0
2008-07-25,219131000.0,115.56,7565500,118.97,IBM,None,114.6576,3.49245052458,123.388726311,105.926473689,9860815.0,2489894.20728,0,0,0,0,0,100,10082.0,0.0,10082.0
2008-07-28,205201300.0,113.86,6096800,116.86,IBM,None,114.7876,3.51226218649,123.568255466,106.006944534,9582635.0,2587149.52476,0,0,0,0,0,100,10082.0,0.0,10082.0
2008-07-29,261505600.0,116.29,5979400,118.17,IBM,None,114.9432,3.57445417745,123.879335444,106.007064556,9459655.0,2700355.04926,0,0,0,0,0,100,10082.0,0.0,10082.0
2008-07-30,354710000.0,118.37,5826100,119.28,IBM,None,115.1432,3.67428759535,124.328918988,105.957481012,9247490.0,2814222.1855,0,0,0,0,0,100,10082.0,0.0,10082.0
2008-07-31,277402100.0,116.8,5857300,118.46,IBM,None,115.2688,3.73376967688,124.603224192,105.934375808,9135695.0,2905422.55347,0,0,0,0,0,100,10082.0,0.0,10082.0
2008-08-01,248690900.0,116.18,4939700,117.22,IBM,None,115.4728,3.69366971994,124.7069743,106.2386257,9076920.0,2980657.09862,0,0,0,0,0,100,10082.0,0.0,10082.0
2008-08-04,188239600.0,115.11,5994900,118.07,IBM,None,115.7508,3.61307339163,124.783483479,106.718116521,8920110.0,3059120.46474,0,0,0,0,0,100,10082.0,0.0,10082.0
2008-08-05,251577600.0,118.21,6969900,119.29,IBM,None,116.1336,3.45081618365,124.760640459,107.506559541,8777940.0,3081416.51319,0,0,0,0,0,100,10082.0,0.0,10082.0
2008-08-06,209555400.0,118.73,6253800,120.02,IBM,None,116.5184,3.31865519953,124.815037999,108.221762001,8615295.0,3126445.35425,0,0,0,0,0,100,10082.0,0.0,10082.0
2008-08-07,246312500.0,116.97,6633500,119.92,IBM,None,116.9056,3.11399941126,124.690598528,109.120601472,8444290.0,3137149.95076,0,0,0,0,0,100,10082.0,0.0,10082.0
2008-08-08,260811700.0,119.14,8561800,119.7,IBM,None,117.2676,2.87320854331,124.450621358,110.084578642,8430310.0,3135909.92333,0,0,0,0,0,100,10082.0,0.0,10082.0
2008-08-11,249425800.0,120.37,7490400,117.64,IBM,None,117.4748,2.69320304965,124.207807624,110.741792376,8388960.0,3142921.66779,0,0,0,0,0,100,10082.0,0.0,10082.0
2008-08-12,213200800.0,119.12,6996800,116.36,IBM,None,117.5424,2.64056382868,124.143809572,110.940990428,8203275.0,3108055.39727,0,0,0,0,0,100,10082.0,0.0,10082.0
2008-08-13,256393200.0,118.4,5857800,116.9,IBM,None,117.7604,2.32243672321,123.566491808,111.954308192,8001225.0,3123342.6982,0,0,0,0,0,100,10082.0,0.0,10082.0
2008-08-14,239555300.0,119.3,6813000,117.96,IBM,None,117.918,2.18782045272,123.387551132,112.448448868,7726965.0,2962872.32744,0,0,0,0,0,100,10082.0,0.0,10082.0
2008-08-15,181000800.0,119.88,5566200,117.42,IBM,None,118.0932,1.94254069026,122.949551726,113.236848274,7089385.0,1641029.68967,0,0,0,0,0,100,10082.0,0.0,10082.0
2008-08-18,172275100.0,118.24,5970000,115.77,IBM,None,118.224,1.63616421344,122.314410534,114.133589466,6998905.0,1650828.88,0,0,0,0,0,100,10082.0,0.0,10082.0
2008-08-19,194673700.0,116.95,9311600,113.89,IBM,None,118.218,1.65234177256,122.348854431,114.087145569,6893055.0,1400784.73776,0,0,0,0,0,100,10082.0,0.0,10082.0
2008-08-20,225498200.0,117.49,6871600,113.84,IBM,BUY,118.1088,1.84479520092,122.720788002,113.496811998,6725120.0,1160330.5471,1,0,0,0,100,100,-1302.0,11384.0,10082.0
2008-08-21,180609800.0,117.69,6315000,114.29,IBM,None,117.996,1.98899053123,122.968476328,113.023523672,6593555.0,1037946.94696,0,0,0,0,100,100,-1302.0,0.0,10127.0
2008-08-22,167715300.0,119.4,5989200,116.09,IBM,None,117.8304,1.96746977952,122.749074449,112.911725551,6514740.0,1019950.34007,0,0,0,0,100,100,-1302.0,0.0,10307.0
2008-08-25,171936900.0,116.98,5827400,114.17,IBM,None,117.6336,2.07912417458,122.831410436,112.435789564,6501270.0,1027511.27134,0,0,0,0,100,100,-1302.0,0.0,10115.0
2008-08-26,159117200.0,117.32,6218200,113.83,IBM,None,117.3736,2.13359024495,122.707575612,112.039624388,6513210.0,1022503.06647,0,0,0,0,100,100,-1302.0,0.0,10081.0
2008-08-27,171032800.0,118.46,5843800,114.65,IBM,None,117.164,2.1334674437,122.497668609,111.830331391,6514095.0,1021884.5292,0,0,0,0,100,100,-1302.0,0.0,10163.0
2008-08-28,167409100.0,119.9,5448200,115.76,IBM,None,116.9812,2.04483764637,122.093294116,111.869105884,6493640.0,1039663.31007,0,0,0,0,100,100,-1302.0,0.0,10274.0
2008-08-29,189195800.0,118.61,7156000,113.12,IBM,None,116.7472,2.14026189986,122.09785475,111.39654525,6604455.0,981821.297104,0,0,0,0,100,100,-1302.0,0.0,10010.0
2008-09-02,252364900.0,117.87,11749800,110.03,IBM,None,116.474,2.5263560715,122.789890179,110.158109821,6892200.0,1500220.37504,0,0,0,0,100,100,-1302.0,0.0,9701.0
2008-09-03,251947000.0,117.77,11316600,109.97,IBM,None,116.146,2.81303069067,123.178576727,109.113423273,7109535.0,1797471.18161,0,0,0,0,100,100,-1302.0,0.0,9695.0
2008-09-04,340042500.0,114.22,10133800,106.86,IBM,None,115.6492,3.29237113137,123.880127828,107.418272172,7303535.0,1906337.44632,0,0,0,0,100,100,-1302.0,0.0,9384.0
2008-09-05,289503400.0,114.58,8811400,106.24,IBM,None,115.1604,3.73503846477,124.497996162,105.822803838,7412430.0,1928128.00217,0,0,0,0,100,100,-1302.0,0.0,9322.0
2008-09-08,364075300.0,116.95,10452800,108.99,IBM,None,114.8312,3.9047773304,124.593143326,105.069256674,7506980.0,2031072.81157,0,0,0,0,100,100,-1302.0,0.0,9597.0
2008-09-09,377326800.0,113.48,8106300,106.9,IBM,None,114.3844,4.15009144478,124.759628612,104.009171388,7537775.0,2035472.54927,0,0,0,0,100,100,-1302.0,0.0,9388.0
2008-09-10,298916600.0,113.94,11852200,109.69,IBM,None,114.0004,4.12130792346,124.303669809,103.697130191,7780545.0,2246197.78327,0,0,0,0,100,100,-1302.0,0.0,9667.0
2008-09-11,375369400.0,115.59,9737400,110.77,IBM,None,113.6304,3.97084004546,123.557500114,103.703299886,7974525.0,2238919.54085,0,0,0,0,100,100,-1302.0,0.0,9775.0
2008-09-12,297851200.0,116.12,6635100,110.55,IBM,None,113.2556,3.7905563356,122.731990839,103.779209161,7965630.0,2244124.37597,0,0,0,0,100,100,-1302.0,0.0,9753.0
2008-09-15,483607000.0,110.59,9908300,107.04,IBM,None,112.7492,3.73905059251,122.096826481,103.401573519,8182735.0,2209546.28428,0,0,0,0,100,100,-1302.0,0.0,9402.0
2008-09-16,581744300.0,112.44,13673200,107.84,IBM,None,112.3572,3.71859462701,121.653686568,103.060713432,8567895.0,2460657.23024,0,0,0,0,100,100,-1302.0,0.0,9482.0
2008-09-17,624095600.0,107.39,12298000,103.58,IBM,None,111.846,4.01224376129,121.876609403,101.815390597,8717215.0,2595101.69181,0,0,0,0,100,100,-1302.0,0.0,9056.0
2008-09-18,776114700.0,110.58,15995000,106.97,IBM,None,111.4488,3.98247548643,121.404988716,101.492611284,9173385.0,3020583.26039,0,0,0,0,100,100,-1302.0,0.0,9395.0
2008-09-19,501087800.0,114.97,14432600,110.44,IBM,None,111.148,3.74723564778,120.516089119,101.779910881,9579265.0,3158520.20269,0,0,0,0,100,100,-1302.0,0.0,9742.0
2008-09-22,249966500.0,112.36,8844000,107.99,IBM,None,110.7708,3.5594977642,119.66954441,101.87205559,9722005.0,3050395.15395,0,0,0,0,100,100,-1302.0,0.0,9497.0
2008-09-23,327470400.0,109.81,8012800,107.2,IBM,None,110.428,3.46951845842,119.101796146,101.754203854,9831275.0,2940711.83897,0,0,0,0,100,100,-1302.0,0.0,9418.0
2008-09-24,311818400.0,110.16,6574100,108.22,IBM,None,110.2012,3.41873066113,118.748026653,101.654373347,9849070.0,2918691.85786,0,0,0,0,100,100,-1302.0,0.0,9520.0
2008-09-25,328253000.0,111.88,6539200,111.61,IBM,SELL,110.112,3.34819727615,118.48249319,101.74150681,9883840.0,2872238.75316,0,1,0,0,0,100,9859.0,-11161.0,9859.0
2008-09-26,285917400.0,111.94,4760500,110.97,IBM,None,109.9792,3.23966165929,118.078354148,101.880045852,9849455.0,2931637.02813,0,0,0,0,0,100,9859.0,0.0,9859.0
2008-09-29,459562300.0,103.17,9586700,106.36,IBM,None,109.59,3.05409288224,117.225232206,101.954767794,9970990.0,2863696.01866,0,0,0,0,0,100,9859.0,0.0,9859.0
2008-09-30,328154400.0,107.44,18991900,108.68,IBM,None,109.3704,2.90477836217,116.632345905,102.108454095,10333095.0,3489869.50781,0,0,0,0,0,100,9859.0,0.0,9859.0
2008-10-01,332783000.0,107.5,13134400,102.34,IBM,None,108.9108,3.07383707007,116.595392675,101.226207325,10423985.0,3540141.25666,0,0,0,0,0,100,9859.0,0.0,9859.0
2008-10-02,365337800.0,103.6,11458200,97.33,IBM,None,108.218,3.62824911861,117.288622797,99.1473772035,10490205.0,3546808.00743,0,0,0,0,0,100,9859.0,0.0,9859.0
2008-10-03,461798000.0,102.2,9637900,96.12,IBM,None,107.4324,4.03108368391,117.51010921,97.3546907902,10531530.0,3530997.89281,0,0,0,0,0,100,9859.0,0.0,9859.0
2008-10-06,610637500.0,97.0,11521400,93.5,IBM,None,106.6476,4.72738676931,118.466066923,94.8291330767,10584960.0,3537822.14578,0,0,0,0,0,100,9859.0,0.0,9859.0
2008-10-07,540012100.0,92.65,11416100,88.88,IBM,None,105.8016,5.8548787918,120.438796979,91.1644030205,10750450.0,3492901.25729,0,0,0,0,0,100,9859.0,0.0,9859.0
2008-10-08,725414800.0,90.32,17980400,84.14,IBM,None,104.7684,7.21073371209,122.79523428,86.7415657198,11056860.0,3845622.30162,0,0,0,0,0,100,9859.0,0.0,9859.0
2008-10-09,534485200.0,84.01,21293600,82.7,IBM,None,103.802,8.43396802618,124.886920065,82.7170799345,11634670.0,4456574.03265,0,0,0,0,0,100,9859.0,0.0,9859.0
2008-10-10,871026300.0,81.97,24637400,81.54,IBM,BUY,102.814,9.5140527642,126.599131911,79.0288680895,12534785.0,5156657.10292,1,0,0,0,100,100,1705.0,8154.0,9859.0
2008-10-13,455584000.0,93.88,17101600,85.68,IBM,None,101.8816,10.0127201099,126.913400275,76.8497997251,12894450.0,5214359.39755,0,0,0,0,100,100,1705.0,0.0,10273.0
2008-10-14,546268300.0,92.49,15114200,86.98,IBM,None,101.0848,10.3824985432,127.041046358,75.1285536419,12966500.0,5235598.53845,0,0,0,0,100,100,1705.0,0.0,10403.0
2008-10-15,484627500.0,83.38,11330800,82.04,IBM,None,99.9788,10.8880375183,127.198893796,72.7587062042,12918140.0,5246553.74361,0,0,0,0,100,100,1705.0,0.0,9909.0
2008-10-16,708811200.0,86.85,16271300,85.04,IBM,None,98.9496,11.0404957165,126.550839291,71.3483607087,12931955.0,5255438.2608,0,0,0,0,100,100,1705.0,0.0,10209.0
2008-10-17,476649000.0,86.34,15230700,84.36,IBM,None,97.902,11.1360368474,125.742092119,70.0619078815,12971860.0,5270441.10772,0,0,0,0,100,100,1705.0,0.0,10141.0
2008-10-20,321158800.0,91.52,9747100,85.96,IBM,None,97.0588,11.2130973717,125.091543429,69.0260565708,13017015.0,5236976.37415,0,0,0,0,100,100,1705.0,0.0,10301.0
2008-10-21,356502000.0,88.79,9716400,82.57,IBM,None,96.048,11.3390060558,124.395515139,67.7004848605,13102195.0,5164653.59459,0,0,0,0,100,100,1705.0,0.0,9962.0
2008-10-22,516168000.0,83.96,14198100,77.68,IBM,None,95.012,11.7961388457,124.502347114,65.5216528858,13483395.0,4933654.5808,0,0,0,0,100,100,1705.0,0.0,9473.0
2008-10-23,634666400.0,84.93,12358000,78.38,IBM,None,93.8684,11.9730731505,123.801082876,63.9357171238,13774335.0,4666959.73935,0,0,0,0,100,100,1705.0,0.0,9543.0
2008-10-24,545812600.0,80.62,12287300,76.26,IBM,None,92.5012,11.9534068784,122.384717196,62.6176828041,14150675.0,4179896.54076,0,0,0,0,100,100,1705.0,0.0,9331.0
2008-10-27,397288600.0,77.76,11099100,74.02,IBM,None,91.1424,12.0497369543,121.266742386,61.0180576144,14226295.0,4106009.98044,0,0,0,0,100,100,1705.0,0.0,9107.0
2008-10-28,639939500.0,86.85,14205900,81.1,IBM,None,90.0984,11.7268615011,119.415553753,60.7812462472,13986995.0,3950157.73416,0,0,0,0,100,100,1705.0,0.0,9815.0
2008-10-29,531270100.0,86.22,12692000,81.96,IBM,None,89.048,11.2002983591,117.048745898,61.0472541022,13964875.0,3956417.06796,0,0,0,0,100,100,1705.0,0.0,9901.0
2008-10-30,414582100.0,89.2,12033800,84.27,IBM,None,87.9544,10.1951925272,113.442381318,62.466418682,13993655.0,3939279.58702,0,0,0,0,100,100,1705.0,0.0,10132.0
2008-10-31,411394000.0,89.69,10506300,86.39,IBM,None,86.9712,8.99807679452,109.466391986,64.4760080137,14037075.0,3893259.269,0,0,0,0,100,100,1705.0,0.0,10344.0
2008-11-03,205419400.0,89.95,7686300,86.12,IBM,None,86.1616,8.04047556637,106.262788916,66.0604110841,13845320.0,4111986.39264,0,0,0,0,100,100,1705.0,0.0,10317.0
2008-11-04,346793400.0,93.01,10173000,86.79,IBM,SELL,85.286,6.5374931485,101.629732871,68.9422671288,13783165.0,4159755.61824,0,1,0,0,0,100,10384.0,-8679.0,10384.0
2008-11-05,387844100.0,89.1,8706200,83.58,IBM,None,84.5356,5.49137815125,98.2640453781,70.8071546219,13319455.0,4184092.82093,0,0,0,0,0,100,10384.0,0.0,10384.0
2008-11-06,477721900.0,84.16,12522000,79.57,IBM,None,83.8252,4.88223575834,96.0307893958,71.6196106042,12880875.0,3740446.91685,0,0,0,0,0,100,10384.0,0.0,10384.0
2008-11-07,380391000.0,86.94,7927800,80.61,IBM,None,83.2048,4.19137220967,93.6832305242,72.7263694758,12045395.0,2696825.17913,0,0,0,0,0,100,10384.0,0.0,10384.0
2008-11-10,301773000.0,85.8,9685100,78.37,IBM,None,82.5996,3.70725581349,91.8677395337,73.3314604663,11674570.0,2464911.81397,0,0,0,0,0,100,10384.0,0.0,10384.0
2008-11-11,418498200.0,83.15,10013600,77.31,IBM,None,82.1368,3.61150790299,91.1655697575,73.1080302425,11419540.0,2351561.35755,0,0,0,0,0,100,10384.0,0.0,10384.0
2008-11-12,454330600.0,79.49,11368400,74.51,IBM,None,81.7516,3.89164455383,91.4807113846,72.0224886154,11421420.0,2351501.708,0,0,0,0,0,100,10384.0,0.0,10384.0
2008-11-13,753141900.0,84.45,15103600,78.69,IBM,None,81.5912,3.93334179378,91.4245544844,71.7578455156,11363035.0,2236427.87011,0,0,0,0,0,100,10384.0,0.0,10384.0
2008-11-14,540352300.0,80.23,12023700,75.06,IBM,None,81.332,4.14468836786,91.6937209196,70.9702790804,11202685.0,2051879.57461,0,0,0,0,0,100,10384.0,0.0,10384.0
2008-11-17,415254900.0,79.17,10315300,72.4,IBM,None,80.8008,4.40692534541,91.8181133635,69.7834866365,11231095.0,2034525.26299,0,0,0,0,0,100,10384.0,0.0,10384.0
2008-11-18,523811800.0,80.66,13050600,74.83,IBM,None,80.3148,4.36685825279,91.231945632,69.397654368,11397805.0,2040472.35101,0,0,0,0,0,100,10384.0,0.0,10384.0
2008-11-19,558327600.0,75.49,12606400,70.99,IBM,None,79.8728,4.72915735976,91.6956933994,68.0499066006,11318220.0,1954743.15491,0,0,0,0,0,100,10384.0,0.0,10384.0
2008-11-20,814180400.0,69.89,17634700,67.04,IBM,None,79.1528,5.25110743875,92.2805685969,66.0250314031,11582055.0,2406394.92569,0,0,0,0,0,100,10384.0,0.0,10384.0
2008-11-21,718536500.0,73.66,19804500,69.97,IBM,None,78.5772,5.44175639538,92.1815909885,64.9728090115,11957915.0,3028894.28067,0,0,0,0,0,100,10384.0,0.0,10384.0
2008-11-24,523305300.0,78.76,15023200,74.65,IBM,None,78.1248,5.26982615147,91.2993653787,64.9502346213,12154120.0,3096673.016,0,0,0,0,0,100,10384.0,0.0,10384.0
2008-11-25,454112400.0,79.34,12519700,75.36,IBM,None,77.8364,5.21340649991,90.8699162498,64.8028837502,12069810.0,3060615.48366,0,0,0,0,0,100,10384.0,0.0,10384.0
2008-11-26,370134200.0,82.41,8240600,76.32,IBM,None,77.782,5.22219462168,90.8374865542,64.7265134458,11847240.0,3172786.89025,0,0,0,0,0,100,10384.0,0.0,10384.0
2008-11-28,118308100.0,83.45,3908300,76.25,IBM,None,77.6968,5.22940222843,90.7703055711,64.6232944289,11440965.0,3634308.24914,0,0,0,0,0,100,10384.0,0.0,10384.0
2008-12-01,369927100.0,76.05,10265000,71.86,IBM,None,77.5208,5.35237090768,90.9017272692,64.1398727308,11428900.0,3637973.09298,0,0,0,0,0,100,10384.0,0.0,10384.0
2008-12-02,469508400.0,78.98,9305200,74.61,IBM,None,77.5444,5.33757207602,90.88833019,64.20046981,11509845.0,3567647.91564,0,0,0,0,0,100,10384.0,0.0,10384.0
2008-12-03,519863500.0,80.88,9757800,75.38,IBM,None,77.3156,5.30128056857,90.5688014214,64.0623985786,11489085.0,3577032.06087,0,0,0,0,0,100,10384.0,0.0,10384.0
2008-12-04,444173800.0,79.01,10914000,72.36,IBM,None,76.9316,5.29853335053,90.1779333763,63.6852666237,11599475.0,3520246.43065,0,0,0,0,0,100,10384.0,0.0,10384.0
2008-12-05,471905300.0,81.45,11212000,75.31,IBM,None,76.5732,5.07999812992,89.2731953248,63.8732046752,11533975.0,3514360.33872,0,0,0,0,0,100,10384.0,0.0,10384.0
2008-12-08,412859300.0,84.29,11177600,79.3,IBM,None,76.2896,4.69222893019,88.0201723255,64.5590276745,11696465.0,3412502.46366,0,0,0,0,0,100,10384.0,0.0,10384.0
2008-12-09,370790000.0,82.9,9356400,77.27,IBM,None,75.9356,4.23083825422,86.5126956355,65.3585043645,11680030.0,3423473.16011,0,0,0,0,0,100,10384.0,0.0,10384.0
2008-12-10,396187400.0,83.46,8187000,77.43,IBM,None,75.5612,3.59693540856,84.5535385214,66.5688614786,11588700.0,3493909.34221,0,0,0,0,0,100,10384.0,0.0,10384.0
2008-12-11,365061000.0,81.45,10682400,75.3,IBM,None,75.23,3.18548400299,83.1937100075,67.2662899925,11554400.0,3499548.58096,0,0,0,0,0,100,10384.0,0.0,10384.0
2008-12-12,415060400.0,82.43,10381700,76.81,IBM,None,75.1196,3.07470524333,82.8063631083,67.4328368917,11318305.0,3405518.37626,0,0,0,0,0,100,10384.0,0.0,10384.0
2008-12-15,256694200.0,81.28,8848200,77.34,IBM,None,74.9888,2.8957545361,82.2281863402,67.7494136598,11159530.0,3444699.96709,0,0,0,0,0,100,10384.0,0.0,10384.0
2008-12-16,377699500.0,85.1,11559800,80.73,IBM,None,75.0832,3.04518434034,82.6961608509,67.4702391491,11221755.0,3439884.11807,0,0,0,0,0,100,10384.0,0.0,10384.0
2008-12-17,281819800.0,84.28,8592000,80.21,IBM,None,75.1992,3.18554406656,83.1630601664,67.2353398336,10998825.0,3459542.36248,0,0,0,0,0,100,10384.0,0.0,10384.0
2008-12-18,374673300.0,82.71,8029500,78.49,IBM,None,75.3584,3.24849539531,83.4796384883,67.2371615117,10769980.0,3498762.38789,0,0,0,0,0,100,10384.0,0.0,10384.0
2008-12-19,301451300.0,82.35,13098600,78.04,IBM,None,75.3324,3.22322209391,83.3904552348,67.2743447652,10543175.0,3161068.33171,0,0,0,0,0,100,10384.0,0.0,10384.0
2008-12-22,243759500.0,81.29,7083300,76.61,IBM,None,75.3944,3.23265767855,83.4760441964,67.3127558036,9907115.0,2383737.167,0,0,0,0,0,100,10384.0,0.0,10384.0
2008-12-23,221625200.0,80.45,6374400,75.32,IBM,None,75.5112,3.17214349192,83.4415587298,67.5808412702,9474675.0,2182797.7848,0,0,0,0,0,100,10384.0,0.0,10384.0
2008-12-24,62061600.0,80.92,2415200,75.24,IBM,None,75.5276,3.16953371965,83.4514342991,67.6037657009,8969450.0,2575047.07397,0,0,0,0,0,100,10384.0,0.0,10384.0
2008-12-26,74767700.0,81.39,3101300,76.0,IBM,None,75.728,3.02580567783,83.2925141946,68.1634858054,8712485.0,2888906.39576,0,0,0,0,0,100,10384.0,0.0,10384.0
2008-12-29,127795900.0,81.15,6062600,75.92,IBM,None,76.0832,2.42498577315,82.1456644329,70.0207355671,8820200.0,2736492.85419,0,0,0,0,0,100,10384.0,0.0,10384.0
2008-12-30,168256300.0,83.08,5774400,78.07,IBM,None,76.4072,2.09249755078,81.6384438769,71.1759561231,8595670.0,2795302.8822,0,0,0,0,0,100,10384.0,0.0,10384.0
2008-12-31,193987200.0,84.26,6667700,78.64,IBM,None,76.5668,2.10501330162,81.8293332541,71.3042667459,8463795.0,2822153.53614,0,0,0,0,0,100,10384.0,0.0,10384.0
2009-01-02,227566300.0,86.8,7558200,81.64,IBM,None,76.818,2.31884849297,82.6151212324,71.0208787676,8353815.0,2811912.65124,0,0,0,0,0,100,10384.0,0.0,10384.0
2009-01-05,240349700.0,86.7,8315700,81.13,IBM,None,77.0104,2.47040226144,83.1864056536,70.8343943464,8223900.0,2746668.31462,0,0,0,0,0,100,10384.0,0.0,10384.0
2009-01-06,328260900.0,87.28,9649500,83.38,IBM,None,77.2956,2.77210371379,84.2258592845,70.3653407155,8145775.0,2678580.46869,0,0,0,0,0,100,10384.0,0.0,10384.0
2009-01-07,280899200.0,84.67,8455100,82.03,IBM,None,77.7024,2.68608339409,84.4176084852,70.9871915148,8009650.0,2583899.46063,0,0,0,0,0,100,10384.0,0.0,10384.0
2009-01-08,263621000.0,85.01,7231800,81.46,IBM,None,77.9764,2.7067875794,84.7433689485,71.2094310515,7903420.0,2569249.43814,0,0,0,0,0,100,10384.0,0.0,10384.0
2009-01-09,330953600.0,83.19,7440300,79.15,IBM,None,78.1272,2.66073536201,84.779038405,71.475361595,7866085.0,2570336.81292,0,0,0,0,0,100,10384.0,0.0,10384.0
2009-01-12,277858500.0,81.19,8072700,80.09,IBM,None,78.4364,2.39887279085,84.4335819771,72.4392180229,7735600.0,2484653.19173,0,0,0,0,0,100,10384.0,0.0,10384.0
2009-01-13,356432300.0,81.34,7657200,79.74,IBM,None,78.6136,2.32065163262,84.4152290816,72.8119709184,7599375.0,2405363.35495,0,0,0,0,0,100,10384.0,0.0,10384.0
2009-01-14,435491600.0,78.78,9470000,77.74,IBM,None,78.5512,2.3223987599,84.3571968998,72.7452031002,7630465.0,2426281.82905,0,0,0,0,0,100,10384.0,0.0,10384.0
2009-01-15,532647300.0,78.81,11734800,78.6,IBM,None,78.6044,2.30700939169,84.3719234792,72.8368765208,7639215.0,2441466.20923,0,0,0,0,0,100,10384.0,0.0,10384.0
2009-01-16,399237200.0,79.43,11245300,79.35,IBM,None,78.6812,2.2982263451,84.4267658628,72.9356341372,7771880.0,2564929.84917,0,0,0,0,0,100,10384.0,0.0,10384.0
2009-01-20,419855200.0,75.23,13800100,76.6,IBM,None,78.7332,2.23229650062,84.3139412515,73.1524587485,8060410.0,2898334.49976,0,0,0,0,0,100,10384.0,0.0,10384.0
2009-01-21,364360700.0,78.48,24905000,85.43,IBM,None,79.078,2.56394715234,85.4878678809,72.6681321191,8650730.0,4650941.12899,0,0,0,0,0,100,10384.0,0.0,10384.0
2009-01-22,427940300.0,77.27,12350700,84.16,IBM,None,79.3508,2.72883815326,86.1728953831,72.5287046169,8914100.0,4706319.82931,0,0,0,0,0,100,10384.0,0.0,10384.0
2009-01-23,386800600.0,77.61,10253700,83.62,IBM,None,79.4664,2.8482975617,86.5871439043,72.3456560957,9108065.0,4675982.77892,0,0,0,0,0,100,10384.0,0.0,10384.0
2009-01-26,317978800.0,78.14,9840800,85.59,IBM,None,79.6816,3.09902495419,87.4291623855,71.9340376145,9479345.0,4403449.40108,0,0,0,0,0,100,10384.0,0.0,10384.0
2009-01-27,273789700.0,78.93,8720800,85.65,IBM,None,79.968,3.30810998406,88.2382749602,71.6977250398,9760320.0,4146869.20213,0,0,0,0,0,100,10384.0,0.0,10384.0
2009-01-28,330007000.0,81.6,13407200,88.6,IBM,None,80.3904,3.70236352438,89.646308811,71.134491189,10127550.0,4127337.63103,0,0,0,0,0,100,10384.0,0.0,10384.0
2009-01-29,294392500.0,78.95,9233500,86.44,IBM,None,80.7836,3.8047173351,90.2953933377,71.2718066623,10300505.0,4006012.22066,0,0,0,0,0,100,10384.0,0.0,10384.0
2009-01-30,383383600.0,77.34,9617000,85.64,IBM,None,81.1964,3.74663502359,90.562987559,71.829812441,10447970.0,3918576.08888,0,0,0,0,0,100,10384.0,0.0,10384.0
2009-02-02,288233300.0,77.11,9926400,84.97,IBM,None,81.5856,3.60479435382,90.5975858846,72.5736141154,10566380.0,3862030.95447,0,0,0,0,0,100,10384.0,0.0,10384.0
2009-02-03,278385800.0,78.19,8864500,87.35,IBM,None,82.0396,3.58669704138,91.0063426035,73.0728573965,10593820.0,3847118.9136,0,0,0,0,0,100,10384.0,0.0,10384.0
2009-02-04,322989300.0,77.81,10189800,86.74,IBM,None,82.4724,3.46835008806,91.1432752201,73.8015247799,10620835.0,3842032.4286,0,0,0,0,0,100,10384.0,0.0,10384.0
2009-02-05,417679400.0,78.97,11622900,86.35,IBM,None,82.8036,3.4255119812,91.367379953,74.239820047,10779225.0,3813238.9106,0,0,0,0,0,100,10384.0,0.0,10384.0
2009-02-06,366101700.0,81.22,13055900,90.33,IBM,None,83.2712,3.62551182594,92.3349795648,74.2074204352,11070430.0,3749933.66034,0,0,0,0,0,100,10384.0,0.0,10384.0
2009-02-09,240075200.0,81.33,8165800,90.96,IBM,None,83.644,3.9181543274,93.4393858185,73.8486141815,11106705.0,3716327.84791,0,0,0,0,0,100,10384.0,0.0,10384.0
2009-02-10,536212800.0,77.61,13541300,87.63,IBM,None,83.904,3.95982112391,93.8035528098,74.0044471902,11380135.0,3682373.00467,0,0,0,0,0,100,10384.0,0.0,10384.0
2009-02-11,324442500.0,78.06,10765700,89.4,IBM,None,84.1448,4.10693632773,94.4121408193,73.8774591807,11535560.0,3581176.62749,0,0,0,0,0,100,10384.0,0.0,10384.0
2009-02-12,469302200.0,78.12,9917700,89.32,IBM,None,84.4364,4.2080813918,94.9566034795,73.9161965205,11557945.0,3568964.21514,0,0,0,0,0,100,10384.0,0.0,10384.0
2009-02-13,293998400.0,77.28,6742400,88.16,IBM,None,84.7044,4.22394669316,95.2642667329,74.1445332671,11308325.0,3727032.11174,0,0,0,0,0,100,10384.0,0.0,10384.0
2009-02-17,478910100.0,73.97,8903500,85.19,IBM,None,84.946,4.06266845805,95.1026711451,74.7893288549,11191235.0,3765701.22529,0,0,0,0,0,100,10384.0,0.0,10384.0
2009-02-18,362964800.0,73.8,8492600,85.98,IBM,None,85.1816,3.93820674081,95.027116852,75.336083148,10925860.0,3759182.33766,0,0,0,0,0,100,10384.0,0.0,10384.0
2009-02-19,316867500.0,73.0,12622700,83.55,IBM,None,85.334,3.78977681841,94.808442046,75.859557954,10311745.0,1897612.7841,0,0,0,0,0,100,10384.0,0.0,10384.0
2009-02-20,477176600.0,72.29,12400700,83.42,IBM,None,85.5612,3.47252228215,94.2425057054,76.8798942946,10314245.0,1900471.1575,0,0,0,0,0,100,10384.0,0.0,10384.0
2009-02-23,379641400.0,69.71,13509600,79.27,IBM,None,85.588,3.41872783357,94.1348195839,77.0411804161,10477040.0,2030045.44191,0,0,0,0,0,100,10384.0,0.0,10384.0
2009-02-24,426260900.0,72.35,12915300,81.17,IBM,None,85.6608,3.29758992801,93.90477482,77.41682518,10630765.0,2094708.72747,0,0,0,0,0,100,10384.0,0.0,10384.0
2009-02-25,461985800.0,71.78,12646400,80.7,IBM,None,85.8248,2.90701324386,93.0923331097,78.5572668903,10827045.0,2090235.31525,0,0,0,0,0,100,10384.0,0.0,10384.0
2009-02-26,363353900.0,70.61,17423200,83.59,IBM,None,85.7512,2.9405247831,93.1025119577,78.3998880423,11027845.0,2503242.50722,0,0,0,0,0,100,10384.0,0.0,10384.0
2009-02-27,470510900.0,69.03,21311200,86.46,IBM,None,85.8432,2.92460356288,93.1547089072,78.5316910928,11631730.0,3358354.95571,0,0,0,0,0,100,10384.0,0.0,10384.0
2009-03-02,426452600.0,65.92,15231700,83.66,IBM,None,85.8448,2.92334728237,93.1531682059,78.5364317941,11912465.0,3415266.16352,0,0,0,0,0,100,10384.0,0.0,10384.0
2009-03-03,443761000.0,65.43,13744100,82.46,IBM,None,85.7196,3.00071585904,93.2213896476,78.2178103524,12103350.0,3405092.99131,0,0,0,0,0,100,10384.0,0.0,10384.0
2009-03-04,462753100.0,66.98,15391700,84.08,IBM,None,85.6568,3.01860856466,93.2033214117,78.1102785883,12429710.0,3391098.15095,0,0,0,0,0,100,10384.0,0.0,10384.0
2009-03-05,485549400.0,64.24,14930100,82.19,IBM,None,85.4004,3.03040629839,92.976415746,77.824384254,12666725.0,3391961.22323,0,0,0,0,0,100,10384.0,0.0,10384.0
2009-03-06,490470000.0,64.36,15186000,80.62,IBM,None,85.1676,3.16765723104,93.0867430776,77.2484569224,12844880.0,3427635.44146,0,0,0,0,0,100,10384.0,0.0,10384.0
2009-03-09,379905300.0,63.6,13151800,78.43,IBM,None,84.8792,3.43941603571,93.4777400893,76.2806599107,12849675.0,3428013.23677,0,0,0,0,0,100,10384.0,0.0,10384.0
2009-03-10,406227900.0,67.39,15914800,81.97,IBM,None,84.7592,3.48810588524,93.4794647131,76.0389352869,13237125.0,3306518.0961,0,0,0,0,0,100,10384.0,0.0,10384.0
2009-03-11,356648300.0,67.83,11823900,83.26,IBM,None,84.5956,3.45730757479,93.238868937,75.952331063,13151255.0,3320473.85497,0,0,0,0,0,100,10384.0,0.0,10384.0
2009-03-12,409702700.0,70.5,11829200,84.93,IBM,None,84.5232,3.42936913538,93.0966228384,75.9497771616,13204430.0,3288623.05982,0,0,0,0,0,100,10384.0,0.0,10384.0
2009-03-13,337474700.0,71.05,9111900,84.89,IBM,None,84.4648,3.40933659236,92.9881414809,75.9414585191,13164140.0,3335609.57096,0,0,0,0,0,100,10384.0,0.0,10384.0
2009-03-16,360644900.0,70.84,11793700,85.7,IBM,None,84.2796,3.19657040175,92.2710260044,76.2881739956,13416705.0,2997921.31993,0,0,0,0,0,100,10384.0,0.0,10384.0
2009-03-17,356814300.0,73.0,11489700,87.29,IBM,None,84.1328,2.95190266326,91.5125566581,76.7530433419,13546015.0,2844875.5402,0,0,0,0,0,100,10384.0,0.0,10384.0
2009-03-18,473273200.0,74.64,17954300,86.39,IBM,None,84.0832,2.9006647514,91.3348618785,76.8315381215,14019100.0,2745261.99574,0,0,0,0,0,100,10384.0,0.0,10384.0
2009-03-19,428520400.0,73.71,9899300,87.06,IBM,None,83.9896,2.75610304597,90.8798576149,77.0993423851,13882930.0,2882294.21397,0,0,0,0,0,100,10384.0,0.0,10384.0
2009-03-20,371078200.0,72.14,12193900,86.91,IBM,None,83.8932,2.5995972765,90.3921931913,77.3942068087,13872590.0,2888256.23078,0,0,0,0,0,100,10384.0,0.0,10384.0
2009-03-23,419933300.0,77.32,12407200,92.74,IBM,None,84.0764,3.03734379571,91.6697594893,76.4830405107,13817470.0,2906012.8125,0,0,0,0,0,100,10384.0,0.0,10384.0
2009-03-24,330271000.0,75.8,9346700,92.35,IBM,SELL,84.3628,3.4555071022,93.0015677555,75.7240322445,13639040.0,3069291.25411,0,0,1,0,-100,100,19619.0,-9235.0,10384.0
2009-03-25,441775100.0,76.6,12017000,92.03,IBM,None,84.6048,3.77093723982,94.0321430996,75.1774569004,13607570.0,3083199.80422,0,0,0,0,-100,100,19619.0,0.0,10416.0
2009-03-26,422025200.0,78.16,11434600,92.81,IBM,None,84.9752,4.10315947371,95.2330986843,74.7173013157,13308140.0,2982280.11893,0,0,0,0,-100,100,19619.0,0.0,10338.0
2009-03-27,322332300.0,76.75,15745200,88.46,IBM,None,85.1768,4.14714331398,95.5446582849,74.8089417151,13029840.0,2398762.55081,0,0,0,0,-100,100,19619.0,0.0,10773.0
2009-03-30,324108500.0,74.1,10964000,88.8,IBM,None,85.558,4.01754278135,95.6018569534,75.5141430466,12816455.0,2382347.55971,0,0,0,0,-100,100,19619.0,0.0,10739.0
2009-03-31,363873800.0,74.79,14553700,91.03,IBM,None,85.9524,4.05264859896,96.0840214974,75.8207785026,12856935.0,2405703.0961,0,0,0,0,-100,100,19619.0,0.0,10516.0
2009-04-01,377018300.0,76.23,12212900,91.71,IBM,None,86.3928,4.05631454237,96.5335863559,76.2520136441,12697995.0,2333342.41119,0,0,0,0,-100,100,19619.0,0.0,10448.0
2009-04-02,476230700.0,78.46,16219000,94.72,IBM,None,86.838,4.33695361592,97.6803840398,75.9956159602,12762440.0,2414619.61337,0,0,0,0,-100,100,19619.0,0.0,10147.0
2009-04-03,284646300.0,79.24,10962900,96.04,IBM,None,87.2212,4.70940045724,98.9947011431,75.4476988569,12551285.0,2375869.28275,0,0,0,0,-100,100,19619.0,0.0,10015.0
2009-04-06,264866600.0,78.62,8819800,95.42,IBM,None,87.6916,4.92142059437,99.9951514859,75.3880485141,12334685.0,2511818.30726,0,0,0,0,-100,100,19619.0,0.0,10077.0
2009-04-07,258947800.0,76.79,8768400,92.78,IBM,None,88.1044,4.89707062096,100.347076552,75.8617234476,11977365.0,2483874.37819,0,0,0,0,-100,100,19619.0,0.0,10341.0
2009-04-08,230402800.0,77.62,7285200,95.07,IBM,None,88.544,5.01266645609,101.07566614,76.0123338598,11750430.0,2696839.06202,0,0,0,0,-100,100,19619.0,0.0,10112.0
2009-04-09,269653500.0,80.7,8013700,95.55,IBM,None,89.0784,5.01919206646,101.626380166,76.5304198339,11559655.0,2822978.28887,0,0,0,0,-100,100,19619.0,0.0,10064.0
2009-04-13,224847500.0,80.72,7797200,93.9,IBM,None,89.6096,4.78393098473,101.569427462,77.6497725382,11493920.0,2897304.22119,0,0,0,0,-100,100,19619.0,0.0,10229.0
2009-04-14,276598800.0,79.33,6276700,93.27,IBM,None,90.2032,4.22724271837,100.771306796,79.6350932041,11218070.0,3121240.60424,0,0,0,0,-100,100,19619.0,0.0,10292.0
2009-04-15,250726100.0,80.17,8164200,92.87,IBM,None,90.6392,3.89146386338,100.367859658,80.9105403415,11051795.0,3193744.76528,0,0,0,0,-100,100,19619.0,0.0,10332.0
2009-04-16,335202900.0,81.35,9259500,95.3,IBM,None,91.1208,3.67942355087,100.319358877,81.9222411228,10617055.0,2768125.67814,0,0,0,0,-100,100,19619.0,0.0,10089.0
2009-04-17,262649000.0,81.9,10214200,95.14,IBM,None,91.5292,3.52712101673,100.347002542,82.7113974582,10632800.0,2764721.71856,0,0,0,0,-100,100,19619.0,0.0,10105.0
2009-04-20,293690100.0,78.46,12524700,94.36,IBM,None,91.908,3.28456744996,100.119418625,83.6965813751,10649340.0,2775520.98863,0,0,0,0,-100,100,19619.0,0.0,10183.0
2009-04-21,114090900.0,80.0,15226700,96.12,IBM,None,92.3248,3.1210296378,100.127374094,84.5222259055,10790315.0,2936445.14933,0,0,0,0,-100,100,19619.0,0.0,10007.0
2009-04-22,340395200.0,79.51,12120000,96.35,IBM,None,92.6872,3.0369221261,100.279505315,85.0948946847,10928980.0,2930160.49921,0,0,0,0,-100,100,19619.0,0.0,9984.0
2009-04-23,324903700.0,80.29,9440400,95.29,IBM,None,93.0432,2.77864583326,99.9898145831,86.0965854169,10800150.0,2936441.72417,0,0,0,0,-100,100,19619.0,0.0,10090.0
2009-04-24,287703000.0,81.5,10157500,94.03,IBM,None,93.322,2.48774328794,99.5413582198,87.1026417802,10736295.0,2935804.67755,0,0,0,0,-100,100,19619.0,0.0,10216.0
2009-04-27,289581600.0,80.73,8611400,93.9,IBM,None,93.6016,2.09959059501,98.8505764875,88.3526235125,10379605.0,2720695.80235,0,0,0,0,-100,100,19619.0,0.0,10229.0
2009-04-28,247926300.0,80.47,11110500,95.77,IBM,None,93.7228,2.13493856274,99.0601464068,88.3854535932,10386930.0,2722548.57578,0,0,0,0,-100,100,19619.0,0.0,10042.0
2009-04-29,311505700.0,82.19,9783700,97.75,IBM,None,93.9388,2.25977934026,99.5882483507,88.2893516494,10148430.0,2541212.03368,0,0,0,0,-100,100,19619.0,0.0,9844.0
2009-04-30,301419800.0,82.21,10654500,96.97,IBM,None,94.1364,2.3015119668,99.890179917,88.382620083,10070510.0,2498105.10649,0,0,0,0,-100,100,19619.0,0.0,9922.0
2009-05-01,236110300.0,82.66,6234200,98.28,IBM,None,94.3552,2.42676245232,100.422106131,88.2882938692,9571270.0,2182448.97356,0,0,0,0,-100,100,19619.0,0.0,9791.0
2009-05-04,287120000.0,85.47,8313900,99.77,IBM,None,94.8076,2.33443654872,100.643691372,88.9715086282,9438820.0,2173913.18439,0,0,0,0,-100,100,19619.0,0.0,9642.0
2009-05-05,243036300.0,85.18,6750000,99.45,IBM,None,95.2336,2.15748673229,100.627316831,89.8398831693,9335330.0,2252769.47406,0,0,0,0,-100,100,19619.0,0.0,9674.0
2009-05-06,291941000.0,86.65,7530900,98.81,IBM,None,95.5448,2.08579744942,100.759293624,90.3303063765,9273455.0,2285911.35171,0,0,0,0,-100,100,19619.0,0.0,9738.0
2009-05-07,317728000.0,85.45,8521400,96.89,IBM,None,95.752,1.94126032944,100.605150824,90.8988491764,9335265.0,2245679.39205,0,0,0,0,-100,100,19619.0,0.0,9930.0
2009-05-08,299081700.0,87.44,11575500,95.85,IBM,None,95.7972,1.92934902666,100.620572567,90.9738274334,9513355.0,2276380.32792,0,0,0,0,-100,100,19619.0,0.0,10034.0
2009-05-11,247923600.0,85.81,8253000,97.18,IBM,None,95.8428,1.9487015335,100.714553834,90.9710461662,9536145.0,2260521.12773,0,0,0,0,-100,100,19619.0,0.0,9901.0
2009-05-12,282431300.0,85.55,7961600,98.16,IBM,None,95.9524,2.00030056075,100.953151402,90.9516485981,9620390.0,2161900.05926,0,0,0,0,-100,100,19619.0,0.0,9803.0
2009-05-13,269619100.0,83.4,8202100,96.58,IBM,None,96.1044,1.89055785418,100.830794635,91.3780053646,9622285.0,2160572.6683,0,0,0,0,-100,100,19619.0,0.0,9961.0
2009-05-14,260098700.0,84.11,9445100,95.43,IBM,BUY,96.1188,1.88370937249,100.828073431,91.4095265688,9631565.0,2159330.6717,0,0,0,1,0,100,10076.0,9543.0,10076.0
2009-05-15,271502700.0,83.43,8367400,95.74,IBM,None,96.1264,1.8817010921,100.83065273,91.4221472698,9539225.0,2172551.08519,0,0,0,0,0,100,10076.0,0.0,10076.0
2009-05-18,241447400.0,85.8,7429500,98.77,IBM,None,96.3212,1.89365457955,101.055336449,91.5870635511,9284465.0,2101621.07338,0,0,0,0,0,100,10076.0,0.0,10076.0
2009-05-19,206102200.0,85.69,7079200,99.65,IBM,None,96.5764,1.89522619582,101.31446549,91.8383345104,8877090.0,1624700.14558,0,0,0,0,0,100,10076.0,0.0,10076.0
2009-05-20,285722200.0,85.12,7083100,98.27,IBM,None,96.7924,1.75795401912,101.187285048,92.3975149522,8625245.0,1479451.84496,0,0,0,0,0,100,10076.0,0.0,10076.0
2009-05-21,258988400.0,83.9,7411500,97.11,IBM,None,96.8648,1.7309947044,101.192286761,92.537313239,8523800.0,1490136.95874,0,0,0,0,0,100,10076.0,0.0,10076.0
2009-05-22,166811900.0,83.72,5596200,96.23,IBM,None,96.9084,1.69917548633,101.156338716,92.6604612842,8295735.0,1573652.2746,0,0,0,0,0,100,10076.0,0.0,10076.0
2009-05-26,236318500.0,85.86,7211200,99.18,IBM,None,97.1012,1.67119298706,101.279182468,92.9232175323,8225725.0,1589932.00645,0,0,0,0,0,100,10076.0,0.0,10076.0
2009-05-27,246015800.0,84.33,7119600,97.21,IBM,None,97.1448,1.65869959104,101.291548978,92.9980510224,8026180.0,1453399.16443,0,0,0,0,0,100,10076.0,0.0,10076.0
2009-05-28,289095000.0,85.51,6127500,98.87,IBM,None,97.2456,1.68475289978,101.457482249,93.0337177505,7843370.0,1450639.29214,0,0,0,0,0,100,10076.0,0.0,10076.0
2009-05-29,258641500.0,87.02,6871800,100.37,IBM,None,97.4488,1.74435594609,101.809689865,93.0879101348,7654235.0,1304017.84347,0,0,0,0,0,100,10076.0,0.0,10076.0
2009-06-01,276246800.0,89.13,7725000,102.35,IBM,None,97.7816,1.85507564985,102.419289125,93.1439108754,7728775.0,1260454.64307,0,0,0,0,0,100,10076.0,0.0,10076.0
2009-06-02,230874500.0,89.2,7045800,100.89,IBM,None,98.0612,1.77050209451,102.487455236,93.6349447637,7665370.0,1261366.25888,0,0,0,0,0,100,10076.0,0.0,10076.0
2009-06-03,235310500.0,88.07,7688000,100.57,IBM,None,98.2532,1.77194742209,102.683068555,93.8233314448,7712270.0,1242842.02371,0,0,0,0,0,100,10076.0,0.0,10076.0
2009-06-04,210102300.0,88.9,5468500,100.42,IBM,None,98.36,1.82016253853,102.910406346,93.8095936537,7609150.0,1340412.42023,0,0,0,0,0,100,10076.0,0.0,10076.0
2009-06-05,284257900.0,88.92,7665000,101.28,IBM,None,98.5324,1.88594644675,103.247266117,93.8175338831,7566330.0,1323306.30146,0,0,0,0,0,100,10076.0,0.0,10076.0
2009-06-08,238565100.0,88.55,6363800,101.52,IBM,None,98.662,1.97700531107,103.604513278,93.7194867223,7305745.0,953834.236109,0,0,0,0,0,100,10076.0,0.0,10076.0
2009-06-09,225125500.0,89.0,8585900,102.13,IBM,None,98.7564,2.08548331728,103.970108293,93.5426917068,7322390.0,973927.451043,0,0,0,0,0,100,10076.0,0.0,10076.0
2009-06-10,296100400.0,88.78,7578100,102.33,IBM,None,98.8716,2.20169949509,104.375848738,93.3673512623,7303215.0,964408.831344,0,0,0,0,0,100,10076.0,0.0,10076.0
2009-06-11,275414200.0,89.17,9134300,103.32,IBM,None,99.052,2.37443326571,104.988083164,93.1159168357,7349825.0,1030406.96297,0,0,0,0,0,100,10076.0,0.0,10076.0
2009-06-12,184361800.0,89.42,7250900,102.2,IBM,None,99.2644,2.41020586949,105.289914674,93.2388853263,7240115.0,904721.964429,0,0,0,0,0,100,10076.0,0.0,10076.0
2009-06-15,224190500.0,87.37,8567600,101.64,IBM,None,99.496,2.34576391253,105.360409781,93.6315902187,7250125.0,918848.128379,0,0,0,0,0,100,10076.0,0.0,10076.0
2009-06-16,227319000.0,86.18,7231000,101.36,IBM,None,99.6632,2.32266319843,105.469857996,93.8565420039,7240200.0,917880.167617,0,0,0,0,0,100,10076.0,0.0,10076.0
2009-06-17,223445200.0,86.1,7366200,101.05,IBM,None,99.7788,2.31664146269,105.570403657,93.9871963433,7254550.0,917474.009097,0,0,0,0,0,100,10076.0,0.0,10076.0
2009-06-18,211725100.0,86.73,6206900,100.42,IBM,None,99.9324,2.22104382367,105.485009559,94.3797904408,7210740.0,946550.571063,0,0,0,0,0,100,10076.0,0.0,10076.0
2009-06-19,215655600.0,87.05,13559000,100.0,IBM,None,100.1152,2.01339704645,105.148692616,95.0817073839,7518115.0,1707471.41959,0,0,0,0,0,100,10076.0,0.0,10076.0
2009-06-22,251913600.0,84.44,7295400,98.71,IBM,None,100.234,1.82311317988,104.79178295,95.6762170503,7603075.0,1648048.20761,0,0,0,0,0,100,10076.0,0.0,10076.0
2009-06-23,188309800.0,84.5,5152600,98.64,IBM,None,100.2288,1.82764265289,104.797906632,95.6596933678,7500145.0,1735762.61125,0,0,0,0,0,100,10076.0,0.0,10076.0
2009-06-24,211577700.0,85.23,6395200,98.36,IBM,None,100.1772,1.86254199058,104.833554976,95.5208450236,7463925.0,1751607.0245,0,0,0,0,0,100,10076.0,0.0,10076.0
2009-06-25,279411000.0,87.09,6900600,100.17,IBM,None,100.2532,1.81974979965,104.802574499,95.7038255009,7502580.0,1728946.06308,0,0,0,0,0,100,10076.0,0.0,10076.0
2009-06-26,167579000.0,86.86,5127900,99.81,IBM,None,100.3612,1.70172539892,104.615513497,96.1068865027,7415385.0,1804745.17264,0,0,0,0,0,100,10076.0,0.0,10076.0
2009-06-29,168481300.0,87.67,4681800,99.95,IBM,None,100.51,1.47266198883,104.191654972,96.8283450279,7263225.0,1902886.5859,0,0,0,0,0,100,10076.0,0.0,10076.0
2009-06-30,228888200.0,86.96,7512600,98.62,IBM,None,100.4876,1.49777969007,104.232049225,96.7431507748,7286565.0,1902942.16752,0,0,0,0,0,100,10076.0,0.0,10076.0
2009-07-01,173041100.0,87.32,5537300,99.01,IBM,None,100.5596,1.37160635752,103.988615894,97.1305841062,7179030.0,1939480.28066,0,0,0,0,0,100,10076.0,0.0,10076.0
2009-07-02,212309900.0,84.94,7026700,96.08,IBM,None,100.448,1.60794900417,104.46787251,96.4281274896,7256940.0,1898004.26498,0,0,0,0,0,100,10076.0,0.0,10076.0
2009-07-06,174499600.0,84.93,6522500,96.0,IBM,BUY,100.2732,1.83787404356,104.867885109,95.6785148911,7199815.0,1902264.68142,1,0,0,0,100,100,476.0,9600.0,10076.0
2009-07-07,197088900.0,83.28,6685600,94.62,IBM,None,99.964,2.10477829395,105.225945735,94.7020542651,7215905.0,1896172.40041,0,0,0,0,100,100,476.0,0.0,9938.0
2009-07-08,248050500.0,83.23,7380800,95.08,IBM,None,99.7316,2.30911180616,105.504379515,93.9588204846,7155650.0,1869303.50708,0,0,0,0,100,100,476.0,0.0,9984.0
2009-07-09,163777600.0,83.39,6153200,96.41,IBM,None,99.5652,2.39448867193,105.55142168,93.5789783202,7084405.0,1879481.19143,0,0,0,0,100,100,476.0,0.0,10117.0
2009-07-10,173520300.0,83.19,7465900,95.23,IBM,None,99.3576,2.53797537419,105.702538435,93.0126615645,7000985.0,1819786.45979,0,0,0,0,100,100,476.0,0.0,9999.0
2009-07-13,217413500.0,85.21,9494300,97.86,IBM,None,99.2208,2.522159987,105.526199967,92.9154000325,7113155.0,1903229.28383,0,0,0,0,100,100,476.0,0.0,10262.0
2009-07-14,181487400.0,85.7,5413500,97.51,IBM,None,99.0604,2.49723427015,105.303485675,92.8173143246,6955450.0,1907041.68737,0,0,0,0,100,100,476.0,0.0,10227.0
2009-07-15,220877900.0,88.2,8699100,101.26,IBM,SELL,99.0256,2.45843629163,105.171690729,92.8795092709,7028855.0,1946061.79365,0,1,0,0,0,100,10602.0,-10126.0,10602.0
2009-07-16,231174500.0,88.06,14997900,104.49,IBM,None,99.112,2.61253229645,105.643330741,92.5806692589,7410440.0,2640132.65125,0,0,0,0,0,100,10602.0,0.0,10602.0
2009-07-17,138561700.0,89.03,20188900,109.01,IBM,None,99.3396,3.18051290413,107.29088226,91.3883177397,8109540.0,3869594.17937,0,0,0,0,0,100,10602.0,0.0,10602.0
2009-07-20,164179400.0,89.97,10682500,109.97,IBM,None,99.6504,3.79245136203,109.131528405,90.1692715949,7965715.0,3706404.26833,0,0,0,0,0,100,10602.0,0.0,10602.0
2009-07-21,217718300.0,90.39,8301700,110.54,IBM,SELL,100.0064,4.36196140897,110.911303522,89.1014964776,8016030.0,3703655.0307,0,0,1,0,-100,100,21656.0,-11054.0,10602.0
2009-07-22,196068100.0,90.37,8813400,109.15,IBM,None,100.318,4.72575743488,112.132393587,88.5036064128,8199070.0,3644683.55324,0,0,0,0,-100,100,21656.0,0.0,10741.0
2009-07-23,258795500.0,92.36,8461400,110.55,IBM,None,100.698,5.14997896436,113.572947411,87.8230525891,8302380.0,3620061.47659,0,0,0,0,-100,100,21656.0,0.0,10601.0
2009-07-24,154003100.0,92.74,6261000,111.1,IBM,None,101.1252,5.55313959246,115.008048981,87.2423510189,8270400.0,3635887.26245,0,0,0,0,-100,100,21656.0,0.0,10546.0
2009-07-27,159259400.0,93.02,5069200,111.09,IBM,None,101.5688,5.89211430643,116.299085766,86.8385142339,8267465.0,3638580.19176,0,0,0,0,-100,100,21656.0,0.0,10547.0
2009-07-28,186685200.0,92.58,5782900,110.76,IBM,None,102.0508,6.13631805999,117.39159515,86.71000485,8322520.0,3589469.24028,0,0,0,0,-100,100,21656.0,0.0,10580.0
2009-07-29,194399300.0,92.35,5100900,110.74,IBM,None,102.5348,6.33021137088,118.360328427,86.7092715728,8201935.0,3657965.70792,0,0,0,0,-100,100,21656.0,0.0,10582.0
2009-07-30,225575400.0,93.32,6803100,111.31,IBM,None,103.0528,6.50187442204,119.307486055,86.7981139449,8265225.0,3620191.15865,0,0,0,0,-100,100,21656.0,0.0,10525.0
2009-07-31,207358000.0,93.45,5329600,111.38,IBM,None,103.5012,6.67891602982,120.198490075,86.8039099255,8180370.0,3670292.10814,0,0,0,0,-100,100,21656.0,0.0,10518.0
2009-08-03,175776900.0,94.99,6108200,113.26,IBM,None,104.0392,6.90701088267,121.306727207,86.7716727933,8159655.0,3681294.19726,0,0,0,0,-100,100,21656.0,0.0,10330.0
2009-08-04,176714600.0,95.24,4993500,112.95,IBM,None,104.5592,7.07367179523,122.243379488,86.8750205119,8075050.0,3735992.44611,0,0,0,0,-100,100,21656.0,0.0,10361.0
2009-08-05,184726400.0,94.96,5025800,111.89,IBM,None,105.09,7.10723457706,122.858086443,87.3219135574,7957300.0,3795660.90799,0,0,0,0,-100,100,21656.0,0.0,10467.0
2009-08-06,193203800.0,94.47,6003100,111.37,IBM,None,105.5844,7.09656024658,123.325800616,87.8429993836,7949795.0,3799562.2128,0,0,0,0,-100,100,21656.0,0.0,10519.0
2009-08-07,220640900.0,95.71,5763200,113.22,IBM,None,106.27,6.96684290048,123.687107251,88.8528927488,7864660.0,3829929.71715,0,0,0,0,-100,100,21656.0,0.0,10334.0
2009-08-10,130898700.0,95.51,3981300,112.63,IBM,None,106.9352,6.73547828047,123.773895701,90.0965042988,7589010.0,3904140.65643,0,0,0,0,-100,100,21656.0,0.0,10393.0
2009-08-11,157301000.0,94.32,4844500,111.76,IBM,None,107.6208,6.28710116031,123.338552901,91.9030470992,7560560.0,3922856.60127,0,0,0,0,-100,100,21656.0,0.0,10480.0
2009-08-12,219052400.0,95.33,6289700,113.19,IBM,None,108.3452,5.80692411408,122.862510285,93.8278897148,7440090.0,3923048.12854,0,0,0,0,-100,100,21656.0,0.0,10337.0
2009-08-13,176449500.0,96.06,5489200,113.46,IBM,None,109.0272,5.32827717622,122.347892941,95.7065070594,6964655.0,3513736.47852,0,0,0,0,-100,100,21656.0,0.0,10310.0
2009-08-14,199616100.0,95.32,4796400,112.5,IBM,None,109.718,4.52373555077,121.027338877,98.4086611231,6195030.0,1663141.572,0,0,0,0,-100,100,21656.0,0.0,10406.0
2009-08-17,237667500.0,92.98,5349600,110.88,IBM,None,110.2388,3.79197433184,119.71873583,100.75886417,5928385.0,1291880.14039,0,0,0,0,-100,100,21656.0,0.0,10568.0
2009-08-18,173461500.0,93.72,4286200,111.61,IBM,None,110.8028,2.71571893489,117.592097337,104.013502663,5727610.0,1213261.52685,0,0,0,0,-100,100,21656.0,0.0,10495.0
2009-08-19,192812800.0,94.54,4837900,112.5,IBM,None,111.2524,1.86821055202,115.92292638,106.58187362,5528835.0,985348.484053,0,0,0,0,-100,100,21656.0,0.0,10406.0
2009-08-20,174131300.0,95.51,4841700,112.86,IBM,None,111.5872,1.25527394089,114.725384852,108.449015148,5347850.0,713199.857204,0,0,0,0,-100,100,21656.0,0.0,10370.0
2009-08-21,224605000.0,97.39,8306800,113.76,IBM,None,111.7772,1.20750610764,114.795965269,108.758434731,5450140.0,956328.064939,0,0,0,0,-100,100,21656.0,0.0,10280.0
2009-08-24,191279000.0,97.38,6363400,113.21,IBM,None,111.9068,1.17899575911,114.854289398,108.959310602,5514850.0,972838.625932,0,0,0,0,-100,100,21656.0,0.0,10335.0
2009-08-25,215310600.0,97.57,4652200,112.75,IBM,None,111.9952,1.15484890787,114.88232227,109.10807773,5458315.0,989158.998062,0,0,0,0,-100,100,21656.0,0.0,10381.0
2009-08-26,194620700.0,97.58,4515500,113.36,IBM,None,112.1636,1.02198287657,114.718557191,109.608642809,5429045.0,1008758.87603,0,0,0,0,-100,100,21656.0,0.0,10320.0
2009-08-27,196230100.0,97.79,4356900,113.32,IBM,None,112.2744,0.989389879336,114.747874698,109.800925302,5306735.0,981314.048275,0,0,0,0,-100,100,21656.0,0.0,10324.0
2009-08-28,147024400.0,97.77,6235700,112.17,IBM,BUY,112.3172,0.959151187248,114.715077968,109.919322032,5352040.0,1003099.67674,0,0,0,1,0,100,10439.0,11217.0,10439.0
2009-08-31,176051600.0,96.9,5439400,112.01,IBM,None,112.354,0.927222555089,114.672056388,110.035943612,5318600.0,987593.018137,0,0,0,0,0,100,10439.0,0.0,10439.0
2009-09-01,321276800.0,94.77,6303800,110.72,IBM,None,112.3524,0.930117734483,114.677694336,110.027105664,5384115.0,1008139.09195,0,0,0,0,0,100,10439.0,0.0,10439.0
2009-09-02,171805000.0,94.41,5178800,110.15,IBM,None,112.3288,0.978937859792,114.776144649,109.881455351,5391765.0,1005854.92062,0,0,0,0,0,100,10439.0,0.0,10439.0
2009-09-03,143572300.0,95.19,4936200,110.38,IBM,None,112.2916,1.03531267419,114.879881685,109.703318315,5338420.0,1000000.88189,0,0,0,0,0,100,10439.0,0.0,10439.0
2009-09-04,142687900.0,96.53,3451700,111.45,IBM,None,112.2944,1.03283622451,114.876490561,109.712309439,5222845.0,1078794.55655,0,0,0,0,0,100,10439.0,0.0,10439.0
2009-09-08,132909100.0,97.36,5797500,111.16,IBM,None,112.2104,1.03642205045,114.801455126,109.619344874,5313655.0,1044686.34098,0,0,0,0,0,100,10439.0,0.0,10439.0
2009-09-09,154612500.0,98.1,5248100,110.79,IBM,None,112.124,1.06191650645,114.778791266,109.469208734,5333835.0,1039029.6046,0,0,0,0,0,100,10439.0,0.0,10439.0
2009-09-10,162902400.0,99.11,4889400,111.65,IBM,None,112.1144,1.06519982476,114.777399562,109.451400438,5263820.0,1018199.40225,0,0,0,0,0,100,10439.0,0.0,10439.0
2009-09-11,152360100.0,99.09,5893700,112.01,IBM,None,112.14,1.05419795737,114.775494893,109.504505107,5284045.0,1026892.14545,0,0,0,0,0,100,10439.0,0.0,10439.0
2009-09-14,149593800.0,99.57,4758600,112.8,IBM,None,112.1232,1.039513989,114.721984973,109.524415027,5282155.0,1027871.21479,0,0,0,0,0,100,10439.0,0.0,10439.0
2009-09-15,196795900.0,99.99,6536000,113.24,IBM,None,112.1476,1.05888416112,114.794810403,109.500389597,5341475.0,1065513.63096,0,0,0,0,0,100,10439.0,0.0,10439.0
2009-09-16,206406300.0,101.5,11236700,115.59,IBM,None,112.3008,1.2586829095,115.447507274,109.154092726,5689000.0,1666949.09814,0,0,0,0,0,100,10439.0,0.0,10439.0
2009-09-17,229170900.0,101.35,8392600,115.64,IBM,SELL,112.3988,1.41630775846,115.939569396,108.858030604,5866735.0,1758422.64492,0,0,1,0,-100,100,22003.0,-11564.0,10439.0
2009-09-18,153799100.0,101.41,9935800,115.86,IBM,None,112.4948,1.56478997526,116.406774938,108.582825062,6121440.0,1959565.66412,0,0,0,0,-100,100,22003.0,0.0,10417.0
2009-09-21,151892000.0,101.16,4515100,115.35,IBM,None,112.6088,1.66574387787,116.773159695,108.444440305,5931855.0,1920029.25786,0,0,0,0,-100,100,22003.0,0.0,10468.0
2009-09-22,143126700.0,101.75,5564700,115.39,IBM,None,112.7892,1.71422460605,117.074761515,108.503638485,5891920.0,1918886.8798,0,0,0,0,-100,100,22003.0,0.0,10464.0
2009-09-23,225947400.0,100.9,5538100,114.64,IBM,None,112.9104,1.73437423874,117.246335597,108.574464403,5936215.0,1898884.05269,0,0,0,0,-100,100,22003.0,0.0,10539.0
2009-09-24,228636800.0,99.79,5426800,114.75,IBM,None,113.0004,1.77019885889,117.425897147,108.574902853,5981780.0,1873766.2806,0,0,0,0,-100,100,22003.0,0.0,10528.0
2009-09-25,204059000.0,99.26,5187900,114.88,IBM,None,113.0812,1.80919484854,117.604187121,108.558212879,6023330.0,1844828.95801,0,0,0,0,-100,100,22003.0,0.0,10515.0
2009-09-28,118285800.0,101.03,8248600,113.22,IBM,None,113.0596,1.8039689576,117.569522394,108.549677606,6123975.0,1910753.79225,0,0,0,0,-100,100,22003.0,0.0,10681.0
2009-09-29,133733900.0,100.73,6748800,112.73,IBM,BUY,113.0404,1.8048556729,117.552539182,108.528260818,6189445.0,1908494.2807,0,0,0,1,0,100,10730.0,11273.0,10730.0
2009-09-30,254383000.0,100.34,7733300,113.49,IBM,None,113.07,1.80596234734,117.584905868,108.555094132,6260920.0,1939518.32941,0,0,0,0,0,100,10730.0,0.0,10730.0
2009-10-01,281840600.0,97.85,7067500,111.87,IBM,None,113.0104,1.82052071306,117.561701783,108.459098217,6355355.0,1930013.96054,0,0,0,0,0,100,10730.0,0.0,10730.0
2009-10-02,224748800.0,97.39,7581900,112.93,IBM,None,112.9948,1.81942784047,117.543369601,108.446230399,6487640.0,1918257.83306,0,0,0,0,0,100,10730.0,0.0,10730.0
2009-10-05,149875000.0,98.85,5673300,113.62,IBM,None,113.0528,1.815145816,117.59066454,108.51493546,6598720.0,1793467.55861,0,0,0,0,0,100,10730.0,0.0,10730.0
2009-10-06,202491100.0,100.26,6659100,115.14,IBM,None,113.178,1.84787265073,117.797681627,108.558318373,6641800.0,1783529.41516,0,0,0,0,0,100,10730.0,0.0,10730.0
2009-10-07,159200300.0,100.54,5872000,116.5,IBM,None,113.4092,1.88865895986,118.1308474,108.6875526,6672995.0,1763210.23181,0,0,0,0,0,100,10730.0,0.0,10730.0
2009-10-08,183305800.0,101.31,6498000,116.03,IBM,None,113.6444,1.83112005796,118.222200145,109.066599855,6753425.0,1713557.83367,0,0,0,0,0,100,10730.0,0.0,10730.0
2009-10-09,135008300.0,101.93,13123100,119.49,IBM,None,114.0088,2.04803832972,119.128895824,108.888704176,7114895.0,2212521.18455,0,0,0,0,0,100,10730.0,0.0,10730.0
2009-10-12,118031000.0,102.33,7730500,120.54,IBM,None,114.3724,2.35823959767,120.267998994,108.476801006,7263490.0,2144699.50978,0,0,0,0,0,100,10730.0,0.0,10730.0
2009-10-13,157692700.0,102.12,7581300,120.52,IBM,SELL,114.7468,2.56125086628,121.149927166,108.343672834,7315755.0,2138766.40108,0,0,1,0,-100,100,22782.0,-12052.0,10730.0
2009-10-14,191421600.0,103.87,9545500,121.78,IBM,None,115.1864,2.78701285728,122.153932143,108.218867857,7231195.0,2004823.89106,0,0,0,0,-100,100,22782.0,0.0,10604.0
2009-10-15,173873600.0,104.25,11904600,121.43,IBM,None,115.5776,2.95147601492,122.956290037,108.198909963,7406795.0,2250639.71455,0,0,0,0,-100,100,22782.0,0.0,10639.0
2009-10-16,192069400.0,103.48,19216900,115.42,IBM,BUY,115.714,2.85701621743,122.856540544,108.571459456,7870850.0,3441373.47374,0,0,0,1,0,100,11240.0,11542.0,11240.0
2009-10-19,159530400.0,104.33,7514100,116.76,IBM,None,115.8724,2.79788950223,122.867123756,108.877676244,8020800.0,3351625.59757,0,0,0,0,0,100,11240.0,0.0,11240.0
2009-10-20,180921100.0,103.78,8780700,116.54,IBM,None,116.0044,2.74588340369,122.869108509,109.139691491,8181600.0,3304401.98252,0,0,0,0,0,100,11240.0,0.0,11240.0
2009-10-21,225379300.0,102.85,7171000,114.68,IBM,None,115.968,2.75761219173,122.862030479,109.073969521,8263245.0,3255459.21063,0,0,0,0,0,100,11240.0,0.0,11240.0
2009-10-22,238444000.0,103.89,6027000,116.41,IBM,None,115.9988,2.75809614287,122.894040357,109.103559643,8293255.0,3230607.22848,0,0,0,0,0,100,11240.0,0.0,11240.0
2009-10-23,240033200.0,102.71,6799200,114.2,IBM,None,115.9324,2.78145986849,122.886049671,108.978750329,8373820.0,3168585.89173,0,0,0,0,0,100,11240.0,0.0,11240.0
2009-10-26,242028200.0,101.59,6538500,113.96,IBM,None,115.8768,2.80735896054,122.895197401,108.858402599,8288315.0,3195105.56506,0,0,0,0,0,100,11240.0,0.0,11240.0
2009-10-27,253266300.0,101.13,9445400,114.48,IBM,None,115.8404,2.81980566706,122.889914168,108.790885832,8423145.0,3183596.51428,0,0,0,0,0,100,11240.0,0.0,11240.0
2009-10-28,248821400.0,99.22,8780400,115.28,IBM,None,115.866,2.81134605957,122.894365149,108.837634851,8475500.0,3180262.92061,0,0,0,0,0,100,11240.0,0.0,11240.0
2009-10-29,198110600.0,101.35,6309400,116.58,IBM,None,115.9392,2.80489441275,122.951436032,108.926963968,8437595.0,3202368.87705,0,0,0,0,0,100,11240.0,0.0,11240.0
2009-10-30,325608100.0,98.41,7711700,114.44,IBM,None,115.9216,2.81318573862,122.954564347,108.888635653,8444085.0,3200674.51185,0,0,0,0,0,100,11240.0,0.0,11240.0
2009-11-02,254222900.0,99.13,7049400,114.39,IBM,None,115.9684,2.77585374254,122.908034356,109.028765644,8512890.0,3152402.95529,0,0,0,0,0,100,11240.0,0.0,11240.0
2009-11-03,228362600.0,99.45,5706800,114.96,IBM,None,116.0576,2.70230962943,122.813374074,109.301825926,8465275.0,3188858.09803,0,0,0,0,0,100,11240.0,0.0,11240.0
2009-11-04,247996700.0,99.7,6353300,115.08,IBM,None,116.1212,2.65770471146,122.765461779,109.476938221,8489340.0,3170018.13134,0,0,0,0,0,100,11240.0,0.0,11240.0
2009-11-05,180015300.0,101.54,6701800,116.8,IBM,None,116.3184,2.50779896855,122.587897421,110.048902579,8499530.0,3163601.14295,0,0,0,0,0,100,11240.0,0.0,11240.0
2009-11-06,170954100.0,101.8,4979600,117.7,IBM,None,116.5092,2.41914916172,122.557072904,110.461327096,8092355.0,3059547.17745,0,0,0,0,0,100,11240.0,0.0,11240.0
2009-11-09,159495700.0,104.12,7764600,120.09,IBM,None,116.768,2.44314517238,122.875862931,110.660137069,8094060.0,3059344.40731,0,0,0,0,0,100,11240.0,0.0,11240.0
2009-11-10,171899800.0,104.14,6444500,120.96,IBM,None,117.0008,2.55622266897,123.391356672,110.610243328,8037220.0,3079864.02222,0,0,0,0,0,100,11240.0,0.0,11240.0
2009-11-11,169466200.0,104.67,6530800,121.22,IBM,None,117.1896,2.68857378549,123.911034464,110.468165536,7886485.0,3075930.81646,0,0,0,0,0,100,11240.0,0.0,11240.0
2009-11-12,157144500.0,103.61,5345400,120.34,IBM,None,117.362,2.74863299357,124.233582484,110.490417516,7558525.0,2972916.04992,0,0,0,0,0,100,11240.0,0.0,11240.0
2009-11-13,150963000.0,104.17,4979700,121.07,IBM,None,117.4252,2.81691781918,124.467494548,110.382905452,6846665.0,1225262.68946,0,0,0,0,0,100,11240.0,0.0,11240.0
2009-11-16,210922200.0,105.68,7822500,122.2,IBM,None,117.4916,2.91137951265,124.770048782,110.213151218,6862085.0,1235998.07199,0,0,0,0,0,100,11240.0,0.0,11240.0
2009-11-17,147134100.0,105.8,1027500,122.6,IBM,None,117.5748,3.02887922066,125.146998052,110.002601948,6474425.0,1722633.02958,0,0,0,0,0,100,11240.0,0.0,11240.0
2009-11-18,156486800.0,105.74,3970100,122.14,IBM,None,117.5892,3.05048345895,125.215408647,109.962991353,6314380.0,1801402.45762,0,0,0,0,0,100,11240.0,0.0,11240.0
2009-11-19,208734600.0,104.36,5308400,121.56,IBM,None,117.5944,3.05740641721,125.237916043,109.950883957,6278450.0,1814554.5295,0,0,0,0,0,100,11240.0,0.0,11240.0
2009-11-20,134196000.0,103.99,5354200,121.0,IBM,None,117.8176,3.09549575997,125.5563394,110.0788606,6206200.0,1821483.07012,0,0,0,0,0,100,11240.0,0.0,11240.0
2009-11-23,148010200.0,105.31,7003500,122.19,IBM,None,118.0348,3.20670017308,126.051550433,110.018049567,6229450.0,1828900.49901,0,0,0,0,0,100,11240.0,0.0,11240.0
2009-11-24,138420100.0,105.47,4816500,121.93,IBM,None,118.2504,3.28231559523,126.456188988,110.044611012,5998005.0,1687967.03026,0,0,0,0,0,100,11240.0,0.0,11240.0
2009-11-25,109564800.0,105.84,3967700,121.31,IBM,None,118.5156,3.24949621736,126.639340543,110.391859457,5757370.0,1611761.59923,0,0,0,0,0,100,11240.0,0.0,11240.0
2009-11-27,126001800.0,104.12,3319200,119.8,IBM,None,118.6512,3.22863402489,126.722785062,110.579614938,5607860.0,1694427.47089,0,0,0,0,0,100,11240.0,0.0,11240.0
2009-11-30,160874800.0,104.47,6302700,120.42,IBM,None,118.9,3.10876315169,126.671907879,111.128092121,5537410.0,1630434.2408,0,0,0,0,0,100,11240.0,0.0,11240.0
2009-12-01,159613700.0,105.77,6578600,121.94,IBM,None,119.2192,2.98772895915,126.688522398,111.749877602,5513870.0,1610735.05094,0,0,0,0,0,100,11240.0,0.0,11240.0
2009-12-02,132315100.0,105.72,4597900,121.24,IBM,None,119.4896,2.84335699482,126.597992487,112.381207513,5458425.0,1622784.75366,0,0,0,0,0,100,11240.0,0.0,11240.0
2009-12-03,167324900.0,104.89,5760000,121.57,IBM,None,119.7412,2.73143021145,126.569775529,112.912624471,5428760.0,1610944.84776,0,0,0,0,0,100,11240.0,0.0,11240.0
2009-12-04,274907800.0,105.49,7068500,121.28,IBM,None,119.9292,2.66574086012,126.59355215,113.26484785,5447095.0,1628191.04869,0,0,0,0,0,100,11240.0,0.0,11240.0
2009-12-07,127973800.0,105.33,4144400,121.08,IBM,None,120.1948,2.41503643865,126.232391097,114.157208903,5405335.0,1651358.30001,0,0,0,0,0,100,11240.0,0.0,11240.0
2009-12-08,169863700.0,104.16,5351400,120.85,IBM,None,120.4532,2.09206779686,125.683369492,115.223030508,5284675.0,1555267.8124,0,0,0,0,0,100,11240.0,0.0,11240.0
2009-12-09,155063400.0,104.55,6071900,122.37,IBM,None,120.7496,1.78354160778,125.208454019,116.290745981,5266045.0,1542825.31381,0,0,0,0,0,100,11240.0,0.0,11240.0
2009-12-10,138014600.0,105.14,7077800,123.27,IBM,None,121.0772,1.41228986638,124.607924666,117.546475334,5293395.0,1571016.7601,0,0,0,0,0,100,11240.0,0.0,11240.0
2009-12-11,124854000.0,105.59,6597200,123.6,IBM,None,121.3492,1.19181206572,124.328730164,118.369669836,5355985.0,1597903.76407,0,0,0,0,0,100,11240.0,0.0,11240.0
2009-12-14,107141500.0,106.31,5201300,123.83,IBM,None,121.5944,1.0292516699,124.167529175,119.021270825,5367065.0,1595924.31666,0,0,0,0,0,100,11240.0,0.0,11240.0
2009-12-15,120408800.0,105.81,7862600,122.46,IBM,None,121.6892,0.993436459972,124.17279115,119.20560885,5369070.0,1599193.34208,0,0,0,0,0,100,11240.0,0.0,11240.0
2009-12-16,155358200.0,105.97,6372500,122.67,IBM,None,121.7576,0.999984499881,124.25756125,119.25763875,5636320.0,1242242.4124,0,0,0,0,0,100,11240.0,0.0,11240.0
2009-12-17,183390100.0,104.7,5909500,121.42,IBM,None,121.7656,0.996297646289,124.256344116,119.274855884,5733290.0,1179438.59567,0,0,0,0,0,100,11240.0,0.0,11240.0
2009-12-18,174591200.0,105.29,9106600,121.91,IBM,None,121.8284,0.951151407506,124.206278519,119.450521481,5923200.0,1393741.75098,0,0,0,0,0,100,11240.0,0.0,11240.0
2009-12-21,118039600.0,106.36,4772500,122.61,IBM,None,121.89,0.949855252131,124.26463813,119.51536187,5894115.0,1412188.22447,0,0,0,0,0,100,11240.0,0.0,11240.0
2009-12-22,91707500.0,106.75,5535500,123.83,IBM,None,121.9552,1.0249923577,124.517680894,119.392719106,5820715.0,1389459.46486,0,0,0,0,0,100,11240.0,0.0,11240.0
2009-12-23,111783100.0,106.96,4127600,123.9,IBM,None,122.0072,1.08998287448,124.732157186,119.282242814,5786270.0,1423779.55054,0,0,0,0,0,100,11240.0,0.0,11240.0
2009-12-24,39677500.0,107.46,4265100,124.44,IBM,None,122.0992,1.1937822247,125.083655562,119.114744438,5801140.0,1405218.74956,0,0,0,0,0,100,11240.0,0.0,11240.0
2009-12-28,87508500.0,107.69,5800400,126.1,IBM,None,122.2808,1.43023867472,125.856396687,118.705203313,5925200.0,1278368.85502,0,0,0,0,0,100,11240.0,0.0,11240.0
2009-12-29,80572500.0,107.54,4184200,125.66,IBM,SELL,122.4672,1.55461549373,126.353738734,118.580661266,5819275.0,1332083.53416,0,0,1,0,-100,100,23806.0,-12566.0,11240.0
2009-12-30,73138400.0,107.5,3867000,126.35,IBM,None,122.6336,1.73578723735,126.973068093,118.294131907,5683695.0,1387569.79511,0,0,0,0,-100,100,23806.0,0.0,11171.0
2009-12-31,90637900.0,106.47,4223400,124.76,IBM,None,122.7468,1.77971374103,127.196084353,118.297515647,5664970.0,1405405.85975,0,0,0,0,-100,100,23806.0,0.0,11330.0
