,SPY,IBM,rolling_mean,rolling_std,upper_band,lower_band,buy trigger loaded,sell trigger loaded,buy trigger execute,sell trigger execute,shares
2007-01-31,128.7,89.79,89.1545,1.110943056,91.376386112,86.932613888,0,0,0,0,0
2007-02-01,129.47,89.66,89.233,1.08697600806,91.4069520161,87.0590479839,0,0,0,0,0
2007-02-02,129.65,89.81,89.272,1.0932838029,91.4585676058,87.0854323942,0,0,0,0,0
2007-02-05,129.69,90.91,89.406,1.12269131531,91.6513826306,87.1606173694,0,0,0,0,0
2007-02-06,129.72,90.43,89.449,1.14554009326,91.7400801865,87.1579198135,0,0,0,0,0
2007-02-07,130.01,90.42,89.4385,1.13505981758,91.7086196352,87.1683803648,0,0,0,0,0
2007-02-08,129.84,90.49,89.485,1.15909447415,91.8031889483,87.1668110517,0,0,0,0,0
2007-02-09,128.87,89.52,89.494,1.15860805779,91.8112161156,87.1767838844,0,0,0,0,0
2007-02-12,128.43,89.54,89.473,1.15351225668,91.7800245134,87.1659754866,0,0,0,0,0
2007-02-13,129.51,89.28,89.372,1.07057584111,91.5131516822,87.2308483178,0,0,0,0,0
2007-02-14,130.37,90.11,89.3485,1.0475750193,91.4436500386,87.2533499614,0,0,0,0,0
2007-02-15,130.54,89.85,89.338,1.04110063218,91.4202012644,87.2557987356,0,0,0,0,0
2007-02-16,130.47,89.92,89.4795,0.902589695207,91.2846793904,87.6743206096,0,0,0,0,0
2007-02-20,130.75,90.24,89.5945,0.840504078076,91.2755081562,87.9134918438,0,0,0,0,0
2007-02-21,130.7,90.01,89.699,0.745963876648,91.1909277533,88.2070722467,0,0,0,0,0
2007-02-22,130.6,89.47,89.762,0.662082837876,91.0861656758,88.4378343242,0,0,0,0,0
2007-02-23,130.09,88.77,89.785,0.615326186497,91.015652373,88.554347627,0,0,0,0,0
2007-02-26,129.97,88.03,89.774,0.645440689925,91.0648813798,88.4831186202,0,0,0,0,0
2007-02-27,124.9,85.35,89.5795,1.17977016049,91.939040321,87.219959679,0,0,0,0,0
2007-02-28,126.18,84.42,89.301,1.64390389013,92.5888077803,86.0131922197,0,0,0,0,0
2007-03-01,125.8,83.81,89.002,2.04514727304,93.0922945461,84.9117054539,0,0,0,0,0
2007-03-02,124.15,82.57,88.6475,2.49097502576,93.6294500515,83.6655499485,0,0,0,0,0
2007-03-05,122.97,83.4,88.327,2.73404096531,93.7950819306,82.8589180694,0,0,0,0,0
2007-03-06,125.07,85.2,88.0415,2.74821142793,93.5379228559,82.5450771441,0,0,0,0,0
2007-03-07,124.95,85.33,87.7865,2.7515302441,93.2895604882,82.2834395118,0,0,0,0,0
2007-03-08,126.01,84.48,87.4895,2.77280871282,93.0351174256,81.9438825744,0,0,0,0,0
2007-03-09,126.04,84.73,87.2015,2.74373789411,92.6889757882,81.7140242118,0,0,0,0,0
2007-03-12,126.23,85.48,86.9995,2.71260115019,92.4247023004,81.5742976996,0,0,0,0,0
2007-03-13,123.78,84.21,86.733,2.71169610935,92.1563922187,81.3096077813,0,0,0,0,0
2007-03-14,124.7,85.17,86.5275,2.66382960376,91.8551592075,81.1998407925,0,0,0,0,0
2007-03-15,124.87,84.88,86.266,2.54781722884,91.3616344577,81.1703655423,0,0,0,0,0
2007-03-16,124.52,84.7,86.0085,2.42375583928,90.8560116786,81.1609883214,0,0,0,0,0
2007-03-19,126.02,85.38,85.7815,2.24407823065,90.2696564613,81.2933435387,0,0,0,0,0
2007-03-20,126.71,85.84,85.5615,1.98466562211,89.5308312442,81.5921687558,0,0,0,0,0
2007-03-21,128.8,86.62,85.392,1.71058192622,88.8131638524,81.9708361476,0,0,0,0,0
2007-03-22,128.7,86.47,85.242,1.44509551678,88.1321910336,82.3518089664,0,0,0,0,0
2007-03-23,128.89,86.32,85.1195,1.21596604437,87.5514320887,82.6875679113,0,0,0,0,0
2007-03-26,128.72,86.29,85.0325,1.04731674694,87.1271334939,82.9378665061,0,0,0,0,0
2007-03-27,128.41,86.05,85.0675,1.06993789785,87.2073757957,82.9276242043,0,0,0,0,0
2007-03-28,127.48,85.62,85.1275,1.06535328956,87.2582065791,82.9967934209,0,0,0,0,0
2007-03-29,127.61,85.9,85.232,1.03127718465,87.2945543693,83.1694456307,0,0,0,0,0
2007-03-30,127.64,85.62,85.3845,0.820984486038,87.0264689721,83.7425310279,0,0,0,0,0
2007-04-02,127.78,86.48,85.5385,0.710591117903,86.9596822358,84.1173177642,0,0,0,0,0
2007-04-03,129.16,87.29,85.643,0.805527613954,87.2540552279,84.0319447721,0,0,0,0,0
2007-04-04,129.3,87.39,85.746,0.890608307784,87.5272166156,83.9647833844,0,0,0,0,0
2007-04-05,129.65,87.67,85.9055,0.936418007201,87.7783360144,84.0326639856,0,0,0,0,0
2007-04-09,129.83,87.76,86.057,0.980306611541,88.0176132231,84.0963867769,0,0,0,0,0
2007-04-10,129.98,87.62,86.164,1.02956505891,88.2231301178,84.1048698822,0,0,0,0,0
2007-04-11,129.45,86.44,86.2755,0.921940031159,88.1193800623,84.4316199377,0,0,0,0,0
2007-04-12,130.03,86.9,86.362,0.893476945775,88.1489538916,84.5750461084,0,0,0,0,0
2007-04-13,130.62,86.23,86.4295,0.823909007495,88.077318015,84.781681985,0,0,0,0,0
2007-04-16,131.86,87.36,86.5625,0.740503918039,88.0435078361,85.0814921639,0,0,0,0,0
2007-04-17,132.21,88.22,86.7045,0.773382692768,88.2512653855,85.1577346145,0,0,0,0,0
2007-04-18,132.37,86.11,86.718,0.759734025481,88.237468051,85.198531949,0,0,0,0,0
2007-04-19,132.34,85.65,86.6695,0.79639632424,88.2622926485,85.0767073515,0,0,0,0,0
2007-04-20,133.59,85.91,86.6415,0.813441519264,88.2683830385,85.0146169615,0,0,0,0,0
2007-04-23,133.08,86.48,86.6495,0.81089602812,88.2712920562,85.0277079438,0,0,0,0,0
2007-04-24,133.14,89.46,86.808,1.01982248197,88.8476449639,84.7683550361,0,0,0,0,0
2007-04-25,134.36,92.16,87.1135,1.55535501109,90.2242100222,84.0027899778,0,0,0,0,0
2007-04-26,134.51,91.65,87.415,1.81361372316,91.0422274463,83.7877725537,0,0,0,0,0
2007-04-27,134.41,91.9,87.715,2.03281888804,91.7806377761,83.6493622239,0,0,0,0,0
2007-04-30,133.29,92.84,88.076,2.26860587841,92.6132117568,83.5387882432,0,0,0,0,0
2007-05-01,133.63,93.71,88.4375,2.55843265137,93.5543653027,83.3206346973,0,0,0,0,0
2007-05-02,134.42,92.85,88.7155,2.72390678216,94.1633135643,83.2676864357,0,0,0,0,0
2007-05-03,135.14,93.38,89.015,2.89446204437,94.8039240887,83.2260759113,0,0,0,0,0
2007-05-04,135.66,93.52,89.3075,3.04315604007,95.3938120801,83.2211879199,0,0,0,0,0
2007-05-07,135.68,93.71,89.605,3.17201828494,95.9490365699,83.2609634301,0,0,0,0,0
2007-05-08,135.5,94.19,89.9335,3.29350281455,96.5205056291,83.3464943709,0,0,0,0,0
2007-05-09,135.87,95.18,90.3705,3.38415732339,97.1388146468,83.6021853532,0,0,0,0,0
2007-05-10,134.45,95.46,90.7985,3.46252763622,97.7235552724,83.8734447276,0,0,0,0,0
2007-05-11,135.6,96.64,91.319,3.52156050936,98.3621210187,84.2758789813,0,0,0,0,0
2007-05-14,135.3,96.27,91.7645,3.55776167806,98.8800233561,84.6489766439,0,0,0,0,0
2007-05-15,135.34,95.59,92.133,3.55298851228,99.2389770246,85.0270229754,0,0,0,0,0
2007-05-16,136.27,96.54,92.6545,3.38383692994,99.4221738599,85.8868261401,0,0,0,0,0
2007-05-17,136.0,96.03,93.1735,3.03055019323,99.2346003865,87.1123996135,0,0,0,0,0
2007-05-18,137.18,98.47,93.8015,2.73291106601,99.267322132,88.335677868,0,0,0,0,0
2007-05-21,137.11,97.61,94.358,2.2549795191,98.8679590382,89.8480409618,0,0,0,0,0
2007-05-22,137.0,97.3,94.75,2.02881090401,98.807621808,90.692378192,0,0,0,0,0
2007-05-23,137.02,96.28,94.956,1.95998764765,98.8759752953,91.0360247047,0,0,0,0,0
2007-05-24,135.78,94.79,95.113,1.80050314605,98.7140062921,91.5119937079,0,0,0,0,0
2007-05-25,136.35,95.91,95.3135,1.6399976733,98.5934953466,92.0335046534,0,0,0,0,0
2007-05-29,136.84,96.58,95.5005,1.55408959641,98.6086791928,92.3923208072,0,0,0,0,0
2007-05-30,137.96,97.51,95.6905,1.55595452173,98.8024090435,92.5785909565,0,0,0,0,0
2007-05-31,137.81,97.21,95.9085,1.43799668765,98.7844933753,93.0325066247,0,0,0,0,0
2007-06-01,138.5,97.15,96.097,1.33231535701,98.761630714,93.432369286,0,0,0,0,0
2007-06-04,138.51,96.87,96.2645,1.19476258377,98.6540251675,93.8749748325,0,0,0,0,0
2007-06-05,137.97,96.51,96.4045,1.03274022311,98.4699804462,94.3390195538,0,0,0,0,0
2007-06-06,136.48,93.39,96.3645,1.13359453904,98.6316890781,94.0973109219,0,0,0,0,0
2007-06-07,134.02,92.83,96.247,1.36167891725,98.9703578345,93.5236421655,0,0,0,0,0
2007-06-08,135.76,93.99,96.1735,1.44360395137,99.0607079027,93.2862920973,0,0,0,0,0
2007-06-11,136.0,94.12,96.0475,1.50922732061,99.0659546412,93.0290453588,0,0,0,0,0
2007-06-12,134.51,93.32,95.9,1.6259766296,99.1519532592,92.6480467408,0,0,0,0,0
2007-06-13,136.53,94.03,95.822,1.67820894502,99.17841789,92.46558211,0,0,0,0,0
2007-06-14,137.4,94.7,95.73,1.68718700801,99.104374016,92.355625984,0,0,0,0,0
2007-06-15,138.18,95.83,95.72,1.68590753321,99.0918150664,92.3481849336,0,0,0,0,0
2007-06-18,138.02,96.05,95.599,1.56031339632,98.7196267926,92.4783732074,0,0,0,0,0
2007-06-19,138.36,97.12,95.5745,1.53063961519,98.6357792304,92.5132207696,0,0,0,0,0
2007-06-20,136.44,96.66,95.5425,1.49903082725,98.5405616545,92.5444383455,0,0,0,0,0
2007-06-21,137.2,97.21,95.589,1.53705425717,98.6631085143,92.5148914857,0,0,0,0,0
2007-06-22,135.91,95.24,95.6115,1.52800962728,98.6675192546,92.5554807454,0,0,0,0,0
2007-06-25,135.26,95.84,95.608,1.5273699445,98.662739889,92.553260111,0,0,0,0,0
2007-06-26,133.87,96.05,95.5815,1.51415870336,98.6098174067,92.5531825933,0,0,0,0,0
2007-06-27,135.77,96.14,95.513,1.45203704462,98.4170740892,92.6089259108,0,0,0,0,0
2007-06-28,135.75,96.61,95.483,1.42099705544,98.3249941109,92.6410058891,0,0,0,0,0
2007-06-29,135.8,95.98,95.4245,1.37199614469,98.1684922894,92.6805077106,0,0,0,0,0
2007-07-02,137.03,95.76,95.369,1.33232246768,98.0336449354,92.7043550646,0,0,0,0,0
2007-07-03,137.52,97.19,95.403,1.37108524055,98.1451704811,92.6608295189,0,0,0,0,0
2007-07-05,137.38,98.53,95.66,1.45317438371,98.5663487674,92.7536512326,0,0,0,0,0
2007-07-06,138.1,99.42,95.9895,1.52315280707,99.0358056141,92.9431943859,0,0,0,0,0
2007-07-09,138.21,99.37,96.2585,1.62322704901,99.504954098,93.012045902,0,0,0,0,0
2007-07-10,136.24,99.06,96.5055,1.65620833612,99.8179166722,93.1930833278,0,0,0,0,0
2007-07-11,137.21,99.49,96.814,1.60548205583,100.024964112,93.6030358883,0,0,0,0,0
2007-07-12,139.37,99.65,97.095,1.58424645876,100.263492918,93.9265070825,0,0,0,0,0
2007-07-13,139.79,99.03,97.3115,1.53481792165,100.381135843,94.2418641567,0,0,0,0,0
2007-07-16,139.77,100.0,97.52,1.60462161469,100.729243229,94.3107567706,0,0,0,0,0
2007-07-17,139.7,101.01,97.768,1.74281260882,101.253625218,94.2823747824,0,0,0,0,0
2007-07-18,139.44,101.29,97.9765,1.90326112101,101.783022242,94.169977758,0,0,0,0,0
2007-07-19,139.99,105.65,98.426,2.53329492122,103.492589842,93.3594101576,0,0,0,0,0
2007-07-20,138.57,104.69,98.8,2.8736149982,104.547229996,93.0527700036,0,0,0,0,0
2007-07-23,138.99,106.12,99.344,3.17793113767,105.699862275,92.9881377247,0,0,0,0,0
2007-07-24,136.58,105.93,99.8485,3.38644865216,106.621397304,93.0756026957,0,0,0,0,0
2007-07-25,136.86,107.69,100.4305,3.68623824087,107.802976482,93.0580235183,0,0,0,0,0
2007-07-26,133.62,106.26,100.9365,3.76012776239,108.456755525,93.4162444752,0,0,0,0,0
2007-07-27,131.0,105.43,101.3775,3.7431760719,108.863852144,93.8911478562,0,0,0,0,0
2007-07-30,133.04,104.43,101.8,3.57499061464,108.949981229,94.6500187707,0,0,0,0,0
2007-07-31,131.55,100.9,102.057,3.29144041417,108.639880828,95.4741191717,0,0,0,0,0
2007-08-01,132.19,102.17,102.306,3.0858171314,108.477634263,96.1343657372,0,0,0,0,0
2007-08-02,133.24,103.25,102.542,2.95974856685,108.461497134,96.6225028663,0,0,0,0,0
2007-08-03,129.81,102.03,102.6725,2.87106045877,108.414620918,96.9303790825,0,0,0,0,0
2007-08-06,131.99,103.85,102.8965,2.77292601492,108.44235203,97.3506479702,0,0,0,0,0
2007-08-07,133.4,103.53,103.12,2.62354521091,108.367090422,97.8729095782,0,0,0,0,0
2007-08-08,135.26,103.39,103.315,2.48058036503,108.27616073,98.3538392699,0,0,0,0,0
2007-08-09,131.25,101.33,103.399,2.37618867761,108.151377355,98.6466226448,0,0,0,0,0
2007-08-10,130.63,103.08,103.6015,2.14565233609,107.892804672,99.3101953278,0,0,0,0,0
2007-08-13,131.1,103.14,103.7585,1.97646487979,107.71142976,99.8055702404,0,0,0,0,0
2007-08-14,129.1,102.54,103.835,1.89230157828,107.619603157,100.050396843,0,0,0,0,0
2007-08-15,127.32,101.79,103.86,1.8599349168,107.579869834,100.140130166,0,0,0,0,0
2007-08-16,128.28,100.38,103.5965,1.96342148999,107.52334298,99.66965702,0,0,0,0,0
2007-08-17,130.63,101.49,103.4365,1.99967174938,107.435843499,99.4371565012,0,0,0,0,0
2007-08-20,130.57,99.95,103.128,2.03942871258,107.206857425,99.0491425748,0,0,0,0,0
2007-08-21,130.83,99.78,102.8205,2.05826824245,106.937036485,98.7039635151,0,0,0,0,0
2007-08-22,132.39,100.66,102.469,1.76184084352,105.992681687,98.945318313,0,0,0,0,0
2007-08-23,132.27,101.99,102.2555,1.52045171612,105.296403432,99.2145965678,0,0,0,0,0
2007-08-24,133.9,103.63,102.1655,1.36831619538,104.902132391,99.4288676092,0,0,0,0,0
2007-08-27,132.66,103.81,102.1345,1.32050020427,104.775500409,99.4934995915,0,0,0,0,0
2007-08-28,129.74,102.49,102.214,1.28977109352,104.793542187,99.634457813,0,0,0,0,0
2007-08-29,132.29,104.84,102.3475,1.41689384143,105.181287683,99.5137123171,0,0,0,0,0
2007-08-30,131.93,105.58,102.464,1.58125999061,105.626519981,99.3014800188,0,0,0,0,0
2007-08-31,133.23,106.78,102.7015,1.84702684277,106.395553686,99.0074463145,0,0,0,0,0
2007-09-04,134.58,108.16,102.917,2.20485134957,107.326702699,98.5072973009,0,0,0,0,0
2007-09-05,133.41,107.87,103.134,2.46641312116,108.066826242,98.2011737577,0,0,0,0,0
2007-09-06,133.72,107.63,103.346,2.66389386544,108.673787731,98.0182122691,0,0,0,0,0
2007-09-07,131.86,105.74,103.5665,2.67074654456,108.907993089,98.2250069109,0,0,0,0,0
2007-09-10,131.61,105.97,103.711,2.72075241141,109.152504823,98.2694951772,0,0,0,0,0
2007-09-11,133.14,107.39,103.9235,2.8372823821,109.598064764,98.2489352358,0,0,0,0,0
2007-09-12,133.49,106.15,104.104,2.85937865904,109.822757318,98.3852426819,0,0,0,0,0
2007-09-13,134.43,106.11,104.32,2.83846882371,109.996937647,98.6430623526,0,0,0,0,0
2007-09-14,134.42,105.36,104.569,2.68915149991,109.947303,99.1906970002,0,0,0,0,0
2007-09-17,133.69,104.8,104.7345,2.58970121219,109.913902424,99.5550975756,0,0,0,0,0
2007-09-18,137.63,106.73,105.0735,2.36439215511,109.80228431,100.34471569,0,0,0,0,0
2007-09-19,138.44,106.77,105.423,2.03431897307,109.491637946,101.354362054,0,0,0,0,0
2007-09-20,137.47,106.94,105.737,1.72098227765,109.178964555,102.295035445,0,0,0,0,0
2007-09-21,137.84,106.87,105.981,1.49255661975,108.966113239,102.995886761,0,0,0,0,0
2007-09-24,137.58,106.38,106.1185,1.38755094738,108.893601895,103.343398105,0,0,0,0,0
2007-09-25,137.31,106.62,106.259,1.27955954593,108.818119092,103.699880908,0,0,0,0,0
2007-09-26,138.04,107.34,106.5015,0.942986716433,108.387473433,104.615526567,0,0,0,0,0
2007-09-27,138.85,107.72,106.6455,0.894565316377,108.434630633,104.856369367,0,0,0,0,0
2007-09-28,138.39,107.8,106.7565,0.893127414734,108.542754829,104.970245171,0,0,0,0,0
2007-10-01,139.95,108.93,106.864,1.01691690909,108.897833818,104.830166182,0,0,0,0,0
2007-10-02,139.76,108.31,106.8715,1.02747659725,108.926453194,104.816546806,0,0,0,0,0
2007-10-03,139.48,106.52,106.804,1.00246748208,108.808934964,104.799065036,0,0,0,0,0
2007-10-04,139.7,105.87,106.716,1.00339109235,108.722782185,104.709217815,0,0,0,0,0
2007-10-05,141.36,106.43,106.7505,0.979648030243,108.70979606,104.79120394,0,0,0,0,0
2007-10-08,140.61,107.77,106.8405,0.986826252505,108.814152505,104.866847495,0,0,0,0,0
2007-10-09,141.93,108.26,106.884,1.03053077791,108.945061556,104.822938444,0,0,0,0,0
2007-10-10,141.69,108.55,107.004,1.07914878736,109.162297575,104.845702425,0,0,0,0,0
2007-10-11,141.01,108.03,107.1,1.08083301208,109.261666024,104.938333976,0,0,0,0,0
2007-10-12,141.79,107.81,107.2225,1.00974658103,109.241993162,105.203006838,0,0,0,0,0
2007-10-15,140.6,108.01,107.383,0.846311501692,109.075623003,105.690376997,0,0,0,0,0
2007-10-16,139.48,109.45,107.519,0.948261012259,109.415522025,105.622477975,0,0,0,0,0
2007-10-17,139.91,105.95,107.478,0.998733935383,109.475467871,105.480532129,0,0,0,0,0
2007-10-18,139.4,105.05,107.3835,1.13274364174,109.648987283,105.118012717,0,0,0,0,0
2007-10-19,135.75,102.75,107.1775,1.53444615416,110.246392308,104.108607692,0,0,0,0,0
2007-10-22,136.54,103.75,107.046,1.70913767115,110.464275342,103.627724658,0,0,0,0,0
2007-10-23,137.65,104.94,106.962,1.77132896882,110.504657938,103.419342062,0,0,0,0,0
2007-10-24,137.39,103.36,106.763,1.94197430738,110.646948615,102.879051385,0,0,0,0,0
2007-10-25,137.72,103.23,106.5385,2.08013480079,110.698769602,102.378230398,0,0,0,0,0
2007-10-26,139.34,104.08,106.3525,2.1271821613,110.606864323,102.098135677,0,0,0,0,0
2007-10-29,139.8,105.05,106.1585,2.05546069878,110.269421398,102.047578602,0,0,0,0,0
2007-10-30,138.83,104.43,105.9645,2.02457916355,110.013658327,101.915341673,0,0,0,0,0
2007-10-31,140.27,106.26,105.9515,2.02165714986,109.9948143,101.9081857,0,0,0,0,0
2007-11-01,136.99,104.0,105.858,2.06832909934,109.994658199,101.721341801,0,0,0,0,0
2007-11-02,137.14,104.86,105.7795,2.07525895657,109.930017913,101.628982087,0,0,0,0,0
2007-11-05,136.1,103.77,105.5795,2.06605771306,109.711615426,101.447384574,0,0,0,0,0
2007-11-06,137.93,103.56,105.3445,2.0117038471,109.367907694,101.321092306,0,0,0,0,0
2007-11-07,134.16,102.01,105.0175,1.99469262901,109.006885258,101.028114742,0,0,0,0,0
2007-11-08,133.48,97.45,104.4885,2.49412209004,109.47674418,99.5002558199,0,0,0,0,0
2007-11-09,131.64,92.06,103.701,3.62174994051,110.944499881,96.457500119,0,0,0,0,0
2007-11-12,130.34,93.17,102.959,4.17100000631,111.301000013,94.6169999874,0,0,0,0,0
2007-11-13,134.31,96.67,102.32,4.1026281692,110.525256338,94.1147436616,0,0,0,0,0
2007-11-14,133.94,94.99,101.772,4.31853727673,110.409074553,93.1349254465,0,0,0,0,0
2007-11-15,132.01,95.14,101.2765,4.48783885981,110.25217772,92.3008222804,0,0,0,0,0
2007-11-16,132.23,96.23,100.9505,4.61030707391,110.171114148,91.7298858522,0,0,0,0,0
2007-11-19,130.39,93.87,100.4565,4.81914632646,110.094792653,90.8182073471,0,0,0,0,0
2007-11-20,131.19,94.98,99.9585,4.84599376045,109.650487521,90.2665124791,0,0,0,0,0
2007-11-21,128.51,93.87,99.484,4.95870356571,109.401407131,89.5665928686,0,0,0,0,0
2007-11-23,130.73,95.55,99.1,4.95070861488,109.00141723,89.1985827702,0,0,0,0,0
2007-11-26,127.84,93.64,98.578,4.94837729915,108.474754598,88.6812454017,0,0,0,0,0
2007-11-27,129.31,95.35,98.093,4.75212428953,107.597248579,88.5887514209,0,0,0,0,0
2007-11-28,133.45,98.6,97.8015,4.51588456684,106.833269134,88.7697308663,0,0,0,0,0
2007-11-29,133.49,98.72,97.4245,4.06477742642,105.554054853,89.2949451472,0,0,0,0,0
2007-11-30,134.84,96.59,97.054,3.76017692753,104.574353855,89.5336461449,0,0,0,0,0
2007-12-03,133.95,97.19,96.6705,3.28299522259,103.236490445,90.1045095548,0,0,0,0,0
2007-12-04,132.75,97.92,96.378,2.84910253644,102.076205073,90.6797949271,0,0,0,0,0
2007-12-05,134.97,99.33,96.1665,2.41125491459,100.989009829,91.3439901708,0,0,0,0,0
2007-12-06,136.9,100.74,96.103,2.26132960423,100.625659208,91.5803407915,0,0,0,0,0
2007-12-07,136.88,99.97,96.229,2.40591792309,101.040835846,91.4171641538,0,0,0,0,0
2007-12-10,137.94,100.46,96.649,2.37279737197,101.394594744,91.9034052561,0,0,0,0,0
2007-12-11,134.16,98.25,96.903,2.24947502648,101.401950053,92.404049947,0,0,0,0,0
2007-12-12,135.48,99.61,97.05,2.32813455932,101.706269119,92.3937308814,0,0,0,0,0
2007-12-13,135.2,99.35,97.268,2.32921852718,101.926437054,92.6095629456,0,0,0,0,0
2007-12-14,133.49,97.13,97.3675,2.27541291799,101.918325836,92.816674164,0,0,0,0,0
2007-12-17,131.58,96.0,97.356,2.28203602536,101.920072051,92.7919279493,0,0,0,0,0
2007-12-18,132.32,97.63,97.544,2.12951785994,101.80303572,93.2849642801,0,0,0,0,0
2007-12-19,132.32,98.39,97.7145,2.04839211655,101.811284233,93.6177157669,0,0,0,0,0
2007-12-20,133.15,99.95,98.0185,1.89307957127,101.804659143,94.2323408575,0,0,0,0,0
2007-12-21,135.07,101.98,98.34,1.99504649728,102.330092995,94.3499070054,0,0,0,0,0
2007-12-24,136.07,102.53,98.7845,1.87978855194,102.544077104,95.0249228961,0,0,0,0,0
2007-12-26,136.36,102.45,99.1395,1.86742286531,102.874345731,95.4046542694,0,0,0,0,0
2007-12-27,134.65,100.65,99.242,1.89234635753,103.026692715,95.4573072849,0,0,0,0,0
2007-12-28,134.31,101.1,99.361,1.93220599316,103.225411986,95.4965880137,0,0,0,0,0
2007-12-31,133.32,99.27,99.495,1.81956761781,103.134135236,95.8558647644,0,0,0,0,0
2008-01-02,132.15,96.14,99.4425,1.9028175093,103.248135019,95.6368649814,0,0,0,0,0
2008-01-03,132.09,96.34,99.3635,1.99968754138,103.362875083,95.3641249172,0,0,0,0,0
2008-01-04,128.85,92.87,99.0405,2.47145913645,103.983418273,94.0975817271,0,0,0,0,0
2008-01-07,128.74,91.88,98.5975,2.90655859991,104.4106172,92.7843828002,0,0,0,0,0
2008-01-08,126.66,89.62,98.08,3.50840494572,105.096809891,91.0631901086,0,0,0,0,0
2008-01-09,127.99,90.28,97.571,3.86525126847,105.301502537,89.8404974631,0,0,0,0,0
2008-01-10,128.83,91.76,97.2465,4.07213803277,105.390776066,89.1022239345,0,0,0,0,0
2008-01-11,127.79,89.7,96.751,4.3620189676,105.475037935,88.0269620648,0,0,0,0,0
2008-01-14,128.82,94.53,96.51,4.343981923,105.197963846,87.822036154,0,0,0,0,0
2008-01-15,125.99,93.52,96.3295,4.39160380127,105.112707603,87.5462923975,0,0,0,0,0
2008-01-16,124.9,93.33,96.196,4.44243579464,105.080871589,87.3111284107,0,0,0,0,0
2008-01-17,121.67,92.85,95.957,4.48955759161,104.936115183,86.9778848168,0,0,0,0,0
2008-01-18,120.42,94.96,95.7855,4.45712141587,104.699742832,86.8712571683,0,0,0,0,0
2008-01-22,119.19,92.96,95.436,4.38688284008,104.20976568,86.6622343198,0,0,0,0,0
2008-01-23,122.06,97.44,95.209,4.14101169942,103.491023399,86.9269766012,0,0,0,0,0
2008-01-24,123.09,98.18,94.9915,3.83951240737,102.670524815,87.3124751853,0,0,0,0,0
2008-01-25,121.31,95.99,94.6685,3.42879797106,101.526095942,87.8109040579,0,0,0,0,0
2008-01-28,123.32,96.41,94.4565,3.16004709325,100.776594187,88.1364058135,0,0,0,0,0
2008-01-29,123.93,97.44,94.2735,2.84537903312,99.9642580662,88.5827419338,0,0,0,0,0
2008-01-30,123.01,97.02,94.161,2.67692459049,99.514849181,88.807150819,0,0,0,0,0
2008-01-31,125.26,98.36,94.272,2.80620853035,99.8844170607,88.6595829393,0,0,0,0,0
2008-02-01,127.27,100.17,94.4635,3.07278079955,100.609061599,88.3179384009,0,0,0,0,0
2008-02-04,125.67,99.12,94.776,3.21663668743,101.209273375,88.3427266251,0,0,0,0,0
2008-02-05,122.3,96.45,95.0045,3.16194056837,101.328381137,88.6806188633,0,0,0,0,0
2008-02-06,121.32,95.5,95.2985,2.89721694953,101.092933899,89.5040661009,0,0,0,0,0
2008-02-07,122.12,94.34,95.5015,2.65956718877,100.820634378,90.1823656225,0,0,0,0,0
2008-02-08,121.34,95.2,95.6735,2.51200334185,100.697506684,90.6494933163,0,0,0,0,0
2008-02-11,121.96,96.92,96.0345,2.09206137326,100.218622747,91.8503772535,0,0,0,0,0
2008-02-12,123.09,98.21,96.2185,2.11448457076,100.447469142,91.9895308585,0,0,0,0,0
2008-02-13,124.35,99.95,96.54,2.17067537392,100.881350748,92.1986492522,0,0,0,0,0
2008-02-14,123.25,97.84,96.7655,2.05059291811,100.866685836,92.6643141638,0,0,0,0,0
2008-02-15,123.22,97.87,97.0165,1.84280185701,100.702103714,93.330896286,0,0,0,0,0
2008-02-19,123.57,96.8,97.1085,1.77957497883,100.667649958,93.5493500423,0,0,0,0,0
2008-02-20,123.94,99.42,97.4315,1.55964326218,100.550786524,94.3122134756,0,0,0,0,0
2008-02-21,122.91,98.57,97.488,1.5802984395,100.648596879,94.327403121,0,0,0,0,0
2008-02-22,123.66,99.63,97.5605,1.64562730001,100.8517546,94.2692454,0,0,0,0,0
2008-02-25,125.22,101.48,97.835,1.81865624193,101.472312484,94.1976875161,0,0,0,0,0
2008-02-26,126.16,105.44,98.2865,2.45561713757,103.197734275,93.3752657249,0,0,0,0,0
2008-02-27,126.03,107.36,98.7825,3.1727671386,105.128034277,92.4369657228,0,0,0,0,0
2008-02-28,124.8,106.24,99.2435,3.55053780211,106.344575604,92.1424243958,0,0,0,0,0
2008-02-29,122.02,104.96,99.5735,3.76437493938,107.102249879,92.0447501212,0,0,0,0,0
2008-03-03,121.73,105.3,99.83,3.97598713331,107.781974267,91.8780257334,0,0,0,0,0
2008-03-04,121.26,106.67,100.2075,4.25374370717,108.714987414,91.7000125857,0,0,0,0,0
2008-03-05,122.03,106.37,100.7035,4.36932883561,109.442157671,91.9648423288,0,0,0,0,0
2008-03-06,119.5,103.73,101.115,4.23908070968,109.593161419,92.6368385806,0,0,0,0,0
2008-03-07,118.27,105.04,101.65,4.00793160988,109.66586322,93.6341367802,0,0,0,0,0
2008-03-10,116.71,105.1,102.145,3.77391531994,109.69283064,94.5971693601,0,0,0,0,0
2008-03-11,120.91,107.39,102.6685,3.73697495872,110.142449917,95.1945500826,0,0,0,0,0
2008-03-12,119.78,107.92,103.154,3.7579423261,110.669884652,95.6381153478,0,0,0,0,0
2008-03-13,120.04,106.85,103.499,3.76503847747,111.029076955,95.9689230451,0,0,0,0,0
2008-03-14,118.18,106.23,103.9185,3.56333119574,111.045162391,96.7918376085,0,0,0,0,0
2008-03-17,116.99,106.52,104.351,3.30622682063,110.963453641,97.7385463587,0,0,0,0,0
2008-03-18,121.85,109.16,104.969,2.95725673022,110.88351346,99.0544865396,0,0,0,0,0
2008-03-19,118.83,107.8,105.388,2.71326100167,110.814522003,99.9614779967,0,0,0,0,0
2008-03-20,121.03,109.08,105.9135,2.31126138949,110.536022779,101.290977221,0,0,0,0,0
2008-03-24,123.45,109.76,106.42,1.94231278309,110.304625566,102.535374434,0,0,0,0,0
2008-03-25,123.57,108.75,106.7835,1.62321407934,110.029928159,103.537071841,0,0,0,0,0
2008-03-26,122.06,107.78,106.9005,1.60551508377,110.111530168,103.689469832,0,0,0,0,0
2008-03-27,121.67,106.49,106.857,1.60419548618,110.065390972,103.648609028,0,0,0,0,0
2008-03-28,120.51,105.62,106.826,1.62263074244,110.071261485,103.580738515,0,0,0,0,0
2008-03-31,120.93,106.14,106.885,1.57186948702,110.028738974,103.741261026,0,0,0,0,0
2008-04-01,125.18,107.39,106.9895,1.52986230891,110.049224618,103.929775382,0,0,0,0,0
2008-04-02,125.26,105.84,106.948,1.55010899447,110.048217989,103.847782011,0,0,0,0,0
2008-04-03,125.58,106.95,106.977,1.54414036722,110.065280734,103.888719266,0,0,0,0,0
2008-04-04,125.44,106.71,107.126,1.34530919944,109.816618399,104.435381601,0,0,0,0,0
2008-04-07,125.5,107.22,107.235,1.25251536391,109.740030728,104.729969272,0,0,0,0,0
2008-04-08,125.37,107.19,107.3395,1.14782391369,109.635147827,105.043852173,0,0,0,0,0
2008-04-09,124.47,107.65,107.3525,1.14989644843,109.652292897,105.052707103,0,0,0,0,0
2008-04-10,124.64,109.5,107.4315,1.24155791352,109.914615827,104.948384173,0,0,0,0,0
2008-04-11,122.22,106.94,107.436,1.23950074839,109.915001497,104.956998503,0,0,0,0,0
2008-04-14,121.81,108.12,107.5305,1.21451083937,109.959521679,105.101478321,0,0,0,0,0
2008-04-15,122.09,108.01,107.605,1.19480233996,109.99460468,105.21539532,0,0,0,0,0
2008-04-16,125.4,111.06,107.7,1.38529875174,110.470597503,104.929402497,0,0,0,0,0
2008-04-17,125.58,113.46,107.983,1.89219755283,111.767395106,104.198604894,0,0,0,0,0
2008-04-18,126.89,114.68,108.263,2.40729396014,113.07758792,103.44841208,0,0,0,0,0
2008-04-21,126.96,114.63,108.5065,2.78358019181,114.073660384,102.939339616,0,0,0,0,0
2008-04-22,126.4,114.01,108.7695,3.04409605457,114.857692109,102.681307891,0,0,0,0,0
2008-04-23,126.2,113.94,109.0775,3.2437922495,115.565084499,102.589915501,0,0,0,0,0
2008-04-24,126.75,114.49,109.4775,3.3975345163,116.272569033,102.682430967,0,0,0,0,0
2008-04-25,127.92,113.46,109.8695,3.38128202874,116.632064057,103.106935943,0,0,0,0,0
2008-04-28,127.95,112.18,110.1715,3.29938953684,116.770279074,103.572720926,0,0,0,0,0
2008-04-29,127.44,113.25,110.4645,3.29957648798,117.063652976,103.865347024,0,0,0,0,0
2008-04-30,126.69,111.27,110.736,3.11740006382,116.970800128,104.501199872,0,0,0,0,0
2008-05-01,129.31,113.95,111.086,3.06243350089,117.210867002,104.961132998,0,0,0,0,0
2008-05-02,129.67,113.56,111.4285,2.92733626896,117.283172538,105.573827462,0,0,0,0,0
2008-05-05,129.05,112.5,111.6925,2.7611913428,117.214882686,106.170117314,0,0,0,0,0
2008-05-06,130.17,113.22,111.994,2.56599298518,117.12598597,106.86201403,0,0,0,0,0
2008-05-07,127.85,114.91,112.357,2.42898527655,117.214970553,107.499029447,0,0,0,0,0
2008-05-08,127.52,115.63,112.6635,2.43624662782,117.535993256,107.791006744,0,0,0,0,0
2008-05-09,127.28,114.83,113.058,2.07228985983,117.20257972,108.91342028,0,0,0,0,0
2008-05-12,128.71,115.93,113.4485,1.81235605599,117.073212112,109.823787888,0,0,0,0,0
2008-05-13,128.73,117.17,113.9065,1.49534461791,116.897189236,110.915810764,0,0,0,0,0
2008-05-14,128.99,118.04,114.2555,1.60643926286,117.468378526,111.042621474,0,0,0,0,0
2008-05-15,130.61,118.91,114.528,1.89984376089,118.327687522,110.728312478,0,0,0,0,0
2008-05-16,130.73,118.31,114.7095,2.07998348931,118.869466979,110.549533021,0,0,0,0,0
2008-05-19,131.08,117.08,114.832,2.14614856993,119.12429714,110.53970286,0,0,0,0,0
2008-05-20,130.02,115.87,114.925,2.14895200897,119.222904018,110.627095982,0,0,0,0,0
2008-05-21,127.82,114.43,114.9495,2.13990524876,119.229310498,110.669689502,0,0,0,0,0
2008-05-22,127.84,115.43,114.9965,2.13960467327,119.275709347,110.717290653,0,0,0,0,0
2008-05-23,126.13,114.96,115.0715,2.10898148279,119.289462966,110.853537034,0,0,0,0,0
2008-05-27,127.06,117.85,115.355,2.08073999994,119.51648,111.19352,0,0,0,0,0
2008-05-28,127.65,119.91,115.688,2.25200869401,120.192017388,111.183982612,0,0,0,0,0
2008-05-29,128.29,120.06,116.1275,2.20157569171,120.530651383,111.724348617,0,0,0,0,0
2008-05-30,128.61,119.8,116.42,2.28411447773,120.988228955,111.851771045,0,0,0,0,0
2008-06-02,127.28,117.89,116.6365,2.20251357604,121.041527152,112.231472848,0,0,0,0,0
2008-06-03,126.54,118.33,116.928,2.00299932995,120.93399866,112.92200134,0,0,0,0,0
2008-06-04,126.47,118.06,117.17,1.81498151361,120.799963027,113.540036973,0,0,0,0,0
2008-06-05,129.0,118.92,117.3705,1.77319062709,120.916881254,113.824118746,0,0,0,0,0
2008-06-06,124.89,115.65,117.3715,1.77216274351,120.915825487,113.827174513,0,0,0,0,0
2008-06-09,125.19,116.5,117.455,1.68322216065,120.821444321,114.088555679,0,0,0,0,0
2008-06-10,124.57,116.57,117.487,1.65860784998,120.8042157,114.1697843,0,0,0,0,0
2008-06-11,122.73,114.08,117.3325,1.82523790807,120.982975816,113.682024184,0,0,0,0,0
2008-06-12,123.2,114.64,117.1625,1.91214091916,120.986781838,113.338218162,0,0,0,0,0
2008-06-13,124.76,116.77,117.0555,1.86858650491,120.79267301,113.31832699,0,0,0,0,0
2008-06-16,124.83,117.29,117.0045,1.84633199672,120.697163993,113.311836007,0,0,0,0,0
2008-06-17,124.23,115.8,116.9405,1.86566052928,120.671821059,113.209178941,0,0,0,0,0
2008-06-18,123.02,114.93,116.8935,1.90546381976,120.70442764,113.08257236,0,0,0,0,0
2008-06-19,123.17,115.72,116.958,1.83833620429,120.634672409,113.281327591,0,0,0,0,0
2008-06-20,121.18,113.61,116.867,1.95903870089,120.785077402,112.948922598,0,0,0,0,0
2008-06-23,121.06,114.28,116.833,1.99936331971,120.831726639,112.834273361,0,0,0,0,0
2008-06-24,120.82,114.28,116.6545,2.06216410343,120.778828207,112.530171793,0,0,0,0,0
2008-06-25,121.39,115.32,116.425,1.93209866807,120.289197336,112.560802664,0,0,0,0,0
2008-06-26,118.09,112.12,116.028,1.96140014437,119.950800289,112.105199711,0,0,0,0,0
2008-06-27,117.45,111.12,115.594,2.04151749545,119.677034991,111.510965009,0,0,0,0,0
2008-06-30,117.86,109.72,115.1855,2.35173950178,119.888979004,110.482020996,0,0,0,0,0
2008-07-01,118.23,110.4,114.789,2.4596938192,119.708387638,109.869612362,0,0,0,0,0
2008-07-02,116.2,110.24,114.398,2.53281744516,119.46363489,109.33236511,0,0,0,0,0
2008-07-03,116.32,110.65,113.9845,2.42863937433,118.841778749,109.127221251,0,0,0,0,0
2008-07-07,115.13,112.46,113.825,2.41823010528,118.661460211,108.988539789,0,0,0,0,0
2008-07-08,117.18,114.67,113.7335,2.34520625285,118.423912506,109.043087494,0,0,0,0,0
2008-07-09,114.92,111.45,113.4775,2.29825763523,118.07401527,108.88098473,0,0,0,0,0
2008-07-10,115.39,114.02,113.4745,2.29746880169,118.069437603,108.879562397,0,0,0,0,0
2008-07-11,114.05,113.04,113.3945,2.28255737231,117.959614745,108.829385255,0,0,0,0,0
2008-07-14,113.02,112.5,113.181,2.14581330428,117.472626609,108.889373391,0,0,0,0,0
2008-07-15,111.42,114.04,113.0185,1.93052563063,116.879551261,109.157448739,0,0,0,0,0
2008-07-16,114.16,116.57,113.057,1.99550046486,117.04800093,109.06599907,0,0,0,0,0
2008-07-17,115.3,117.11,113.166,2.15625747901,117.478514958,108.853485042,0,0,0,0,0
2008-07-18,116.02,120.23,113.3915,2.62277128445,118.637042569,108.145957431,0,0,0,0,0
2008-07-21,116.08,119.09,113.6655,2.91658862552,119.498677251,107.832322749,0,0,0,0,0
2008-07-22,117.4,120.33,113.968,3.27535550501,120.51871101,107.41728899,0,0,0,0,0
2008-07-23,118.03,119.89,114.2485,3.53352556164,121.315551123,107.181448877,0,0,0,0,0
2008-07-24,115.59,120.33,114.499,3.78231188004,122.06362376,106.93437624,0,0,0,0,0
2008-07-25,115.56,118.97,114.8415,3.86479287251,122.571085745,107.111914255,0,0,0,0,0
2008-07-28,113.86,116.86,115.1285,3.78621637967,122.700932759,107.556067241,0,0,0,0,0
2008-07-29,116.29,118.17,115.551,3.61867946254,122.788358925,108.313641075,0,0,0,0,0
2008-07-30,118.37,119.28,115.995,3.49610234103,122.987204682,109.002795318,0,0,0,0,0
2008-07-31,116.8,118.46,116.406,3.25907381096,122.924147622,109.887852378,0,0,0,0,0
2008-08-01,116.18,117.22,116.7345,2.96632410303,122.667148206,110.801851794,0,0,0,0,0
2008-08-04,115.11,118.07,117.015,2.80151368859,122.618027377,111.411972623,0,0,0,0,0
2008-08-05,118.21,119.29,117.246,2.78842041684,122.822840834,111.669159166,0,0,0,0,0
2008-08-06,118.73,120.02,117.6745,2.4937785218,122.662057044,112.686942956,0,0,0,0,0
2008-08-07,116.97,119.92,117.9695,2.38532900743,122.740158015,113.198841985,0,0,0,0,0
2008-08-08,119.14,119.7,118.3025,2.10991363006,122.52232726,114.08267274,0,0,0,0,0
2008-08-11,120.37,117.64,118.5595,1.62273153404,121.804963068,115.314036932,0,0,0,0,0
2008-08-12,119.12,116.36,118.6755,1.34114434641,121.357788693,115.993211307,0,0,0,0,0
2008-08-13,118.4,116.9,118.692,1.31566513097,121.323330262,116.060669738,0,0,0,0,0
2008-08-14,119.3,117.96,118.7345,1.27497151671,121.284443033,116.184556967,0,0,0,0,0
2008-08-15,119.88,117.42,118.594,1.25618637571,121.106372751,116.081627249,0,0,0,0,0
2008-08-18,118.24,115.77,118.428,1.39849392675,121.224987854,115.631012146,0,0,0,0,0
2008-08-19,116.95,113.89,118.106,1.65532760313,121.416655206,114.795344794,0,0,0,0,0
2008-08-20,117.49,113.84,117.8035,1.85313468423,121.509769368,114.097230632,0,0,0,0,0
2008-08-21,117.69,114.29,117.5015,1.91098562335,121.323471247,113.679528753,0,0,0,0,0
2008-08-22,119.4,116.09,117.3575,1.9029972896,121.163494579,113.551505421,0,0,0,0,0
2008-08-25,116.98,114.17,117.223,2.03078180434,121.284563609,113.161436391,0,0,0,0,0
2008-08-26,117.32,113.83,117.006,2.15249280212,121.310985604,112.701014396,0,0,0,0,0
2008-08-27,118.46,114.65,116.7745,2.14401363654,121.062527273,112.486472727,0,0,0,0,0
2008-08-28,119.9,115.76,116.6395,2.11713429701,120.873768594,112.405231406,0,0,0,0,0
2008-08-29,118.61,113.12,116.4345,2.25216030793,120.938820616,111.930179384,0,0,0,0,0
2008-09-02,117.87,110.03,116.0325,2.63061904862,121.293738097,110.771261903,0,0,0,0,0
2008-09-03,117.77,109.97,115.5665,2.84033407042,121.247168141,109.885831859,0,0,0,0,0
2008-09-04,114.22,106.86,114.9085,3.24923193353,121.406963867,108.410036133,0,0,0,0,0
2008-09-05,114.58,106.24,114.2245,3.56343488195,121.351369764,107.097630236,0,0,0,0,0
2008-09-08,116.95,108.99,113.689,3.5014807394,120.691961479,106.686038521,0,0,0,0,0
2008-09-09,113.48,106.9,113.152,3.68253145197,120.517062904,105.786937096,0,0,0,0,0
2008-09-10,113.94,109.69,112.8185,3.67874016622,120.175980332,105.461019668,0,0,0,0,0
2008-09-11,115.59,110.77,112.512,3.57467937465,119.661358749,105.362641251,0,0,0,0,0
2008-09-12,116.12,110.55,112.1415,3.35772208969,118.856944179,105.426055821,0,0,0,0,0
2008-09-15,110.59,107.04,111.6225,3.30061537325,118.223730746,105.021269254,0,0,0,0,0
2008-09-16,112.44,107.84,111.226,3.25211251181,117.730225024,104.721774976,0,0,0,0,0
2008-09-17,107.39,103.58,110.7105,3.60553737144,117.921574743,103.499425257,0,0,0,0,0
2008-09-18,110.58,106.97,110.367,3.61892554569,117.604851091,103.129148909,0,0,0,0,0
2008-09-19,114.97,110.44,110.1745,3.49969994954,117.173899899,103.175100101,0,0,0,0,0
2008-09-22,112.36,107.99,109.7695,3.23800210494,116.24550421,103.29349579,0,0,0,0,0
2008-09-23,109.81,107.2,109.421,3.11209338921,115.645186778,103.196813222,0,0,0,0,0
2008-09-24,110.16,108.22,109.1405,2.9419550875,115.024410175,103.256589825,0,0,0,0,0
2008-09-25,111.88,111.61,108.9885,2.71185171734,114.412203435,103.564796565,0,0,0,0,0
2008-09-26,111.94,110.97,108.749,2.25545630813,113.259912616,104.238087384,0,0,0,0,0
2008-09-29,103.17,106.36,108.411,2.06437680159,112.539753603,104.282246397,0,0,0,0,0
2008-09-30,107.44,108.68,108.3435,2.03044531025,112.40439062,104.28260938,0,0,0,0,0
2008-10-01,107.5,102.34,107.962,2.39316042966,112.748320859,103.175679141,0,0,0,0,0
2008-10-02,103.6,97.33,107.4855,3.37249786391,114.230495728,100.740504272,0,0,0,0,0
2008-10-03,102.2,96.12,106.9795,4.22152189444,115.422543789,98.5364562111,0,0,0,0,0
2008-10-06,97.0,93.5,106.205,5.15170641122,116.508412822,95.9015871776,0,0,0,0,0
2008-10-07,92.65,88.88,105.304,6.43877268462,118.181545369,92.4264546308,0,0,0,0,0
2008-10-08,90.32,84.14,104.0265,7.8931544458,119.812808892,88.2401911084,0,0,0,0,0
2008-10-09,84.01,82.7,102.623,9.04283496535,120.708669931,84.5373300693,0,0,0,0,0
2008-10-10,81.97,81.54,101.1725,9.98224997051,121.136999941,81.208000059,0,0,0,0,0
2008-10-13,93.88,85.68,100.1045,10.4529988017,121.010497603,79.1985023967,0,0,0,0,0
2008-10-14,92.49,86.98,99.0615,10.6787936806,120.419087361,77.7039126387,0,0,0,0,0
2008-10-15,83.38,82.04,97.9845,11.2689888749,120.52247775,75.4465222502,0,0,0,0,0
2008-10-16,86.85,85.04,96.888,11.4146413827,119.717282765,74.0587172347,0,0,0,0,0
2008-10-17,86.34,84.36,95.584,11.2737993409,118.131598682,73.0364013182,0,0,0,0,0
2008-10-20,91.52,85.96,94.4825,11.0722958562,116.627091712,72.3379082877,0,0,0,0,0
2008-10-21,88.79,82.57,93.251,10.9524329909,115.155865982,71.3461340181,0,0,0,0,0
2008-10-22,83.96,77.68,91.724,10.884345301,113.492690602,69.955309398,0,0,0,0,0
2008-10-23,84.93,78.38,90.0625,10.2039934778,110.470486956,69.6545130444,0,0,0,0,0
2008-10-24,80.62,76.26,88.327,9.37930089416,107.085601788,69.5683982117,0,0,0,0,0
2008-10-27,77.76,74.02,86.71,8.88126887568,104.472537751,68.9474622486,0,0,0,0,0
2008-10-28,86.85,81.1,85.331,7.28885298896,99.9087059779,70.7532940221,0,0,0,0,0
2008-10-29,86.22,81.96,84.312,6.11602949977,96.5440589995,72.0799410005,0,0,0,0,0
2008-10-30,89.2,84.27,83.659,5.29506115466,94.2491223093,73.0688776907,0,0,0,0,0
2008-10-31,89.69,86.39,83.1725,4.47310074369,92.1187014874,74.2262985126,0,0,0,0,0
2008-11-03,89.95,86.12,82.8035,3.83523316384,90.4739663277,75.1330336723,0,0,0,0,0
2008-11-04,93.01,86.79,82.699,3.68654152575,90.0720830515,75.3259169485,0,0,0,0,0
2008-11-05,89.1,83.58,82.671,3.67713546979,90.0252709396,75.3167290604,0,0,0,0,0
2008-11-06,84.16,79.57,82.5145,3.74187326433,89.9982465287,75.0307534713,0,0,0,0,0
2008-11-07,86.94,80.61,82.468,3.7603535668,89.9887071336,74.9472928664,0,0,0,0,0
2008-11-10,85.8,78.37,82.1025,3.78688717467,89.6762743493,74.5287256507,0,0,0,0,0
2008-11-11,83.15,77.31,81.619,3.74849008198,89.115980164,74.122019836,0,0,0,0,0
2008-11-12,79.49,74.51,81.2425,4.06847944569,89.3794588914,73.1055411086,0,0,0,0,0
2008-11-13,84.45,78.69,80.925,4.00378833764,88.9325766753,72.9174233247,0,0,0,0,0
2008-11-14,80.23,75.06,80.46,4.12215196737,88.7043039347,72.2156960653,0,0,0,0,0
2008-11-17,79.17,72.4,79.782,4.28197273769,88.3459454754,71.2180545246,0,0,0,0,0
2008-11-18,80.66,74.83,79.395,4.36568255952,88.126365119,70.663634881,0,0,0,0,0
2008-11-19,75.49,70.99,79.0605,4.7439129696,88.5483259392,69.5726740608,0,0,0,0,0
2008-11-20,69.89,67.04,78.4935,5.45406200629,89.4016240126,67.5853759874,0,0,0,0,0
2008-11-21,73.66,69.97,78.179,5.76227467878,89.7035493576,66.6544506424,0,0,0,0,0
2008-11-24,78.76,74.65,78.2105,5.74002152481,89.6905430496,66.7304569504,0,0,0,0,0
2008-11-25,79.34,75.36,77.9235,5.73143618908,89.3863723782,66.4606276218,0,0,0,0,0
2008-11-26,82.41,76.32,77.6415,5.66069204901,88.962884098,66.320115902,0,0,0,0,0
2008-11-28,83.45,76.25,77.2405,5.44643048244,88.1333609649,66.3476390351,0,0,0,0,0
2008-12-01,76.05,71.86,76.514,5.12110637717,86.7562127543,66.2717872457,0,0,0,0,0
2008-12-02,78.98,74.61,75.9385,4.60557359706,85.1496471941,66.7273528059,0,0,0,0,0
2008-12-03,80.88,75.38,75.368,3.8324261932,83.0328523864,67.7031476136,0,0,0,0,0
2008-12-04,79.01,72.36,74.807,3.35903353895,81.5250670779,68.0889329221,0,0,0,0,0
2008-12-05,81.45,75.31,74.594,3.17090788925,80.9358157785,68.2521842215,0,0,0,0,0
2008-12-08,84.29,79.3,74.5285,3.05137462552,80.631249251,68.425750749,0,0,0,0,0
2008-12-09,82.9,77.27,74.4735,2.98773858329,80.4489771666,68.4980228334,0,0,0,0,0
2008-12-10,83.46,77.43,74.4795,2.99384891332,80.4671978266,68.4918021734,0,0,0,0,0
2008-12-11,81.45,75.3,74.519,2.99947872664,80.5179574533,68.5200425467,0,0,0,0,0
2008-12-12,82.43,76.81,74.425,2.88932062676,80.2036412535,68.6463587465,0,0,0,0,0
2008-12-15,81.28,77.34,74.539,2.95981311643,80.4586262329,68.6193737671,0,0,0,0,0
2008-12-16,85.1,80.73,74.9555,3.21782122267,81.3911424453,68.5198575547,0,0,0,0,0
2008-12-17,84.28,80.21,75.2245,3.42498478675,82.0744695735,68.3745304265,0,0,0,0,0
2008-12-18,82.71,78.49,75.5995,3.34663928049,82.292778561,68.906221439,0,0,0,0,0
2008-12-19,82.35,78.04,76.1495,2.70905785721,81.5676157144,70.7313842856,0,0,0,0,0
2008-12-22,81.29,76.61,76.4815,2.28567915739,81.0528583148,71.9101416852,0,0,0,0,0
2008-12-23,80.45,75.32,76.515,2.26221247083,81.0394249417,71.9905750583,0,0,0,0,0
2008-12-24,80.92,75.24,76.509,2.26559368309,81.0401873662,71.9778126338,0,0,0,0,0
2008-12-26,81.39,76.0,76.493,2.26812721262,81.0292544252,71.9567455748,0,0,0,0,0
2008-12-29,81.15,75.92,76.4765,2.27118627709,81.0188725542,71.9341274458,0,0,0,0,0
2008-12-30,83.08,78.07,76.787,2.01711649326,80.8212329865,72.7527670135,0,0,0,0,0
2008-12-31,84.26,78.64,76.9885,1.98929576272,80.9670915254,73.0099084746,0,0,0,0,0
2009-01-02,86.8,81.64,77.3015,2.20380597818,81.7091119564,72.8938880436,0,0,0,0,0
2009-01-05,86.7,81.13,77.74,2.03485160457,81.8097032091,73.6702967909,0,0,0,0,0
2009-01-06,87.28,83.38,78.1435,2.30925204341,82.7620040868,73.5249959132,0,0,0,0,0
2009-01-07,84.67,82.03,78.28,2.45715924981,83.1943184996,73.3656815004,0,0,0,0,0
2009-01-08,85.01,81.46,78.4895,2.54361424376,83.5767284875,73.4022715125,0,0,0,0,0
2009-01-09,83.19,79.15,78.5755,2.53496906448,83.645438129,73.505561871,0,0,0,0,0
2009-01-12,81.19,80.09,78.815,2.43346082338,83.6819216468,73.9480783532,0,0,0,0,0
2009-01-13,81.34,79.74,78.9615,2.39428326821,83.7500665364,74.1729334636,0,0,0,0,0
2009-01-14,78.78,77.74,78.9815,2.38166300811,83.7448260162,74.2181739838,0,0,0,0,0
2009-01-15,78.81,78.6,78.875,2.3467278451,83.5684556902,74.1815443098,0,0,0,0,0
2009-01-16,79.43,79.35,78.832,2.32878915906,83.4895783181,74.1744216819,0,0,0,0,0
2009-01-20,75.23,76.6,78.7375,2.38115601072,83.4998120214,73.9751879786,0,0,0,0,0
2009-01-21,78.48,85.43,79.107,2.8031994878,84.7133989756,73.5006010244,0,0,0,0,0
2009-01-22,77.27,84.16,79.4845,2.95357317053,85.3916463411,73.5773536589,0,0,0,0,0
2009-01-23,77.61,83.62,79.8995,2.92055415614,85.7406083123,74.0583916877,0,0,0,0,0
2009-01-26,78.14,85.59,80.417,2.96805642591,86.3531128518,74.4808871482,0,0,0,0,0
2009-01-27,78.93,85.65,80.8995,2.99645487904,86.8924097581,74.9065902419,0,0,0,0,0
2009-01-28,81.6,88.6,81.5335,3.22048749987,87.9744749997,75.0925250003,0,0,0,0,0
2009-01-29,78.95,86.44,81.952,3.28981138477,88.5316227695,75.3723772305,0,0,0,0,0
2009-01-30,77.34,85.64,82.302,3.29126691332,88.8845338266,75.7194661734,0,0,0,0,0
2009-02-02,77.11,84.97,82.4685,3.33988539829,89.1482707966,75.7887292034,0,0,0,0,0
2009-02-03,78.19,87.35,82.7795,3.49469443736,89.7688888747,75.7901111253,0,0,0,0,0
2009-02-04,77.81,86.74,82.9475,3.60413048861,90.1557609772,75.7392390228,0,0,0,0,0
2009-02-05,78.97,86.35,83.1635,3.67500415324,90.5135083065,75.8134916935,0,0,0,0,0
2009-02-06,81.22,90.33,83.607,3.98107642148,91.569152843,75.644847157,0,0,0,0,0
2009-02-09,81.33,90.96,84.1975,4.15716486765,92.5118297353,75.8831702647,0,0,0,0,0
2009-02-10,77.61,87.63,84.5745,4.10664605756,92.7877921151,76.3612078849,0,0,0,0,0
2009-02-11,78.06,89.4,85.0575,4.07607638351,93.209652767,76.905347233,0,0,0,0,0
2009-02-12,78.12,89.32,85.6365,3.79467670768,93.2258534154,78.0471465846,0,0,0,0,0
2009-02-13,77.28,88.16,86.1145,3.44794290312,93.0103858062,79.2186141938,0,0,0,0,0
2009-02-17,73.97,85.19,86.4065,3.07167753756,92.5498550751,80.2631449249,0,0,0,0,0
2009-02-18,73.8,85.98,86.8755,2.03759526739,90.9506905348,82.8003094652,0,0,0,0,0
2009-02-19,73.0,83.55,86.7815,2.1481553286,91.0778106572,82.4851893428,0,0,0,0,0
2009-02-20,72.29,83.42,86.7445,2.20139782148,91.147295643,82.341704357,0,0,0,0,0
2009-02-23,69.71,79.27,86.527,2.68755827354,91.9021165471,81.1518834529,0,0,0,0,0
2009-02-24,72.35,81.17,86.306,2.93866314038,92.1833262808,80.4286737192,0,0,0,0,0
2009-02-25,71.78,80.7,86.0585,3.19416289174,92.4468257835,79.6701742165,0,0,0,0,0
2009-02-26,70.61,83.59,85.808,3.18078209515,92.1695641903,79.4464358097,0,0,0,0,0
2009-02-27,69.03,86.46,85.809,3.18099438276,92.1709887655,79.4470112345,0,0,0,0,0
2009-03-02,65.92,83.66,85.71,3.21713668051,92.144273361,79.275726639,0,0,0,0,0
2009-03-03,65.43,82.46,85.5845,3.29552563494,92.1755512699,78.9934487301,0,0,0,0,0
2009-03-04,66.98,84.08,85.421,3.28442240376,91.9898448075,78.8521551925,0,0,0,0,0
2009-03-05,64.24,82.19,85.1935,3.34526889014,91.8840377803,78.5029622197,0,0,0,0,0
2009-03-06,64.36,80.62,84.907,3.48352075379,91.8740415076,77.9399584924,0,0,0,0,0
2009-03-09,63.6,78.43,84.312,3.52454192619,91.3610838524,77.2629161476,0,0,0,0,0
2009-03-10,67.39,81.97,83.8625,3.18940330172,90.2413066034,77.4836933966,0,0,0,0,0
2009-03-11,67.83,83.26,83.644,3.0649777195,89.773955439,77.514044561,0,0,0,0,0
2009-03-12,70.5,84.93,83.4205,2.7721442869,88.9647885738,77.8762114262,0,0,0,0,0
2009-03-13,71.05,84.89,83.199,2.432077085,88.06315417,78.33484583,0,0,0,0,0
2009-03-16,70.84,85.7,83.076,2.22102252412,87.5180450482,78.6339549518,0,0,0,0,0
2009-03-17,73.0,87.29,83.181,2.37081132016,87.9226226403,78.4393773597,0,0,0,0,0
2009-03-18,74.64,86.39,83.2015,2.39790539079,87.9973107816,78.4056892184,0,0,0,0,0
2009-03-19,73.71,87.06,83.377,2.54847343367,88.4739468673,78.2800531327,0,0,0,0,0
2009-03-20,72.14,86.91,83.5515,2.66824262094,88.8879852419,78.2150147581,0,0,0,0,0
2009-03-23,77.32,92.74,84.225,3.18132792532,90.5876558506,77.8623441494,0,0,0,0,0
2009-03-24,75.8,92.35,84.784,3.57424323974,91.9324864795,77.6355135205,0,0,0,0,0
2009-03-25,76.6,92.03,85.3505,3.78456765938,92.9196353188,77.7813646812,0,0,0,0,0
2009-03-26,78.16,92.81,85.8115,4.10667271516,94.0248454303,77.5981545697,0,0,0,0,0
2009-03-27,76.75,88.46,85.9115,4.14744344208,94.2063868842,77.6166131158,0,0,0,0,0
2009-03-30,74.1,88.8,86.1685,4.15981815772,94.4881363154,77.8488636846,0,0,0,0,0
2009-03-31,74.79,91.03,86.597,4.19891351862,94.9948270372,78.1991729628,0,0,0,0,0
2009-04-01,76.23,91.71,86.9785,4.30350686252,95.585513725,78.371486275,0,0,0,0,0
2009-04-02,78.46,94.72,87.605,4.47821804316,96.5614360863,78.6485639137,0,0,0,0,0
2009-04-03,79.24,96.04,88.376,4.53932802817,97.4546560563,79.2973439437,0,0,0,0,0
2009-04-06,78.62,95.42,89.2255,4.15341644407,97.5323328881,80.9186671119,0,0,0,0,0
2009-04-07,76.79,92.78,89.766,3.85197065081,97.4699413016,82.0620586984,0,0,0,0,0
2009-04-08,77.62,95.07,90.3565,3.70452394129,97.7655478826,82.9474521174,0,0,0,0,0
2009-04-09,80.7,95.55,90.8875,3.64643138453,98.1803627691,83.5946372309,0,0,0,0,0
2009-04-13,80.72,93.9,91.338,3.41574465951,98.169489319,84.506510681,0,0,0,0,0
2009-04-14,79.33,93.27,91.7165,3.16858971618,98.0536794324,85.3793205676,0,0,0,0,0
2009-04-15,80.17,92.87,91.9955,2.99946569803,97.9944313961,85.9965686039,0,0,0,0,0
2009-04-16,81.35,95.3,92.441,2.77647807957,97.9939561591,86.8880438409,0,0,0,0,0
2009-04-17,81.9,95.14,92.845,2.52912404224,97.9032480845,87.7867519155,0,0,0,0,0
2009-04-20,78.46,94.36,93.2175,2.12539500973,97.4682900195,88.9667099805,0,0,0,0,0
2009-04-21,80.0,96.12,93.3865,2.21779946652,97.822098933,88.950901067,0,0,0,0,0
2009-04-22,79.51,96.35,93.5865,2.29830664209,98.1831132842,88.9898867158,0,0,0,0,0
2009-04-23,80.29,95.29,93.7495,2.29770932842,98.3449186568,89.1540813432,0,0,0,0,0
2009-04-24,81.5,94.03,93.8105,2.28762684434,98.3857536887,89.2352463113,0,0,0,0,0
2009-04-27,80.73,93.9,94.0825,1.91024901931,97.9029980386,90.2620019614,0,0,0,0,0
2009-04-28,80.47,95.77,94.431,1.48405170856,97.3991034171,91.4628965829,0,0,0,0,0
2009-04-29,82.19,97.75,94.767,1.43337694752,97.633753895,91.900246105,0,0,0,0,0
2009-04-30,82.21,96.97,95.03,1.32111197183,97.6722239437,92.3877760563,0,0,0,0,0
2009-05-01,82.66,98.28,95.208,1.50427671027,98.2165534205,92.1994465795,0,0,0,0,0
2009-05-04,85.47,99.77,95.3945,1.81250183303,99.0195036661,91.7694963339,0,0,0,0,0
2009-05-05,85.18,99.45,95.596,2.02682640183,99.6496528037,91.5423471963,0,0,0,0,0
2009-05-06,86.65,98.81,95.8975,2.03436754688,99.9662350938,91.8287649062,0,0,0,0,0
2009-05-07,85.45,96.89,95.9885,2.03610896979,100.06071794,91.9162820604,0,0,0,0,0
2009-05-08,87.44,95.85,96.0035,2.03381227463,100.071124549,91.9358754507,0,0,0,0,0
2009-05-11,85.81,97.18,96.1675,1.98697038624,100.141440772,92.1935592275,0,0,0,0,0
2009-05-12,85.55,98.16,96.412,1.91107464946,100.234149299,92.5898507011,0,0,0,0,0
2009-05-13,83.4,96.58,96.5975,1.71964156302,100.036783126,93.158216874,0,0,0,0,0
2009-05-14,84.11,95.43,96.604,1.71471771499,100.03343543,93.17456457,0,0,0,0,0
2009-05-15,83.43,95.74,96.634,1.69286552455,100.019731049,93.2482689509,0,0,0,0,0
2009-05-18,85.8,98.77,96.8545,1.6681078944,100.190715789,93.5182842112,0,0,0,0,0
2009-05-19,85.69,99.65,97.031,1.76994469138,100.570889383,93.4911106172,0,0,0,0,0
2009-05-20,85.12,98.27,97.127,1.78308455389,100.693169108,93.5608308922,0,0,0,0,0
2009-05-21,83.9,97.11,97.218,1.73005202234,100.678104045,93.7578959553,0,0,0,0,0
2009-05-22,83.72,96.23,97.328,1.58012857572,100.488257151,94.1677428486,0,0,0,0,0
2009-05-26,85.86,99.18,97.592,1.40907061569,100.410141231,94.7738587686,0,0,0,0,0
2009-05-27,84.33,97.21,97.664,1.34647063016,100.35694126,94.9710587397,0,0,0,0,0
2009-05-28,85.51,98.87,97.72,1.37325966418,100.466519328,94.9734806716,0,0,0,0,0
2009-05-29,87.02,100.37,97.89,1.48169533057,100.853390661,94.9266093389,0,0,0,0,0
2009-06-01,89.13,102.35,98.0935,1.78626713096,101.666034262,94.5209657381,0,0,0,0,0
2009-06-02,89.2,100.89,98.1495,1.85771924399,101.864938488,94.434061512,0,0,0,0,0
2009-06-03,88.07,100.57,98.2055,1.91498378446,102.035467569,94.3755324311,0,0,0,0,0
2009-06-04,88.9,100.42,98.286,1.97464293908,102.235285878,94.3367141218,0,0,0,0,0
2009-06-05,88.92,101.28,98.5055,2.05370903233,102.612918065,94.3980819353,0,0,0,0,0
2009-06-08,88.55,101.52,98.789,2.05918711606,102.907374232,94.6706257679,0,0,0,0,0
2009-06-09,89.0,102.13,99.0365,2.15104692992,103.33859386,94.7344061402,0,0,0,0,0
2009-06-10,88.78,102.33,99.245,2.26090922558,103.766818451,94.7231815488,0,0,0,0,0
2009-06-11,89.17,103.32,99.582,2.34357486714,104.269149734,94.8948502657,0,0,0,0,0
2009-06-12,89.42,102.2,99.9205,2.19662055032,104.313741101,95.5272588994,0,0,0,0,0
2009-06-15,87.37,101.64,100.2155,1.99231807596,104.200136152,96.2308638481,0,0,0,0,0
2009-06-16,86.18,101.36,100.345,1.9775356807,104.300071361,96.3899286386,0,0,0,0,0
2009-06-17,86.1,101.05,100.415,1.97641754591,104.367835092,96.4621649082,0,0,0,0,0
2009-06-18,86.73,100.42,100.5225,1.91099553829,104.344491077,96.7005089234,0,0,0,0,0
2009-06-19,87.05,100.0,100.667,1.74108889099,104.149177782,97.184822218,0,0,0,0,0
2009-06-22,84.44,98.71,100.791,1.47669224959,103.744384499,97.8376155008,0,0,0,0,0
2009-06-23,84.5,98.64,100.764,1.51220786653,103.788415733,97.7395842669,0,0,0,0,0
2009-06-24,85.23,98.36,100.8215,1.38660613692,103.594712274,98.0482877262,0,0,0,0,0
2009-06-25,87.09,100.17,100.8865,1.31913957204,103.524779144,98.2482208559,0,0,0,0,0
2009-06-26,86.86,99.81,100.8585,1.33650870791,103.531517416,98.1854825842,0,0,0,0,0
2009-06-29,87.67,99.95,100.7385,1.30286435453,103.344228709,98.1327712909,0,0,0,0,0
2009-06-30,86.96,98.62,100.625,1.38524366088,103.395487322,97.8545126782,0,0,0,0,0
2009-07-01,87.32,99.01,100.547,1.43164645739,103.410292915,97.6837070852,0,0,0,0,0
2009-07-02,84.94,96.08,100.33,1.74625614568,103.822512291,96.8374877086,0,0,0,0,0
2009-07-06,84.93,96.0,100.066,1.97871941576,104.023438832,96.1085611685,0,0,0,0,0
2009-07-07,83.28,94.62,99.721,2.2890538151,104.29910763,95.1428923698,0,0,0,0,0
2009-07-08,83.23,95.08,99.3685,2.43662898068,104.241757961,94.4952420386,0,0,0,0,0
2009-07-09,83.39,96.41,99.0725,2.4174363868,103.907372774,94.2376272264,0,0,0,0,0
2009-07-10,83.19,95.23,98.668,2.34506334781,103.358126696,93.9778733044,0,0,0,0,0
2009-07-13,85.21,97.86,98.451,2.19716539875,102.845330798,94.0566692025,0,0,0,0,0
2009-07-14,85.7,97.51,98.2445,2.07219810829,102.388896217,94.1001037834,0,0,0,0,0
2009-07-15,88.2,101.26,98.2395,2.06439101508,102.36828203,94.1107179698,0,0,0,0,0
2009-07-16,88.06,104.49,98.4115,2.42303262571,103.257565251,93.5654347486,0,0,0,0,0
2009-07-17,89.03,109.01,98.841,3.37292142621,105.586842852,92.0951571476,0,0,0,0,0
2009-07-20,89.97,109.97,99.3395,4.19082139292,107.721142786,90.9578572142,0,0,0,0,0
2009-07-21,90.39,110.54,99.931,4.87611892692,109.683237854,90.1787621462,0,0,0,0,0
2009-07-22,90.37,109.15,100.4565,5.27932638745,111.015152775,89.8978472251,0,0,0,0,0
2009-07-23,92.36,110.55,101.066,5.71059993161,112.487199863,89.6448001368,0,0,0,0,0
2009-07-24,92.74,111.1,101.6125,6.12807677824,113.868653556,89.3563464435,0,0,0,0,0
2009-07-27,93.02,111.09,102.1765,6.46335929847,115.103218597,89.2497814031,0,0,0,0,0
2009-07-28,92.58,110.76,102.717,6.71448403003,116.14596806,89.2880319399,0,0,0,0,0
2009-07-29,92.35,110.74,103.323,6.87037890628,117.063757813,89.5822421874,0,0,0,0,0
2009-07-30,93.32,111.31,103.938,7.01301691969,117.964033839,89.9119661606,0,0,0,0,0
2009-07-31,93.45,111.38,104.703,6.94488232631,118.592764653,90.8132353474,0,0,0,0,0
2009-08-03,94.99,113.26,105.566,6.87857497482,119.32314995,91.8088500504,0,0,0,0,0
2009-08-04,95.24,112.95,106.4825,6.55699776856,119.596495537,93.3685044629,0,0,0,0,0
2009-08-05,94.96,111.89,107.323,6.07837157902,119.479743158,95.166256842,0,0,0,0,0
2009-08-06,94.47,111.37,108.071,5.56341423002,119.19782846,96.94417154,0,0,0,0,0
2009-08-07,95.71,113.22,108.9705,4.77669173669,118.523883473,99.4171165266,0,0,0,0,0
2009-08-10,95.51,112.63,109.709,4.05592471123,117.820849422,101.597150578,0,0,0,0,0
2009-08-11,94.32,111.76,110.4215,2.88186576078,116.185231522,104.657768478,0,0,0,0,0
2009-08-12,95.33,113.19,111.018,1.97900985344,114.976019707,107.059980293,0,0,0,0,0
2009-08-13,96.06,113.46,111.4665,1.33256094953,114.131621899,108.801378101,0,0,0,0,0
2009-08-14,95.32,112.5,111.641,1.21749051655,114.075981033,109.206018967,0,0,0,0,0
2009-08-17,92.98,110.88,111.6865,1.1677430999,114.0219862,109.3510138,0,0,0,0,0
2009-08-18,93.72,111.61,111.74,1.13654601407,114.013092028,109.466907972,0,0,0,0,0
2009-08-19,94.54,112.5,111.9075,0.969301837735,113.846103675,109.968896325,0,0,0,0,0
2009-08-20,95.51,112.86,112.023,0.93608985174,113.895179703,110.150820297,0,0,0,0,0
2009-08-21,97.39,113.76,112.156,0.985699858238,114.127399716,110.184600284,0,0,0,0,0
2009-08-24,97.38,113.21,112.262,0.978998414065,114.219996828,110.304003172,0,0,0,0,0
2009-08-25,97.57,112.75,112.3615,0.917503907924,114.196507816,110.526492184,0,0,0,0,0
2009-08-26,97.58,113.36,112.4925,0.858976594255,114.210453189,110.774546811,0,0,0,0,0
2009-08-27,97.79,113.32,112.593,0.830453902522,114.253907805,110.932092195,0,0,0,0,0
2009-08-28,97.77,112.17,112.6325,0.787393267624,114.207286535,111.057713465,0,0,0,0,0
2009-08-31,96.9,112.01,112.57,0.784568268811,114.139136538,111.000863462,0,0,0,0,0
2009-09-01,94.77,110.72,112.4585,0.880336508629,114.219173017,110.697826983,0,0,0,0,0
2009-09-02,94.41,110.15,112.3715,1.01513429239,114.401768585,110.341231415,0,0,0,0,0
2009-09-03,95.19,110.38,112.322,1.08805766101,114.498115322,110.145884678,0,0,0,0,0
2009-09-04,96.53,111.45,112.2335,1.08314490939,114.399789819,110.067210181,0,0,0,0,0
2009-09-08,97.36,111.16,112.16,1.1044884503,114.368976901,109.951023099,0,0,0,0,0
2009-09-09,98.1,110.79,112.1115,1.14358289691,114.398665794,109.824334206,0,0,0,0,0
2009-09-10,99.11,111.65,112.0345,1.11871860438,114.271937209,109.797062791,0,0,0,0,0
2009-09-11,99.09,112.01,111.962,1.06727690877,114.096553818,109.827446182,0,0,0,0,0
2009-09-14,99.57,112.8,111.977,1.07729730051,114.131594601,109.822405399,0,0,0,0,0
2009-09-15,99.99,113.24,112.095,1.08006091446,114.255121829,109.934878171,0,0,0,0,0
2009-09-16,101.5,115.59,112.294,1.32490079073,114.943801581,109.644198419,0,0,0,0,0
2009-09-17,101.35,115.64,112.451,1.52198243299,115.494964866,109.407035134,0,0,0,0,0
2009-09-18,101.41,115.86,112.601,1.70164285943,116.004285719,109.197714281,0,0,0,0,0
2009-09-21,101.16,115.35,112.6805,1.79331353116,116.267127062,109.093872938,0,0,0,0,0
2009-09-22,101.75,115.39,112.7895,1.89079341464,116.571086829,109.007913171,0,0,0,0,0
2009-09-23,100.9,114.64,112.884,1.93541889931,116.754837799,109.013162201,0,0,0,0,0
2009-09-24,99.79,114.75,112.9535,1.97790233115,116.909304662,108.997695338,0,0,0,0,0
2009-09-25,99.26,114.88,113.0315,2.02335384683,117.078207694,108.984792306,0,0,0,0,0
2009-09-28,101.03,113.22,113.084,2.01342180589,117.110843612,109.057156388,0,0,0,0,0
2009-09-29,100.73,112.73,113.12,1.99959732789,117.119194656,109.120805344,0,0,0,0,0
2009-09-30,100.34,113.49,113.2585,1.91891766369,117.096335327,109.420664673,0,0,0,0,0
2009-10-01,97.85,111.87,113.3445,1.80758482366,116.959669647,109.729330353,0,0,0,0,0
2009-10-02,97.39,112.93,113.472,1.67234974937,116.816699499,110.127300501,0,0,0,0,0
2009-10-05,98.85,113.62,113.5805,1.60322528541,116.786950571,110.374049429,0,0,0,0,0
2009-10-06,100.26,115.14,113.7795,1.53241287208,116.844325744,110.714674256,0,0,0,0,0
2009-10-07,100.54,116.5,114.065,1.47704007001,117.01908014,111.11091986,0,0,0,0,0
2009-10-08,101.31,116.03,114.284,1.42387684269,117.131753685,111.436246315,0,0,0,0,0
2009-10-09,101.93,119.49,114.658,1.74197286824,118.141945736,111.174054264,0,0,0,0,0
2009-10-12,102.33,120.54,115.045,2.12510433181,119.295208664,110.794791336,0,0,0,0,0
2009-10-13,102.12,120.52,115.409,2.40474290124,120.218485802,110.599514198,0,0,0,0,0
2009-10-14,103.87,121.78,115.7185,2.79580564606,121.310111292,110.126888708,0,0,0,0,0
2009-10-15,104.25,121.43,116.008,3.07325406147,122.154508123,109.861491877,0,0,0,0,0
2009-10-16,103.48,115.42,115.986,3.07594298763,122.137885975,109.834114025,0,0,0,0,0
2009-10-19,104.33,116.76,116.0565,3.07675713596,122.210014272,109.902985728,0,0,0,0,0
2009-10-20,103.78,116.54,116.114,3.07439065422,122.262781308,109.965218692,0,0,0,0,0
2009-10-21,102.85,114.68,116.116,3.07339414637,122.262788293,109.969211707,0,0,0,0,0
2009-10-22,103.89,116.41,116.199,3.05693327579,122.312866552,110.085133448,0,0,0,0,0
2009-10-23,102.71,114.2,116.165,3.0760971513,122.317194303,110.012805697,0,0,0,0,0
2009-10-26,101.59,113.96,116.202,3.04308292431,122.288165849,110.115834151,0,0,0,0,0
2009-10-27,101.13,114.48,116.2895,2.9620769296,122.213653859,110.365346141,0,0,0,0,0
2009-10-28,99.22,115.28,116.379,2.89941718282,122.177834366,110.580165634,0,0,0,0,0
2009-10-29,101.35,116.58,116.6145,2.69820500762,122.010910015,111.218089985,0,0,0,0,0
2009-10-30,98.41,114.44,116.69,2.60934353511,121.90868707,111.47131293,0,0,0,0,0
2009-11-02,99.13,114.39,116.7285,2.56699963094,121.862499262,111.594500738,0,0,0,0,0
2009-11-03,99.45,114.96,116.7195,2.57317022367,121.865840447,111.573159553,0,0,0,0,0
2009-11-04,99.7,115.08,116.6485,2.59900643972,121.846512879,111.450487121,0,0,0,0,0
2009-11-05,101.54,116.8,116.687,2.59506231545,121.877124631,111.496875369,0,0,0,0,0
2009-11-06,101.8,117.7,116.5975,2.52317443125,121.643848863,111.551151137,0,0,0,0,0
2009-11-09,104.12,120.09,116.575,2.48792769399,121.550855388,111.599144612,0,0,0,0,0
2009-11-10,104.14,120.96,116.597,2.52629768634,121.649595373,111.544404627,0,0,0,0,0
2009-11-11,104.67,121.22,116.569,2.46826574531,121.505531491,111.632468509,0,0,0,0,0
2009-11-12,103.61,120.34,116.5145,2.36516489911,121.244829798,111.784170202,0,0,0,0,0
2009-11-13,104.17,121.07,116.797,2.55718410098,121.911368202,111.682631798,0,0,0,0,0
2009-11-16,105.68,122.2,117.069,2.8280175314,122.725035063,111.412964937,0,0,0,0,0
2009-11-17,105.8,122.6,117.372,3.0816256817,123.535251363,111.208748637,0,0,0,0,0
2009-11-18,105.74,122.14,117.745,3.18827044353,124.121540887,111.368459113,0,0,0,0,0
2009-11-19,104.36,121.56,118.0025,3.2813842955,124.565268591,111.439731409,0,0,0,0,0
2009-11-20,103.99,121.0,118.3425,3.21833705834,124.779174117,111.905825883,0,0,0,0,0
2009-11-23,105.31,122.19,118.754,3.15399896539,125.061997931,112.446002069,0,0,0,0,0
2009-11-24,105.47,121.93,119.1265,3.06122829665,125.248956593,113.004043407,0,0,0,0,0
2009-11-25,105.84,121.31,119.428,2.95764237545,125.343284751,113.512715249,0,0,0,0,0
2009-11-27,104.12,119.8,119.589,2.88110158026,125.351203161,113.826796839,0,0,0,0,0
2009-11-30,104.47,120.42,119.888,2.61679313584,125.121586272,114.654413728,0,0,0,0,0
2009-12-01,105.77,121.94,120.2655,2.30830417361,124.882108347,115.648891653,0,0,0,0,0
2009-12-02,105.72,121.24,120.5795,1.94755575557,124.474611511,116.684388489,0,0,0,0,0
2009-12-03,104.89,121.57,120.904,1.46354076778,123.831081536,117.976918464,0,0,0,0,0
2009-12-04,105.49,121.28,121.128,1.10005071654,123.328101433,118.927898567,0,0,0,0,0
2009-12-07,105.33,121.08,121.297,0.749456645286,122.795913291,119.798086709,0,0,0,0,0
2009-12-08,104.16,120.85,121.335,0.702855079774,122.74071016,119.92928984,0,0,0,0,0
2009-12-09,104.55,122.37,121.4055,0.733316008571,122.872132017,119.938867983,0,0,0,0,0
2009-12-10,105.14,123.27,121.508,0.841337281391,123.190674563,119.825325437,0,0,0,0,0
2009-12-11,105.59,123.6,121.671,0.91565277262,123.502305545,119.839694455,0,0,0,0,0
2009-12-14,106.31,123.83,121.809,1.02210258008,123.85320516,119.76479484,0,0,0,0,0
2009-12-15,105.81,122.46,121.822,1.02896780166,123.879935603,119.764064397,0,0,0,0,0
2009-12-16,105.97,122.67,121.8255,1.03186838716,123.889236774,119.761763226,0,0,0,0,0
2009-12-17,104.7,121.42,121.7895,1.03287781415,123.855255628,119.723744372,0,0,0,0,0
2009-12-18,105.29,121.91,121.807,1.03174915352,123.870498307,119.743501693,0,0,0,0,0
2009-12-21,106.36,122.61,121.8875,1.02827333557,123.944046671,119.830953329,0,0,0,0,0
2009-12-22,106.75,123.83,121.9695,1.11536859615,124.200237192,119.738762808,0,0,0,0,0
2009-12-23,106.96,123.9,122.068,1.19578470162,124.459569403,119.676430597,0,0,0,0,0
2009-12-24,107.46,124.44,122.2245,1.29228673289,124.809073466,119.639926534,0,0,0,0,0
2009-12-28,107.69,126.1,122.5395,1.43062178238,125.400743565,119.678256435,0,0,0,0,0
2009-12-29,107.54,125.66,122.8015,1.50016235964,125.801824719,119.801175281,0,0,0,0,0
2009-12-30,107.5,126.35,123.022,1.68017104393,126.382342088,119.661657912,0,0,0,0,0
2009-12-31,106.47,124.76,123.198,1.66799785435,126.533995709,119.862004291,0,0,0,0,0
